{"type":"FeatureCollection","name":"herault_geologie_pentes","crs":{"type":"name","properties":{"name":"urn:ogc:def:crs:OGC:1.3:CRS84"}},"features":[{"type":"Feature","properties":{"MI_PRINX":3659539.0,"CARTE":264,"CODE":50,"CODE_LEG":50,"NOTATION":"Fy","DESCR":"Blocs, galets et graviers de calcaires siliceux, de grès, de quartz, de lydiennes, de porphyrites et de débris basaltiques (Terrasses glaciaires Würm)","C_FOND":10,"M_FOND":0,"J_FOND":10,"N_FOND":0,"NOM_SYMB":null,"C_SYMB":-1,"M_SYMB":-1,"J_SYMB":-1,"N_SYMB":-1,"ROT_SYMB":0,"score_potentiel":70,"niveau_potentiel":"Très élevé 🌟","pente_degres":16.2,"type_affleurement":"Affleurement Moyen (Escarpement) 🟠","score_relieffiltered":78.7},"geometry":{"type":"Polygon","coordinates":[[[3.7756,43.838],[3.7755,43.8381],[3.7753,43.8383],[3.7751,43.8384],[3.775,43.8387],[3.7749,43.839],[3.7748,43.8393],[3.7747,43.8396],[3.7746,43.8399],[3.7746,43.8402],[3.7745,43.8406],[3.7745,43.8409],[3.7745,43.8411],[3.7745,43.8413],[3.7744,43.8417],[3.7741,43.8422],[3.774,43.8424],[3.7739,43.8426],[3.7737,43.8428],[3.7735,43.843],[3.7734,43.8431],[3.7734,43.8433],[3.7734,43.8435],[3.7736,43.8439],[3.7737,43.8443],[3.7738,43.8447],[3.7738,43.845],[3.7738,43.8455],[3.7738,43.846],[3.7737,43.8463],[3.7737,43.8465],[3.7736,43.8467],[3.7736,43.8469],[3.7736,43.847],[3.7736,43.8471],[3.7737,43.8471],[3.7738,43.8471],[3.774,43.847],[3.7742,43.8469],[3.7745,43.8466],[3.7749,43.8463],[3.7752,43.846],[3.7754,43.8459],[3.7755,43.8458],[3.7757,43.8458],[3.776,43.8455],[3.7765,43.8452],[3.7771,43.8449],[3.7774,43.8447],[3.7776,43.8445],[3.7777,43.8443],[3.7778,43.8441],[3.7779,43.8439],[3.7782,43.8436],[3.7785,43.8434],[3.7791,43.8432],[3.7791,43.8431],[3.7792,43.8425],[3.7792,43.8422],[3.7793,43.842],[3.7795,43.8418],[3.7797,43.8415],[3.7799,43.8412],[3.7802,43.841],[3.7805,43.8408],[3.7809,43.8405],[3.7812,43.8403],[3.7814,43.8402],[3.7815,43.84],[3.7814,43.8399],[3.7814,43.8398],[3.7813,43.8396],[3.781,43.8393],[3.7806,43.8391],[3.7802,43.8389],[3.78,43.8387],[3.7798,43.8385],[3.7798,43.8383],[3.7797,43.8381],[3.7796,43.8379],[3.7794,43.8378],[3.7793,43.8377],[3.7792,43.8377],[3.7788,43.8377],[3.7784,43.8378],[3.778,43.838],[3.7778,43.838],[3.7775,43.8379],[3.7772,43.8378],[3.7768,43.8377],[3.7766,43.8377],[3.7764,43.8377],[3.7761,43.8378],[3.7758,43.8379],[3.7756,43.838]]]}},{"type":"Feature","properties":{"MI_PRINX":3669915.0,"CARTE":264,"CODE":50,"CODE_LEG":50,"NOTATION":"Fy","DESCR":"Blocs, galets et graviers de calcaires siliceux, de grès, de quartz, de lydiennes, de porphyrites et de débris basaltiques (Terrasses glaciaires Würm)","C_FOND":10,"M_FOND":0,"J_FOND":10,"N_FOND":0,"NOM_SYMB":null,"C_SYMB":-1,"M_SYMB":-1,"J_SYMB":-1,"N_SYMB":-1,"ROT_SYMB":0,"score_potentiel":70,"niveau_potentiel":"Très élevé 🌟","pente_degres":16.7,"type_affleurement":"Affleurement Moyen (Escarpement) 🟠","score_relieffiltered":79.4},"geometry":{"type":"Polygon","coordinates":[[[3.0353,43.5758],[3.0347,43.5753],[3.0346,43.5749],[3.0345,43.5744],[3.0338,43.5739],[3.0324,43.5736],[3.0301,43.5728],[3.0299,43.5728],[3.0297,43.5737],[3.0298,43.5743],[3.0301,43.5748],[3.0307,43.5752],[3.0315,43.5754],[3.0316,43.5754],[3.0326,43.5756],[3.0331,43.5758],[3.0334,43.5758],[3.0337,43.5758],[3.0342,43.5759],[3.0353,43.5758],[3.0353,43.5758]]]}},{"type":"Feature","properties":{"MI_PRINX":3659724.0,"CARTE":264,"CODE":50,"CODE_LEG":50,"NOTATION":"Fy","DESCR":"Blocs, galets et graviers de calcaires siliceux, de grès, de quartz, de lydiennes, de porphyrites et de débris basaltiques (Terrasses glaciaires Würm)","C_FOND":10,"M_FOND":0,"J_FOND":10,"N_FOND":0,"NOM_SYMB":null,"C_SYMB":-1,"M_SYMB":-1,"J_SYMB":-1,"N_SYMB":-1,"ROT_SYMB":0,"score_potentiel":70,"niveau_potentiel":"Très élevé 🌟","pente_degres":20.5,"type_affleurement":"Affleurement Moyen (Escarpement) 🟠","score_relieffiltered":84.7},"geometry":{"type":"Polygon","coordinates":[[[3.6839,43.8353],[3.6842,43.8355],[3.6845,43.8356],[3.6848,43.8356],[3.685,43.8355],[3.6853,43.8355],[3.6855,43.8353],[3.6859,43.835],[3.6865,43.8348],[3.6873,43.8347],[3.688,43.8345],[3.6884,43.8343],[3.6886,43.8342],[3.6889,43.8341],[3.6891,43.8342],[3.6894,43.8343],[3.6895,43.8345],[3.6895,43.8347],[3.6894,43.8349],[3.6896,43.8348],[3.6898,43.8347],[3.69,43.8345],[3.6901,43.8342],[3.6901,43.834],[3.69,43.8337],[3.6897,43.8335],[3.6893,43.8333],[3.6889,43.8332],[3.6885,43.8331],[3.6883,43.8329],[3.6882,43.833],[3.6878,43.8331],[3.6874,43.8331],[3.6871,43.8332],[3.687,43.8334],[3.6867,43.8337],[3.6867,43.8337],[3.6864,43.8339],[3.6861,43.8339],[3.6857,43.8339],[3.6857,43.834],[3.6854,43.834],[3.6852,43.834],[3.685,43.8339],[3.6849,43.8337],[3.685,43.8335],[3.6851,43.8333],[3.6853,43.8331],[3.6856,43.8328],[3.686,43.8324],[3.6864,43.8322],[3.6868,43.8321],[3.6873,43.832],[3.6877,43.832],[3.6877,43.8318],[3.6877,43.8314],[3.6878,43.831],[3.6877,43.8311],[3.6875,43.8311],[3.6872,43.8311],[3.6868,43.8311],[3.6865,43.8311],[3.6861,43.8311],[3.6857,43.8311],[3.6854,43.8312],[3.6851,43.8313],[3.6848,43.8314],[3.6845,43.8315],[3.6842,43.8316],[3.6839,43.8318],[3.6836,43.8321],[3.6834,43.8323],[3.6833,43.8325],[3.6832,43.8327],[3.6831,43.8329],[3.683,43.8331],[3.683,43.8333],[3.683,43.8335],[3.683,43.8337],[3.683,43.834],[3.6831,43.8343],[3.6832,43.8345],[3.6834,43.8348],[3.6836,43.835],[3.6839,43.8353]]]}},{"type":"Feature","properties":{"MI_PRINX":3670148.0,"CARTE":264,"CODE":3312,"CODE_LEG":420,"NOTATION":"h2EC©","DESCR":"Calcaires noduleux et lydiennes vertes du Pic de Vissou - Ecailles de Cabrières (Viséen)","C_FOND":60,"M_FOND":40,"J_FOND":70,"N_FOND":0,"NOM_SYMB":null,"C_SYMB":-1,"M_SYMB":-1,"J_SYMB":-1,"N_SYMB":-1,"ROT_SYMB":0,"score_potentiel":70,"niveau_potentiel":"Très élevé 🌟","pente_degres":31.8,"type_affleurement":"Affleurement Fort (Falaise / Ravine) 🔴","score_relieffiltered":100.0},"geometry":{"type":"Polygon","coordinates":[[[3.3549,43.57],[3.3557,43.57],[3.3565,43.57],[3.3567,43.57],[3.3572,43.5698],[3.3573,43.5697],[3.3571,43.5695],[3.3565,43.5695],[3.3562,43.5696],[3.3556,43.5697],[3.3554,43.5697],[3.3548,43.5697],[3.3547,43.5697],[3.3543,43.5697],[3.3532,43.5696],[3.353,43.5696],[3.3519,43.5696],[3.3512,43.5697],[3.3511,43.5697],[3.3511,43.5698],[3.3513,43.57],[3.3515,43.5699],[3.3518,43.57],[3.3526,43.57],[3.3536,43.57],[3.3541,43.57],[3.3549,43.57]]]}},{"type":"Feature","properties":{"MI_PRINX":3660102.0,"CARTE":264,"CODE":50,"CODE_LEG":50,"NOTATION":"Fy","DESCR":"Blocs, galets et graviers de calcaires siliceux, de grès, de quartz, de lydiennes, de porphyrites et de débris basaltiques (Terrasses glaciaires Würm)","C_FOND":10,"M_FOND":0,"J_FOND":10,"N_FOND":0,"NOM_SYMB":null,"C_SYMB":-1,"M_SYMB":-1,"J_SYMB":-1,"N_SYMB":-1,"ROT_SYMB":0,"score_potentiel":70,"niveau_potentiel":"Très élevé 🌟","pente_degres":19.2,"type_affleurement":"Affleurement Moyen (Escarpement) 🟠","score_relieffiltered":82.9},"geometry":{"type":"Polygon","coordinates":[[[3.7502,43.8109],[3.7509,43.811],[3.7512,43.8109],[3.7514,43.8108],[3.7517,43.8107],[3.7519,43.8107],[3.7522,43.8107],[3.7525,43.8108],[3.7527,43.8108],[3.7529,43.8109],[3.7533,43.8109],[3.7536,43.8109],[3.754,43.8109],[3.7543,43.8108],[3.7545,43.8106],[3.7547,43.8104],[3.7549,43.81],[3.755,43.8096],[3.7551,43.8094],[3.7551,43.8093],[3.7548,43.8093],[3.7544,43.8092],[3.754,43.8091],[3.7535,43.8092],[3.7532,43.8092],[3.7529,43.8092],[3.7525,43.809],[3.7522,43.8088],[3.7521,43.8085],[3.752,43.8083],[3.7524,43.8081],[3.7529,43.808],[3.7529,43.808],[3.7532,43.8078],[3.7535,43.8077],[3.7536,43.8076],[3.7535,43.8076],[3.7533,43.8076],[3.7532,43.8074],[3.753,43.8072],[3.7528,43.8068],[3.7526,43.8064],[3.7523,43.8061],[3.752,43.8058],[3.7517,43.8058],[3.7515,43.8057],[3.7513,43.8057],[3.7507,43.8059],[3.7502,43.806],[3.7498,43.806],[3.7496,43.8061],[3.7495,43.8062],[3.7495,43.8064],[3.7494,43.8067],[3.7493,43.8068],[3.749,43.807],[3.7485,43.8071],[3.748,43.8072],[3.7473,43.8072],[3.7468,43.8072],[3.7465,43.8073],[3.7464,43.8074],[3.7461,43.8075],[3.7461,43.8076],[3.7461,43.8077],[3.7465,43.808],[3.7468,43.8083],[3.7468,43.8084],[3.7468,43.8085],[3.7468,43.8088],[3.7466,43.8089],[3.7463,43.8091],[3.7461,43.8092],[3.7459,43.8096],[3.7464,43.8093],[3.7467,43.8092],[3.7469,43.8091],[3.7474,43.8089],[3.7478,43.8089],[3.7482,43.809],[3.7484,43.809],[3.7485,43.8092],[3.7485,43.8094],[3.7487,43.8096],[3.7488,43.8097],[3.7491,43.8098],[3.7493,43.8099],[3.7494,43.8102],[3.7495,43.8105],[3.7497,43.8107],[3.7499,43.8107],[3.7502,43.8109]]]}},{"type":"Feature","properties":{"MI_PRINX":3660065.0,"CARTE":264,"CODE":50,"CODE_LEG":50,"NOTATION":"Fy","DESCR":"Blocs, galets et graviers de calcaires siliceux, de grès, de quartz, de lydiennes, de porphyrites et de débris basaltiques (Terrasses glaciaires Würm)","C_FOND":10,"M_FOND":0,"J_FOND":10,"N_FOND":0,"NOM_SYMB":null,"C_SYMB":-1,"M_SYMB":-1,"J_SYMB":-1,"N_SYMB":-1,"ROT_SYMB":0,"score_potentiel":70,"niveau_potentiel":"Très élevé 🌟","pente_degres":33.6,"type_affleurement":"Affleurement Fort (Falaise / Ravine) 🔴","score_relieffiltered":100.0},"geometry":{"type":"Polygon","coordinates":[[[3.7834,43.8094],[3.7837,43.8095],[3.7841,43.8095],[3.7848,43.8097],[3.7855,43.8098],[3.786,43.81],[3.7863,43.8102],[3.7866,43.8105],[3.7869,43.8108],[3.7871,43.8111],[3.7873,43.8113],[3.7877,43.8116],[3.788,43.8118],[3.7882,43.8119],[3.7883,43.812],[3.7884,43.8121],[3.7884,43.8123],[3.7884,43.8123],[3.7885,43.8123],[3.7887,43.8122],[3.7888,43.8121],[3.7889,43.8119],[3.789,43.8118],[3.7891,43.8117],[3.7892,43.8116],[3.7894,43.8116],[3.7895,43.8115],[3.7894,43.8114],[3.7894,43.8114],[3.7892,43.8113],[3.789,43.8112],[3.7888,43.8111],[3.7886,43.811],[3.7886,43.8109],[3.7884,43.8106],[3.788,43.8102],[3.7877,43.8098],[3.7875,43.8095],[3.7872,43.8093],[3.7868,43.8091],[3.7865,43.8088],[3.7863,43.8086],[3.7861,43.8085],[3.7861,43.8084],[3.7861,43.808],[3.7862,43.8075],[3.7863,43.8072],[3.7862,43.8071],[3.7861,43.8068],[3.7857,43.8064],[3.7855,43.8062],[3.7854,43.8061],[3.7853,43.8059],[3.7852,43.8057],[3.7851,43.8055],[3.7851,43.8054],[3.7852,43.8053],[3.7854,43.8053],[3.7857,43.8053],[3.786,43.8054],[3.7863,43.8055],[3.7864,43.8055],[3.7866,43.8054],[3.7869,43.8053],[3.7872,43.8052],[3.7876,43.805],[3.7879,43.8049],[3.7883,43.8048],[3.7888,43.8047],[3.7893,43.8044],[3.7897,43.8042],[3.79,43.8042],[3.7902,43.8042],[3.7904,43.8043],[3.7906,43.8045],[3.7906,43.8049],[3.7906,43.8053],[3.7907,43.8055],[3.7908,43.8055],[3.791,43.8056],[3.7912,43.8056],[3.7915,43.8055],[3.7919,43.8054],[3.7921,43.8054],[3.7923,43.8054],[3.7925,43.8055],[3.7927,43.8057],[3.7931,43.8059],[3.7934,43.8062],[3.7936,43.8064],[3.7937,43.8064],[3.7939,43.8064],[3.794,43.8063],[3.794,43.8061],[3.794,43.8058],[3.7939,43.8055],[3.7938,43.8052],[3.7937,43.8049],[3.7937,43.8047],[3.7937,43.8045],[3.7939,43.8043],[3.794,43.8042],[3.7941,43.8041],[3.7942,43.8041],[3.7944,43.8041],[3.7947,43.8041],[3.795,43.8041],[3.7954,43.8041],[3.7957,43.8039],[3.796,43.8038],[3.7962,43.8037],[3.7963,43.8036],[3.7962,43.8035],[3.7962,43.8033],[3.7961,43.8031],[3.7957,43.8031],[3.7953,43.8033],[3.795,43.8034],[3.7948,43.8034],[3.7946,43.8034],[3.7944,43.8033],[3.7942,43.8032],[3.794,43.8031],[3.7939,43.803],[3.7937,43.8031],[3.7934,43.8033],[3.793,43.8034],[3.7926,43.8035],[3.792,43.8035],[3.7912,43.8035],[3.7905,43.8035],[3.7902,43.8036],[3.7897,43.8037],[3.789,43.8038],[3.7882,43.804],[3.7875,43.8042],[3.7867,43.8044],[3.7856,43.8045],[3.7847,43.8046],[3.7844,43.8046],[3.7842,43.8047],[3.7839,43.8048],[3.7835,43.805],[3.7833,43.8051],[3.7831,43.8051],[3.7828,43.8051],[3.7827,43.805],[3.7828,43.8049],[3.783,43.8048],[3.7835,43.8045],[3.7841,43.8043],[3.7845,43.8042],[3.7847,43.8041],[3.7849,43.8041],[3.7852,43.804],[3.7857,43.8037],[3.7864,43.8032],[3.787,43.8029],[3.7875,43.8026],[3.788,43.8024],[3.7884,43.8022],[3.7888,43.8022],[3.7892,43.8021],[3.79,43.802],[3.7909,43.8017],[3.7915,43.8015],[3.7915,43.8015],[3.7918,43.8014],[3.7921,43.8012],[3.7927,43.8009],[3.7931,43.8007],[3.7933,43.8007],[3.7935,43.8006],[3.7937,43.8006],[3.7939,43.8007],[3.7942,43.8007],[3.7943,43.8008],[3.7944,43.8007],[3.7943,43.8005],[3.7943,43.8002],[3.7942,43.7998],[3.7943,43.7995],[3.7944,43.7993],[3.7946,43.7991],[3.7949,43.7988],[3.7951,43.7986],[3.7954,43.7984],[3.7956,43.7983],[3.7959,43.7983],[3.7962,43.7982],[3.7968,43.7981],[3.7975,43.7981],[3.7982,43.798],[3.7987,43.798],[3.7989,43.7979],[3.7991,43.7978],[3.7992,43.7977],[3.7992,43.7976],[3.7993,43.7975],[3.799,43.7973],[3.7986,43.7972],[3.7981,43.7972],[3.7978,43.7971],[3.7975,43.797],[3.7973,43.7969],[3.7971,43.7967],[3.797,43.7965],[3.797,43.7963],[3.797,43.7962],[3.7972,43.796],[3.7977,43.7956],[3.7983,43.7952],[3.7988,43.7948],[3.7991,43.7945],[3.7993,43.7943],[3.7996,43.794],[3.7999,43.7936],[3.8002,43.7932],[3.8004,43.7928],[3.8004,43.7926],[3.8004,43.7924],[3.8004,43.7921],[3.8004,43.7919],[3.8003,43.7918],[3.8003,43.7917],[3.8001,43.7918],[3.7999,43.7918],[3.7998,43.7921],[3.7996,43.7924],[3.7995,43.7925],[3.7994,43.7925],[3.7992,43.7924],[3.7991,43.7922],[3.7989,43.7922],[3.7989,43.7922],[3.7988,43.7924],[3.7989,43.7926],[3.7989,43.7928],[3.7989,43.7932],[3.7989,43.7935],[3.7988,43.7938],[3.7986,43.794],[3.7984,43.7943],[3.7982,43.7945],[3.7979,43.7946],[3.7977,43.7947],[3.7975,43.7947],[3.7974,43.7946],[3.7973,43.7946],[3.7972,43.7945],[3.7971,43.7943],[3.797,43.7942],[3.7969,43.794],[3.7968,43.7938],[3.7966,43.7935],[3.7965,43.7933],[3.7963,43.7931],[3.796,43.7928],[3.7957,43.7926],[3.7955,43.7925],[3.7954,43.7924],[3.7952,43.7924],[3.7951,43.7924],[3.795,43.7925],[3.795,43.7926],[3.7949,43.7927],[3.7949,43.7929],[3.795,43.7932],[3.7952,43.7934],[3.7954,43.7937],[3.7956,43.7939],[3.796,43.7942],[3.7963,43.7944],[3.7965,43.7947],[3.7965,43.7949],[3.7966,43.7951],[3.7966,43.7953],[3.7965,43.7954],[3.7963,43.7956],[3.796,43.7956],[3.7956,43.7957],[3.7953,43.7958],[3.7951,43.7958],[3.7949,43.796],[3.7948,43.7961],[3.7948,43.7967],[3.7948,43.7974],[3.7947,43.7978],[3.7946,43.7981],[3.7944,43.7983],[3.7943,43.7986],[3.7941,43.7988],[3.7938,43.7991],[3.7934,43.7994],[3.793,43.7996],[3.7926,43.7999],[3.7922,43.8001],[3.7917,43.8002],[3.7914,43.8003],[3.7912,43.8004],[3.7906,43.8005],[3.7906,43.8006],[3.7899,43.8007],[3.7894,43.8007],[3.7889,43.8008],[3.7886,43.8007],[3.7883,43.8006],[3.7881,43.8005],[3.7881,43.8002],[3.7881,43.7996],[3.7881,43.7991],[3.7882,43.7986],[3.7883,43.7983],[3.7884,43.7979],[3.7886,43.7976],[3.7889,43.7972],[3.7892,43.7968],[3.7894,43.7964],[3.7896,43.7961],[3.7896,43.796],[3.7896,43.7958],[3.7896,43.7956],[3.7894,43.7954],[3.7893,43.7954],[3.7891,43.7955],[3.7888,43.7956],[3.7884,43.7958],[3.788,43.7961],[3.7877,43.7963],[3.7875,43.7966],[3.7873,43.7969],[3.7872,43.7972],[3.7871,43.7975],[3.7871,43.7978],[3.7871,43.7982],[3.7872,43.7985],[3.7872,43.7988],[3.7871,43.7991],[3.787,43.7994],[3.7868,43.7997],[3.7866,43.8],[3.7865,43.8001],[3.7863,43.8002],[3.7858,43.8004],[3.7857,43.8006],[3.7859,43.8009],[3.7861,43.8013],[3.7861,43.8016],[3.7861,43.8018],[3.786,43.8022],[3.7857,43.8025],[3.7855,43.8028],[3.7852,43.803],[3.7849,43.8032],[3.7846,43.8034],[3.7846,43.8034],[3.7842,43.8036],[3.7836,43.8039],[3.7829,43.8042],[3.7824,43.8043],[3.7819,43.8045],[3.7812,43.8046],[3.7806,43.8047],[3.7801,43.8046],[3.7798,43.8046],[3.7796,43.8045],[3.7793,43.8043],[3.779,43.8041],[3.7789,43.8041],[3.7787,43.804],[3.7784,43.8041],[3.7781,43.8041],[3.7779,43.8042],[3.7775,43.8044],[3.7771,43.8046],[3.7768,43.8048],[3.7766,43.805],[3.7764,43.8053],[3.7762,43.8055],[3.776,43.8056],[3.7759,43.8057],[3.7755,43.8058],[3.7751,43.8058],[3.7747,43.8058],[3.7744,43.8057],[3.7743,43.8056],[3.7744,43.8055],[3.7747,43.8052],[3.7752,43.8048],[3.7755,43.8045],[3.7758,43.8042],[3.7759,43.8041],[3.776,43.804],[3.7758,43.8039],[3.7757,43.8039],[3.7756,43.8039],[3.7754,43.8039],[3.7752,43.8039],[3.7751,43.8038],[3.775,43.8037],[3.775,43.8036],[3.7751,43.8032],[3.7752,43.8026],[3.7755,43.802],[3.7759,43.8014],[3.7761,43.801],[3.7764,43.8006],[3.7769,43.8],[3.7774,43.7994],[3.7778,43.7991],[3.7781,43.7989],[3.7785,43.7986],[3.7789,43.7984],[3.7793,43.7982],[3.7796,43.7981],[3.7799,43.7979],[3.7805,43.7973],[3.7809,43.7969],[3.7811,43.7967],[3.7814,43.7964],[3.7816,43.7963],[3.782,43.796],[3.7822,43.7959],[3.7823,43.7958],[3.7826,43.7957],[3.7829,43.7956],[3.783,43.7954],[3.783,43.7952],[3.7829,43.7951],[3.7827,43.7951],[3.7825,43.7949],[3.7822,43.795],[3.7817,43.7951],[3.7816,43.7951],[3.7813,43.7951],[3.7808,43.7948],[3.7803,43.7945],[3.78,43.7945],[3.78,43.7947],[3.7802,43.7948],[3.7803,43.7949],[3.7805,43.7952],[3.7808,43.7956],[3.7809,43.7958],[3.7808,43.7959],[3.7808,43.7962],[3.7807,43.7965],[3.7804,43.7968],[3.7802,43.797],[3.7799,43.7972],[3.7795,43.7973],[3.779,43.7975],[3.7784,43.7977],[3.778,43.7978],[3.7775,43.7979],[3.777,43.7979],[3.7766,43.7978],[3.7762,43.7977],[3.7758,43.7973],[3.7754,43.7968],[3.7751,43.7964],[3.7748,43.7962],[3.7746,43.7961],[3.7744,43.7966],[3.7742,43.7972],[3.7742,43.7976],[3.7743,43.7979],[3.7746,43.7983],[3.775,43.7987],[3.7753,43.7992],[3.7754,43.7996],[3.7755,43.8],[3.7756,43.8003],[3.7756,43.8005],[3.7755,43.8007],[3.7753,43.8011],[3.775,43.8016],[3.7746,43.802],[3.7743,43.8023],[3.7741,43.8026],[3.7739,43.8029],[3.7736,43.8034],[3.7733,43.8037],[3.773,43.8038],[3.7729,43.8039],[3.7727,43.8038],[3.7725,43.8037],[3.7724,43.8037],[3.7723,43.8035],[3.7721,43.8035],[3.7717,43.8035],[3.7711,43.8038],[3.7709,43.8038],[3.7707,43.8038],[3.7704,43.8037],[3.7701,43.8036],[3.7699,43.8034],[3.7697,43.8032],[3.7696,43.8033],[3.7692,43.8033],[3.769,43.8033],[3.7689,43.8033],[3.7688,43.8032],[3.7685,43.803],[3.7682,43.8028],[3.768,43.8027],[3.7677,43.8025],[3.7674,43.8025],[3.7672,43.8025],[3.767,43.8026],[3.7667,43.8027],[3.7665,43.8029],[3.7662,43.803],[3.7659,43.803],[3.7655,43.8029],[3.7652,43.8028],[3.765,43.8027],[3.7651,43.8025],[3.7652,43.8022],[3.7653,43.802],[3.7654,43.8018],[3.7657,43.8016],[3.7658,43.8015],[3.7661,43.8013],[3.7663,43.8011],[3.7664,43.801],[3.7664,43.8008],[3.7664,43.8006],[3.7662,43.8004],[3.766,43.8002],[3.7658,43.8002],[3.7657,43.8002],[3.7655,43.8003],[3.7654,43.8005],[3.7653,43.8007],[3.7651,43.8009],[3.7649,43.8011],[3.7647,43.8011],[3.7644,43.8011],[3.7642,43.801],[3.764,43.8008],[3.7639,43.8007],[3.7638,43.8005],[3.7637,43.8003],[3.7637,43.8],[3.7636,43.7998],[3.7634,43.7996],[3.7631,43.7994],[3.7629,43.7992],[3.7628,43.799],[3.7627,43.7985],[3.7625,43.7978],[3.7623,43.7974],[3.7622,43.797],[3.762,43.7966],[3.7618,43.7963],[3.7616,43.796],[3.7614,43.7959],[3.7612,43.7958],[3.761,43.7958],[3.7609,43.7959],[3.7608,43.796],[3.7608,43.7962],[3.7609,43.7964],[3.761,43.7966],[3.7611,43.7969],[3.7611,43.7972],[3.7611,43.7973],[3.761,43.7974],[3.7608,43.7976],[3.7605,43.7981],[3.7603,43.7985],[3.7603,43.7987],[3.7603,43.7989],[3.7604,43.7991],[3.7606,43.7993],[3.7608,43.7996],[3.7609,43.7997],[3.761,43.8],[3.761,43.8003],[3.7609,43.8009],[3.7608,43.8011],[3.7606,43.8011],[3.7604,43.801],[3.7602,43.8009],[3.76,43.8008],[3.7598,43.8007],[3.7597,43.8005],[3.7594,43.8003],[3.7589,43.8001],[3.7585,43.7998],[3.7583,43.7996],[3.7583,43.7995],[3.7585,43.7994],[3.7589,43.7992],[3.759,43.7991],[3.759,43.799],[3.7589,43.7989],[3.7588,43.7988],[3.7586,43.7986],[3.7583,43.7984],[3.7583,43.7982],[3.7583,43.798],[3.7585,43.7978],[3.7587,43.7976],[3.7587,43.7974],[3.7587,43.7973],[3.7585,43.7972],[3.7583,43.7972],[3.7582,43.7972],[3.758,43.7972],[3.7579,43.7973],[3.7577,43.7975],[3.7576,43.7977],[3.7575,43.7979],[3.7574,43.7979],[3.7573,43.798],[3.7572,43.7981],[3.7569,43.7981],[3.7565,43.7981],[3.7559,43.798],[3.7559,43.7981],[3.756,43.7983],[3.7559,43.7984],[3.7557,43.7984],[3.7555,43.7985],[3.7553,43.7985],[3.7551,43.7984],[3.755,43.7983],[3.7549,43.798],[3.7548,43.7979],[3.7546,43.7978],[3.7543,43.7977],[3.754,43.7975],[3.7537,43.7974],[3.7536,43.7974],[3.7535,43.7972],[3.7535,43.7971],[3.7536,43.797],[3.7537,43.7969],[3.754,43.7969],[3.7543,43.7969],[3.7545,43.7967],[3.7547,43.7965],[3.7548,43.7963],[3.7548,43.7962],[3.7548,43.7961],[3.7545,43.796],[3.754,43.7958],[3.7537,43.7957],[3.7534,43.7956],[3.7532,43.7956],[3.7529,43.7956],[3.7527,43.7958],[3.7525,43.796],[3.7522,43.7961],[3.7519,43.7962],[3.7516,43.7963],[3.7513,43.7963],[3.7509,43.7963],[3.7502,43.7962],[3.7494,43.796],[3.749,43.7959],[3.7486,43.7958],[3.7482,43.7955],[3.7477,43.7952],[3.7473,43.7949],[3.7471,43.7947],[3.747,43.7946],[3.7468,43.7944],[3.7465,43.7943],[3.7462,43.7942],[3.7459,43.7941],[3.7459,43.7941],[3.7456,43.794],[3.7452,43.794],[3.7449,43.7939],[3.7445,43.794],[3.7439,43.794],[3.7431,43.7941],[3.7422,43.7942],[3.7411,43.7943],[3.7404,43.7944],[3.7398,43.7944],[3.7392,43.7944],[3.7387,43.7944],[3.7383,43.7943],[3.7379,43.794],[3.7374,43.7938],[3.7371,43.7936],[3.7368,43.7934],[3.7367,43.7932],[3.7365,43.7928],[3.7364,43.7925],[3.7365,43.7922],[3.7366,43.7918],[3.7369,43.7915],[3.7371,43.7913],[3.7374,43.791],[3.7376,43.7907],[3.7377,43.7904],[3.7378,43.7901],[3.7377,43.7899],[3.7376,43.7896],[3.7375,43.7894],[3.7374,43.7891],[3.7371,43.7888],[3.7369,43.7886],[3.7367,43.7883],[3.7364,43.7881],[3.7362,43.788],[3.7359,43.7879],[3.7357,43.7876],[3.7354,43.7874],[3.7351,43.7872],[3.7349,43.787],[3.7347,43.7868],[3.7344,43.7865],[3.7341,43.7861],[3.7337,43.7856],[3.7335,43.7852],[3.7334,43.785],[3.7333,43.7848],[3.7331,43.7846],[3.7328,43.7843],[3.7326,43.784],[3.7324,43.7837],[3.7322,43.7834],[3.732,43.7829],[3.7318,43.7824],[3.7315,43.782],[3.7313,43.7816],[3.7311,43.7814],[3.7309,43.7812],[3.7307,43.7811],[3.7305,43.7809],[3.7303,43.7808],[3.73,43.7806],[3.7296,43.7806],[3.7291,43.7804],[3.7286,43.7802],[3.7282,43.7798],[3.7278,43.7795],[3.7274,43.7793],[3.7267,43.779],[3.7264,43.7789],[3.726,43.7787],[3.7258,43.7785],[3.7258,43.7783],[3.7256,43.7781],[3.7256,43.778],[3.7254,43.7779],[3.7252,43.7778],[3.7251,43.7776],[3.725,43.7774],[3.7248,43.7771],[3.7246,43.777],[3.7244,43.7768],[3.7243,43.7767],[3.7241,43.7767],[3.7241,43.7767],[3.724,43.7766],[3.7238,43.7766],[3.7237,43.7766],[3.7232,43.7766],[3.7231,43.7765],[3.7229,43.7765],[3.7227,43.7764],[3.7226,43.7762],[3.7225,43.7761],[3.7224,43.7759],[3.7223,43.7758],[3.7222,43.7758],[3.7221,43.7758],[3.722,43.7758],[3.722,43.7759],[3.7221,43.776],[3.7222,43.7762],[3.7223,43.7764],[3.7224,43.7767],[3.7224,43.7768],[3.7225,43.7769],[3.7227,43.7771],[3.7231,43.7774],[3.7234,43.7776],[3.7237,43.778],[3.7233,43.7783],[3.7232,43.7785],[3.7232,43.7787],[3.7232,43.779],[3.7231,43.7792],[3.7231,43.7795],[3.723,43.7796],[3.7231,43.7798],[3.7232,43.7798],[3.7233,43.7799],[3.7234,43.78],[3.7235,43.78],[3.7237,43.7799],[3.7238,43.7798],[3.7239,43.7797],[3.7239,43.7795],[3.724,43.7793],[3.724,43.7792],[3.7242,43.7791],[3.7243,43.7791],[3.7244,43.7791],[3.7245,43.7792],[3.7247,43.7793],[3.7248,43.7795],[3.7249,43.7796],[3.7249,43.7797],[3.7249,43.7798],[3.7252,43.78],[3.7254,43.7802],[3.7256,43.7803],[3.7257,43.7805],[3.7257,43.7807],[3.7257,43.7808],[3.7257,43.781],[3.7258,43.7811],[3.7259,43.7812],[3.7261,43.7813],[3.7263,43.7815],[3.7266,43.7817],[3.7268,43.782],[3.7269,43.7823],[3.727,43.7827],[3.7271,43.783],[3.7271,43.7832],[3.7272,43.7834],[3.7272,43.7836],[3.7273,43.7839],[3.7275,43.7841],[3.7276,43.7843],[3.7278,43.7845],[3.7279,43.7849],[3.7281,43.7855],[3.7283,43.7858],[3.7283,43.786],[3.7284,43.7863],[3.7284,43.7869],[3.7284,43.7874],[3.7284,43.7877],[3.7286,43.7881],[3.729,43.7884],[3.7295,43.7888],[3.7299,43.7892],[3.7303,43.7895],[3.7306,43.7898],[3.7311,43.7901],[3.7317,43.7905],[3.7322,43.7908],[3.7326,43.791],[3.7328,43.7912],[3.7331,43.7915],[3.7332,43.7917],[3.7334,43.792],[3.7336,43.7924],[3.7338,43.7927],[3.734,43.793],[3.7341,43.7934],[3.7343,43.7939],[3.7344,43.7945],[3.7346,43.795],[3.7348,43.7954],[3.7349,43.7958],[3.7351,43.7961],[3.7352,43.7964],[3.7353,43.7967],[3.7355,43.7969],[3.7357,43.797],[3.7359,43.7972],[3.7361,43.7973],[3.7363,43.7974],[3.7367,43.7976],[3.737,43.7977],[3.7373,43.7978],[3.7376,43.7977],[3.7379,43.7977],[3.7383,43.7977],[3.7387,43.7976],[3.739,43.7975],[3.7393,43.7974],[3.7396,43.7973],[3.7399,43.7972],[3.7403,43.7971],[3.7408,43.7969],[3.7412,43.7968],[3.7416,43.7968],[3.7417,43.7968],[3.7419,43.7968],[3.7422,43.7968],[3.7426,43.7968],[3.743,43.7969],[3.7434,43.7969],[3.7438,43.797],[3.7445,43.7973],[3.7453,43.7975],[3.7459,43.7978],[3.7465,43.798],[3.7471,43.7982],[3.7481,43.7986],[3.7493,43.799],[3.7503,43.7993],[3.7509,43.7996],[3.7514,43.7998],[3.752,43.8],[3.7527,43.8002],[3.7533,43.8004],[3.7538,43.8005],[3.7543,43.8007],[3.7549,43.8009],[3.7556,43.8011],[3.7562,43.8014],[3.7567,43.8017],[3.7571,43.802],[3.7574,43.8022],[3.7577,43.8023],[3.7578,43.8025],[3.7579,43.8027],[3.7581,43.8028],[3.7585,43.803],[3.7589,43.8032],[3.7592,43.8034],[3.7593,43.8035],[3.7593,43.8037],[3.7594,43.8039],[3.7594,43.8041],[3.7594,43.8043],[3.7595,43.8045],[3.7595,43.8047],[3.7594,43.8049],[3.7593,43.8051],[3.7591,43.8053],[3.7589,43.8054],[3.7588,43.8055],[3.7587,43.8056],[3.7587,43.8057],[3.759,43.8056],[3.7596,43.8056],[3.7602,43.8057],[3.7607,43.8056],[3.761,43.8056],[3.7612,43.8056],[3.7615,43.8055],[3.762,43.8055],[3.7626,43.8053],[3.7632,43.8052],[3.7637,43.8053],[3.764,43.8052],[3.7643,43.8052],[3.7646,43.8052],[3.7649,43.8052],[3.7651,43.8051],[3.7654,43.8051],[3.7655,43.8051],[3.7657,43.8052],[3.766,43.8054],[3.7661,43.8053],[3.7663,43.8051],[3.7665,43.805],[3.7667,43.8051],[3.7673,43.8051],[3.7682,43.8052],[3.7689,43.8053],[3.7691,43.8053],[3.7695,43.8053],[3.7702,43.8052],[3.7705,43.8051],[3.7707,43.8052],[3.7714,43.8053],[3.772,43.8054],[3.7721,43.8054],[3.7722,43.8057],[3.7724,43.8059],[3.7726,43.806],[3.7727,43.8061],[3.7727,43.8063],[3.7727,43.8064],[3.7728,43.8064],[3.7729,43.8065],[3.773,43.8065],[3.7734,43.8065],[3.7739,43.8064],[3.7744,43.8062],[3.7749,43.8061],[3.7751,43.806],[3.7757,43.806],[3.7761,43.8061],[3.7758,43.8062],[3.7753,43.8062],[3.7751,43.8062],[3.7748,43.8063],[3.7742,43.8065],[3.7736,43.8066],[3.7732,43.8067],[3.7729,43.8067],[3.7727,43.8066],[3.7725,43.8065],[3.7725,43.8064],[3.7725,43.8063],[3.7724,43.8061],[3.7722,43.806],[3.7719,43.8057],[3.7718,43.8055],[3.7716,43.8056],[3.7712,43.8055],[3.7707,43.8054],[3.7704,43.8054],[3.7699,43.8054],[3.7694,43.8055],[3.7688,43.8055],[3.7684,43.8054],[3.7678,43.8053],[3.7669,43.8052],[3.7667,43.8052],[3.7666,43.8053],[3.7663,43.8055],[3.7661,43.8055],[3.766,43.8055],[3.7658,43.8055],[3.7655,43.8053],[3.7654,43.8053],[3.7651,43.8054],[3.7649,43.8054],[3.7647,43.8054],[3.7643,43.8054],[3.764,43.8054],[3.7638,43.8054],[3.7634,43.8054],[3.7631,43.8054],[3.7628,43.8055],[3.7624,43.8057],[3.7621,43.8057],[3.7615,43.8057],[3.7611,43.8058],[3.7606,43.8059],[3.76,43.8058],[3.7594,43.8058],[3.7596,43.8058],[3.7603,43.8059],[3.761,43.8059],[3.7611,43.8059],[3.7616,43.806],[3.7621,43.806],[3.7626,43.8061],[3.763,43.8062],[3.7634,43.8064],[3.7637,43.8066],[3.764,43.8068],[3.7644,43.8071],[3.7647,43.8072],[3.765,43.8073],[3.7654,43.8074],[3.7659,43.8074],[3.7663,43.8075],[3.7667,43.8077],[3.7671,43.8078],[3.7675,43.808],[3.7679,43.8081],[3.768,43.8081],[3.7683,43.8082],[3.7687,43.8082],[3.7693,43.8083],[3.7698,43.8083],[3.7702,43.8084],[3.7706,43.8085],[3.7711,43.8086],[3.7717,43.8089],[3.7723,43.8092],[3.7727,43.8094],[3.773,43.8094],[3.7735,43.8095],[3.7744,43.8096],[3.7752,43.8096],[3.7759,43.8096],[3.7766,43.8096],[3.7775,43.8095],[3.7781,43.8095],[3.7786,43.8095],[3.7791,43.8094],[3.7798,43.8093],[3.7805,43.8093],[3.7813,43.8093],[3.7821,43.8093],[3.7828,43.8094],[3.7834,43.8094]],[[3.7606,43.8036],[3.7608,43.8036],[3.761,43.8036],[3.7613,43.8037],[3.7615,43.8037],[3.7617,43.8038],[3.7618,43.8039],[3.7619,43.8039],[3.762,43.804],[3.7621,43.8041],[3.7622,43.8042],[3.7622,43.8044],[3.7622,43.8046],[3.7621,43.8047],[3.762,43.8048],[3.7619,43.805],[3.7617,43.805],[3.7616,43.8051],[3.7615,43.8051],[3.7613,43.8052],[3.7611,43.8052],[3.761,43.8052],[3.7608,43.8052],[3.7606,43.8052],[3.7605,43.8052],[3.7603,43.8052],[3.7602,43.8051],[3.7601,43.805],[3.76,43.8049],[3.76,43.8047],[3.76,43.8045],[3.76,43.8043],[3.76,43.8041],[3.76,43.804],[3.7601,43.8038],[3.7601,43.8038],[3.7602,43.8037],[3.7604,43.8036],[3.7605,43.8036],[3.7606,43.8036]]]}},{"type":"Feature","properties":{"MI_PRINX":3670515.0,"CARTE":264,"CODE":50,"CODE_LEG":50,"NOTATION":"Fy","DESCR":"Blocs, galets et graviers de calcaires siliceux, de grès, de quartz, de lydiennes, de porphyrites et de débris basaltiques (Terrasses glaciaires Würm)","C_FOND":10,"M_FOND":0,"J_FOND":10,"N_FOND":0,"NOM_SYMB":null,"C_SYMB":-1,"M_SYMB":-1,"J_SYMB":-1,"N_SYMB":-1,"ROT_SYMB":0,"score_potentiel":70,"niveau_potentiel":"Très élevé 🌟","pente_degres":16.6,"type_affleurement":"Affleurement Moyen (Escarpement) 🟠","score_relieffiltered":79.2},"geometry":{"type":"Polygon","coordinates":[[[3.801,43.5599],[3.8013,43.5599],[3.8018,43.5599],[3.8023,43.5599],[3.8027,43.5599],[3.8032,43.5599],[3.8038,43.5599],[3.8043,43.56],[3.8044,43.5599],[3.8046,43.5598],[3.8048,43.5597],[3.8049,43.5595],[3.8049,43.5594],[3.8047,43.5592],[3.8045,43.5591],[3.8041,43.559],[3.8037,43.5588],[3.8036,43.5588],[3.8032,43.5587],[3.8029,43.5585],[3.8026,43.5584],[3.8023,43.5583],[3.802,43.5581],[3.8019,43.5579],[3.8018,43.5576],[3.8014,43.5576],[3.8007,43.5576],[3.8002,43.5576],[3.8,43.5576],[3.7999,43.5578],[3.7997,43.558],[3.7995,43.5583],[3.7994,43.5586],[3.7994,43.5588],[3.7995,43.559],[3.7996,43.5591],[3.7997,43.5593],[3.7999,43.5596],[3.7999,43.5597],[3.8,43.5597],[3.8001,43.5598],[3.8003,43.5599],[3.8006,43.5599],[3.8009,43.5599],[3.801,43.5599]]]}},{"type":"Feature","properties":{"MI_PRINX":3660283.0,"CARTE":264,"CODE":50,"CODE_LEG":50,"NOTATION":"Fy","DESCR":"Blocs, galets et graviers de calcaires siliceux, de grès, de quartz, de lydiennes, de porphyrites et de débris basaltiques (Terrasses glaciaires Würm)","C_FOND":10,"M_FOND":0,"J_FOND":10,"N_FOND":0,"NOM_SYMB":null,"C_SYMB":-1,"M_SYMB":-1,"J_SYMB":-1,"N_SYMB":-1,"ROT_SYMB":0,"score_potentiel":70,"niveau_potentiel":"Très élevé 🌟","pente_degres":19.1,"type_affleurement":"Affleurement Moyen (Escarpement) 🟠","score_relieffiltered":82.7},"geometry":{"type":"Polygon","coordinates":[[[3.7695,43.7935],[3.7693,43.7935],[3.7693,43.7935],[3.7692,43.7935],[3.7691,43.7935],[3.7691,43.7936],[3.769,43.7937],[3.7689,43.7938],[3.7688,43.7939],[3.7687,43.794],[3.7687,43.794],[3.7687,43.7941],[3.7687,43.7942],[3.7688,43.7944],[3.7688,43.7946],[3.7689,43.7949],[3.769,43.7951],[3.769,43.7953],[3.769,43.7955],[3.769,43.7957],[3.769,43.7959],[3.769,43.796],[3.7689,43.7962],[3.7688,43.7965],[3.7687,43.7967],[3.7686,43.797],[3.7685,43.7973],[3.7684,43.7975],[3.7683,43.7976],[3.7683,43.7976],[3.7683,43.7976],[3.7682,43.7978],[3.7681,43.798],[3.7679,43.7982],[3.7679,43.7983],[3.7678,43.7985],[3.7677,43.7986],[3.7676,43.7988],[3.7676,43.7989],[3.7675,43.799],[3.7675,43.7991],[3.7675,43.7992],[3.7676,43.7992],[3.7678,43.7991],[3.7679,43.7991],[3.768,43.799],[3.7682,43.7989],[3.7683,43.7988],[3.7684,43.7987],[3.7685,43.7986],[3.7686,43.7984],[3.7687,43.7982],[3.7689,43.798],[3.769,43.7979],[3.7691,43.7977],[3.7692,43.7975],[3.7693,43.7973],[3.7694,43.7971],[3.7695,43.7969],[3.7696,43.7967],[3.7697,43.7965],[3.7699,43.7964],[3.77,43.7964],[3.7701,43.7963],[3.7702,43.7963],[3.7703,43.7962],[3.7704,43.7962],[3.7705,43.7961],[3.7707,43.7959],[3.7708,43.7957],[3.7709,43.7956],[3.7711,43.7954],[3.7712,43.7952],[3.7713,43.795],[3.7714,43.7949],[3.7714,43.7947],[3.7715,43.7946],[3.7715,43.7945],[3.7714,43.7944],[3.7714,43.7943],[3.7714,43.7942],[3.7714,43.7942],[3.7713,43.7941],[3.7713,43.7941],[3.7712,43.7941],[3.771,43.794],[3.7708,43.794],[3.7706,43.794],[3.7704,43.794],[3.7703,43.7939],[3.7702,43.7939],[3.77,43.7938],[3.7699,43.7937],[3.7697,43.7937],[3.7695,43.7935]]]}},{"type":"Feature","properties":{"MI_PRINX":3670668.0,"CARTE":264,"CODE":3316,"CODE_LEG":424,"NOTATION":"h1MF","DESCR":"Calcaires et lydiennes à nodules phosphatés du Pic de Vissou et de la Serre - Nappes des Monts de Faugères (Tournaisien)","C_FOND":20,"M_FOND":40,"J_FOND":70,"N_FOND":0,"NOM_SYMB":null,"C_SYMB":-1,"M_SYMB":-1,"J_SYMB":-1,"N_SYMB":-1,"ROT_SYMB":0,"score_potentiel":70,"niveau_potentiel":"Très élevé 🌟","pente_degres":31.2,"type_affleurement":"Affleurement Fort (Falaise / Ravine) 🔴","score_relieffiltered":99.7},"geometry":{"type":"Polygon","coordinates":[[[3.1398,43.5649],[3.1398,43.5648],[3.1395,43.5645],[3.1386,43.5641],[3.1381,43.5639],[3.1382,43.5638],[3.1392,43.5638],[3.1393,43.5637],[3.1383,43.5634],[3.1382,43.5635],[3.1376,43.5635],[3.1373,43.5637],[3.1375,43.564],[3.1385,43.5645],[3.1389,43.5647],[3.139,43.5647],[3.1389,43.5648],[3.1397,43.565],[3.1398,43.5649]]]}},{"type":"Feature","properties":{"MI_PRINX":3670741.0,"CARTE":264,"CODE":50,"CODE_LEG":50,"NOTATION":"Fy","DESCR":"Blocs, galets et graviers de calcaires siliceux, de grès, de quartz, de lydiennes, de porphyrites et de débris basaltiques (Terrasses glaciaires Würm)","C_FOND":10,"M_FOND":0,"J_FOND":10,"N_FOND":0,"NOM_SYMB":null,"C_SYMB":-1,"M_SYMB":-1,"J_SYMB":-1,"N_SYMB":-1,"ROT_SYMB":0,"score_potentiel":70,"niveau_potentiel":"Très élevé 🌟","pente_degres":18.4,"type_affleurement":"Affleurement Moyen (Escarpement) 🟠","score_relieffiltered":81.8},"geometry":{"type":"Polygon","coordinates":[[[3.5082,43.5597],[3.5083,43.5598],[3.5085,43.56],[3.5087,43.5602],[3.5089,43.5604],[3.5091,43.5605],[3.5094,43.5606],[3.5097,43.5606],[3.5101,43.5606],[3.5105,43.5606],[3.511,43.5604],[3.5109,43.56],[3.5108,43.5598],[3.5108,43.5596],[3.5106,43.5592],[3.5105,43.5589],[3.5104,43.5587],[3.5105,43.5584],[3.5106,43.5582],[3.5107,43.558],[3.511,43.5578],[3.5113,43.5575],[3.5118,43.5572],[3.5122,43.5569],[3.5125,43.5568],[3.5126,43.5566],[3.5127,43.5565],[3.5127,43.5564],[3.5126,43.5563],[3.5124,43.5561],[3.5122,43.556],[3.512,43.5558],[3.5117,43.5555],[3.5115,43.5552],[3.5113,43.555],[3.5112,43.555],[3.511,43.5549],[3.5109,43.555],[3.5109,43.5552],[3.5109,43.5554],[3.5108,43.5556],[3.5107,43.5557],[3.5105,43.5558],[3.5102,43.5559],[3.5098,43.556],[3.5095,43.5559],[3.509,43.5557],[3.5085,43.5555],[3.5081,43.5552],[3.5074,43.555],[3.5067,43.555],[3.5063,43.555],[3.5059,43.5551],[3.5055,43.5552],[3.5053,43.5554],[3.5056,43.5554],[3.5058,43.5556],[3.5059,43.5557],[3.5059,43.5559],[3.506,43.5563],[3.5061,43.5566],[3.5062,43.5566],[3.5062,43.5568],[3.5062,43.557],[3.5063,43.5571],[3.5064,43.5572],[3.5068,43.5573],[3.5073,43.5575],[3.5076,43.5575],[3.5077,43.5576],[3.5077,43.5577],[3.5076,43.5577],[3.5074,43.5577],[3.5071,43.5578],[3.5069,43.5579],[3.5068,43.5581],[3.5068,43.5582],[3.5069,43.5583],[3.507,43.5585],[3.5072,43.5586],[3.5076,43.5588],[3.5079,43.5591],[3.5081,43.5593],[3.5081,43.5595],[3.5082,43.5597]]]}},{"type":"Feature","properties":{"MI_PRINX":3670759.0,"CARTE":264,"CODE":3316,"CODE_LEG":424,"NOTATION":"h1MF","DESCR":"Calcaires et lydiennes à nodules phosphatés du Pic de Vissou et de la Serre - Nappes des Monts de Faugères (Tournaisien)","C_FOND":20,"M_FOND":40,"J_FOND":70,"N_FOND":0,"NOM_SYMB":null,"C_SYMB":-1,"M_SYMB":-1,"J_SYMB":-1,"N_SYMB":-1,"ROT_SYMB":0,"score_potentiel":70,"niveau_potentiel":"Très élevé 🌟","pente_degres":32.8,"type_affleurement":"Affleurement Fort (Falaise / Ravine) 🔴","score_relieffiltered":100.0},"geometry":{"type":"Polygon","coordinates":[[[3.0477,43.5644],[3.0477,43.5643],[3.046,43.5633],[3.0449,43.5627],[3.0441,43.5626],[3.0436,43.5626],[3.0424,43.5629],[3.0412,43.5631],[3.0409,43.5631],[3.0405,43.5632],[3.0399,43.5632],[3.0397,43.5633],[3.0401,43.5634],[3.0409,43.5635],[3.0411,43.5634],[3.0421,43.5633],[3.0435,43.5629],[3.0439,43.5629],[3.0445,43.5629],[3.0451,43.5631],[3.0468,43.5642],[3.0472,43.5643],[3.0477,43.5644]]]}},{"type":"Feature","properties":{"MI_PRINX":3660349.0,"CARTE":264,"CODE":50,"CODE_LEG":50,"NOTATION":"Fy","DESCR":"Blocs, galets et graviers de calcaires siliceux, de grès, de quartz, de lydiennes, de porphyrites et de débris basaltiques (Terrasses glaciaires Würm)","C_FOND":10,"M_FOND":0,"J_FOND":10,"N_FOND":0,"NOM_SYMB":null,"C_SYMB":-1,"M_SYMB":-1,"J_SYMB":-1,"N_SYMB":-1,"ROT_SYMB":0,"score_potentiel":70,"niveau_potentiel":"Très élevé 🌟","pente_degres":19.3,"type_affleurement":"Affleurement Moyen (Escarpement) 🟠","score_relieffiltered":83.0},"geometry":{"type":"Polygon","coordinates":[[[3.9955,43.7912],[3.9952,43.7915],[3.995,43.7918],[3.9952,43.792],[3.9959,43.7918],[3.9961,43.7917],[3.9964,43.7917],[3.9965,43.7918],[3.9966,43.7918],[3.9966,43.7918],[3.9967,43.7918],[3.9973,43.7916],[3.9981,43.7911],[3.9984,43.7907],[3.9985,43.7907],[3.9991,43.7902],[3.9998,43.79],[4.0001,43.79],[4.0007,43.7899],[4.0014,43.7898],[4.0018,43.7895],[4.0021,43.789],[4.0023,43.7885],[4.0028,43.7879],[4.003,43.7875],[4.003,43.7875],[4.0027,43.7873],[4.0025,43.7873],[4.0019,43.7874],[4.0014,43.7877],[4.0006,43.7883],[4.0001,43.7884],[3.9996,43.7884],[3.9994,43.7884],[3.9993,43.7884],[3.9992,43.7884],[3.999,43.7886],[3.9986,43.7892],[3.9977,43.7896],[3.9975,43.7897],[3.9973,43.7898],[3.9962,43.7904],[3.9959,43.7909],[3.9955,43.7912]]]}},{"type":"Feature","properties":{"MI_PRINX":3670959.0,"CARTE":264,"CODE":50,"CODE_LEG":50,"NOTATION":"Fy","DESCR":"Blocs, galets et graviers de calcaires siliceux, de grès, de quartz, de lydiennes, de porphyrites et de débris basaltiques (Terrasses glaciaires Würm)","C_FOND":10,"M_FOND":0,"J_FOND":10,"N_FOND":0,"NOM_SYMB":null,"C_SYMB":-1,"M_SYMB":-1,"J_SYMB":-1,"N_SYMB":-1,"ROT_SYMB":0,"score_potentiel":70,"niveau_potentiel":"Très élevé 🌟","pente_degres":31.4,"type_affleurement":"Affleurement Fort (Falaise / Ravine) 🔴","score_relieffiltered":100.0},"geometry":{"type":"Polygon","coordinates":[[[3.3809,43.5584],[3.3812,43.5585],[3.3815,43.5581],[3.3816,43.5579],[3.3816,43.5576],[3.3816,43.5573],[3.3816,43.5571],[3.3816,43.557],[3.3816,43.557],[3.3817,43.5568],[3.3818,43.5566],[3.382,43.5564],[3.382,43.5563],[3.3821,43.5562],[3.3821,43.556],[3.3821,43.5556],[3.3821,43.5552],[3.3822,43.555],[3.3824,43.5548],[3.3827,43.5544],[3.3829,43.554],[3.3831,43.5536],[3.3833,43.5532],[3.3835,43.5529],[3.3838,43.5526],[3.3841,43.5523],[3.3842,43.5519],[3.3842,43.5517],[3.3843,43.5515],[3.3844,43.5513],[3.3844,43.5511],[3.3844,43.5508],[3.3843,43.5507],[3.3841,43.5504],[3.3839,43.5502],[3.3839,43.55],[3.3839,43.5499],[3.3839,43.5497],[3.384,43.5495],[3.3842,43.5493],[3.3844,43.5491],[3.3842,43.5492],[3.3838,43.5493],[3.3833,43.5494],[3.383,43.5494],[3.3826,43.5496],[3.3823,43.5498],[3.382,43.5499],[3.3816,43.55],[3.3812,43.55],[3.3805,43.5499],[3.38,43.5499],[3.3798,43.5499],[3.3798,43.55],[3.3798,43.5501],[3.3799,43.5502],[3.38,43.5502],[3.3804,43.5502],[3.3805,43.5503],[3.3807,43.5505],[3.381,43.5505],[3.3812,43.5505],[3.3817,43.5505],[3.3821,43.5505],[3.3824,43.5506],[3.3825,43.5507],[3.3826,43.5509],[3.3824,43.5511],[3.3822,43.5515],[3.3821,43.5518],[3.3821,43.5521],[3.3822,43.5527],[3.3822,43.5533],[3.3821,43.5534],[3.3821,43.5536],[3.382,43.5538],[3.382,43.5539],[3.3817,43.5541],[3.3814,43.5543],[3.381,43.5545],[3.3807,43.5547],[3.3807,43.5548],[3.3807,43.555],[3.3808,43.5553],[3.381,43.5556],[3.3812,43.556],[3.3813,43.5563],[3.3813,43.5566],[3.3812,43.5566],[3.3812,43.5568],[3.381,43.5571],[3.3809,43.5573],[3.3808,43.5575],[3.3808,43.5578],[3.381,43.5581],[3.381,43.5583],[3.3809,43.5584]]]}},{"type":"Feature","properties":{"MI_PRINX":3671072.0,"CARTE":264,"CODE":3316,"CODE_LEG":424,"NOTATION":"h1MF","DESCR":"Calcaires et lydiennes à nodules phosphatés du Pic de Vissou et de la Serre - Nappes des Monts de Faugères (Tournaisien)","C_FOND":20,"M_FOND":40,"J_FOND":70,"N_FOND":0,"NOM_SYMB":null,"C_SYMB":-1,"M_SYMB":-1,"J_SYMB":-1,"N_SYMB":-1,"ROT_SYMB":0,"score_potentiel":70,"niveau_potentiel":"Très élevé 🌟","pente_degres":31.1,"type_affleurement":"Affleurement Fort (Falaise / Ravine) 🔴","score_relieffiltered":99.5},"geometry":{"type":"Polygon","coordinates":[[[3.2768,43.5574],[3.2769,43.5573],[3.277,43.5572],[3.277,43.5571],[3.2768,43.5571],[3.2765,43.557],[3.2762,43.557],[3.2758,43.557],[3.2754,43.5569],[3.275,43.5569],[3.2746,43.5569],[3.2742,43.5569],[3.2742,43.5569],[3.2742,43.557],[3.2744,43.5571],[3.2744,43.5571],[3.2749,43.5572],[3.2753,43.5572],[3.2758,43.5572],[3.2761,43.5572],[3.2764,43.5573],[3.2766,43.5573],[3.2768,43.5574]]]}},{"type":"Feature","properties":{"MI_PRINX":3671074.0,"CARTE":264,"CODE":3316,"CODE_LEG":424,"NOTATION":"h1MF","DESCR":"Calcaires et lydiennes à nodules phosphatés du Pic de Vissou et de la Serre - Nappes des Monts de Faugères (Tournaisien)","C_FOND":20,"M_FOND":40,"J_FOND":70,"N_FOND":0,"NOM_SYMB":null,"C_SYMB":-1,"M_SYMB":-1,"J_SYMB":-1,"N_SYMB":-1,"ROT_SYMB":0,"score_potentiel":70,"niveau_potentiel":"Très élevé 🌟","pente_degres":33.0,"type_affleurement":"Affleurement Fort (Falaise / Ravine) 🔴","score_relieffiltered":100.0},"geometry":{"type":"Polygon","coordinates":[[[3.3537,43.5565],[3.3538,43.5566],[3.3542,43.5565],[3.3545,43.5563],[3.3548,43.5563],[3.355,43.5563],[3.3551,43.5563],[3.3552,43.5563],[3.3553,43.5563],[3.3556,43.5562],[3.3562,43.5561],[3.3569,43.5559],[3.3575,43.5558],[3.3581,43.5557],[3.3583,43.5556],[3.3586,43.5556],[3.3589,43.5556],[3.3592,43.5555],[3.3596,43.5554],[3.3599,43.5553],[3.3589,43.5554],[3.3581,43.5554],[3.3578,43.5555],[3.3575,43.5555],[3.3571,43.5556],[3.3566,43.5558],[3.3562,43.5559],[3.3558,43.556],[3.3554,43.5561],[3.3553,43.5561],[3.3549,43.5561],[3.3546,43.5562],[3.3543,43.5562],[3.3541,43.5563],[3.3539,43.5564],[3.3537,43.5565]]]}},{"type":"Feature","properties":{"MI_PRINX":3671089.0,"CARTE":264,"CODE":50,"CODE_LEG":50,"NOTATION":"Fy","DESCR":"Blocs, galets et graviers de calcaires siliceux, de grès, de quartz, de lydiennes, de porphyrites et de débris basaltiques (Terrasses glaciaires Würm)","C_FOND":10,"M_FOND":0,"J_FOND":10,"N_FOND":0,"NOM_SYMB":null,"C_SYMB":-1,"M_SYMB":-1,"J_SYMB":-1,"N_SYMB":-1,"ROT_SYMB":0,"score_potentiel":70,"niveau_potentiel":"Très élevé 🌟","pente_degres":20.4,"type_affleurement":"Affleurement Moyen (Escarpement) 🟠","score_relieffiltered":84.6},"geometry":{"type":"Polygon","coordinates":[[[3.3853,43.5561],[3.3855,43.556],[3.3854,43.5558],[3.3852,43.5556],[3.3848,43.5555],[3.3846,43.5553],[3.3843,43.5549],[3.3842,43.5547],[3.3844,43.5544],[3.3844,43.5544],[3.3845,43.5541],[3.3845,43.554],[3.3847,43.5538],[3.385,43.5537],[3.3851,43.5535],[3.3852,43.5533],[3.3851,43.5531],[3.3849,43.553],[3.3848,43.5528],[3.3847,43.5525],[3.3847,43.5525],[3.3846,43.5526],[3.3845,43.5526],[3.3844,43.5528],[3.3844,43.553],[3.3844,43.5532],[3.3843,43.5533],[3.3841,43.5534],[3.3839,43.5536],[3.3839,43.5539],[3.3838,43.5542],[3.3839,43.5544],[3.3839,43.5545],[3.3839,43.5546],[3.3837,43.5547],[3.3835,43.5548],[3.3833,43.5549],[3.3832,43.5551],[3.3831,43.5554],[3.383,43.5556],[3.3829,43.5557],[3.3828,43.5559],[3.3832,43.5558],[3.3836,43.5557],[3.3841,43.5559],[3.3843,43.556],[3.3847,43.556],[3.3851,43.556],[3.3853,43.5561]]]}},{"type":"Feature","properties":{"MI_PRINX":3671187.0,"CARTE":264,"CODE":3316,"CODE_LEG":424,"NOTATION":"h1MF","DESCR":"Calcaires et lydiennes à nodules phosphatés du Pic de Vissou et de la Serre - Nappes des Monts de Faugères (Tournaisien)","C_FOND":20,"M_FOND":40,"J_FOND":70,"N_FOND":0,"NOM_SYMB":null,"C_SYMB":-1,"M_SYMB":-1,"J_SYMB":-1,"N_SYMB":-1,"ROT_SYMB":0,"score_potentiel":70,"niveau_potentiel":"Très élevé 🌟","pente_degres":20.0,"type_affleurement":"Affleurement Moyen (Escarpement) 🟠","score_relieffiltered":84.0},"geometry":{"type":"Polygon","coordinates":[[[3.0376,43.5571],[3.0377,43.557],[3.0377,43.5569],[3.0378,43.5567],[3.0381,43.5565],[3.0385,43.5565],[3.0388,43.5565],[3.039,43.5564],[3.0391,43.5564],[3.0393,43.5563],[3.0395,43.5562],[3.0397,43.5562],[3.0394,43.5562],[3.039,43.5561],[3.0386,43.5561],[3.0383,43.5561],[3.0381,43.5561],[3.038,43.5561],[3.0378,43.5561],[3.0375,43.5561],[3.0373,43.556],[3.037,43.556],[3.0367,43.5559],[3.0363,43.5559],[3.0358,43.556],[3.0352,43.556],[3.0347,43.556],[3.0341,43.5559],[3.0341,43.5561],[3.034,43.5563],[3.0341,43.5564],[3.0343,43.5566],[3.0346,43.5567],[3.035,43.5568],[3.0355,43.5568],[3.0361,43.5569],[3.0367,43.557],[3.0373,43.557],[3.0376,43.5571]]]}},{"type":"Feature","properties":{"MI_PRINX":3671171.0,"CARTE":264,"CODE":50,"CODE_LEG":50,"NOTATION":"Fy","DESCR":"Blocs, galets et graviers de calcaires siliceux, de grès, de quartz, de lydiennes, de porphyrites et de débris basaltiques (Terrasses glaciaires Würm)","C_FOND":10,"M_FOND":0,"J_FOND":10,"N_FOND":0,"NOM_SYMB":null,"C_SYMB":-1,"M_SYMB":-1,"J_SYMB":-1,"N_SYMB":-1,"ROT_SYMB":0,"score_potentiel":70,"niveau_potentiel":"Très élevé 🌟","pente_degres":32.1,"type_affleurement":"Affleurement Fort (Falaise / Ravine) 🔴","score_relieffiltered":100.0},"geometry":{"type":"Polygon","coordinates":[[[3.8425,43.5487],[3.8423,43.5485],[3.8421,43.5482],[3.8419,43.548],[3.8418,43.5478],[3.8418,43.5475],[3.8419,43.5472],[3.842,43.547],[3.8423,43.5467],[3.8426,43.5464],[3.8428,43.5461],[3.843,43.546],[3.843,43.5458],[3.843,43.5456],[3.843,43.5454],[3.843,43.5453],[3.843,43.5451],[3.8429,43.545],[3.8428,43.5448],[3.8426,43.5446],[3.8425,43.5443],[3.8423,43.5442],[3.8422,43.5441],[3.842,43.544],[3.8418,43.5439],[3.8417,43.5438],[3.8415,43.5436],[3.8414,43.5435],[3.8413,43.5433],[3.8412,43.5432],[3.8411,43.543],[3.8411,43.5427],[3.841,43.5425],[3.841,43.5422],[3.841,43.542],[3.841,43.5417],[3.841,43.5416],[3.841,43.5415],[3.841,43.5414],[3.8411,43.5413],[3.8411,43.5412],[3.8412,43.5412],[3.8413,43.5411],[3.8414,43.5411],[3.841,43.5404],[3.8408,43.5404],[3.8404,43.5404],[3.8402,43.5404],[3.84,43.5404],[3.8399,43.5405],[3.8398,43.5406],[3.8396,43.5407],[3.8394,43.5408],[3.8393,43.5409],[3.8391,43.541],[3.839,43.5411],[3.8388,43.5411],[3.8387,43.5411],[3.8385,43.5411],[3.8384,43.5411],[3.8382,43.541],[3.838,43.5409],[3.8376,43.5406],[3.8371,43.5402],[3.8367,43.5398],[3.8364,43.5394],[3.8362,43.5391],[3.8361,43.5387],[3.8359,43.5383],[3.8359,43.538],[3.8358,43.5378],[3.8357,43.5376],[3.8356,43.5374],[3.8354,43.5372],[3.8352,43.537],[3.8349,43.5368],[3.8345,43.5366],[3.8341,43.5364],[3.8337,43.5362],[3.8335,43.536],[3.8333,43.5359],[3.8331,43.5357],[3.8328,43.5354],[3.8325,43.535],[3.8322,43.5346],[3.8319,43.5343],[3.8317,43.534],[3.8315,43.5337],[3.8313,43.5335],[3.8313,43.5337],[3.8312,43.5338],[3.8312,43.534],[3.8311,43.5342],[3.8311,43.5344],[3.8312,43.5345],[3.8312,43.5347],[3.8313,43.5348],[3.8314,43.535],[3.8315,43.5352],[3.8316,43.5354],[3.8318,43.5357],[3.8321,43.5361],[3.8324,43.5366],[3.8328,43.5373],[3.8329,43.5373],[3.8325,43.5374],[3.8313,43.5378],[3.8308,43.5379],[3.8304,43.538],[3.8303,43.5381],[3.8304,43.5384],[3.8305,43.5388],[3.8306,43.5391],[3.8306,43.5393],[3.8307,43.5394],[3.8307,43.5396],[3.831,43.5401],[3.8313,43.5405],[3.8316,43.5409],[3.8317,43.5412],[3.8318,43.5415],[3.8317,43.5419],[3.8317,43.5421],[3.8316,43.5422],[3.8311,43.5422],[3.8305,43.5422],[3.8303,43.5422],[3.8301,43.542],[3.8298,43.5418],[3.8296,43.5418],[3.8294,43.5418],[3.8293,43.5419],[3.8292,43.542],[3.8292,43.5422],[3.8294,43.5426],[3.8295,43.5428],[3.8295,43.5429],[3.8293,43.5431],[3.8292,43.5432],[3.8292,43.5435],[3.8292,43.5437],[3.8292,43.544],[3.8292,43.5443],[3.8294,43.5445],[3.8296,43.5447],[3.8299,43.5449],[3.8302,43.5451],[3.8305,43.5455],[3.8309,43.5459],[3.8312,43.546],[3.8315,43.5459],[3.832,43.5457],[3.8324,43.5454],[3.8326,43.5452],[3.8326,43.5451],[3.8326,43.5449],[3.8326,43.5446],[3.8326,43.5444],[3.8327,43.5441],[3.8329,43.5439],[3.8332,43.5437],[3.8336,43.5435],[3.8339,43.5433],[3.8341,43.543],[3.8343,43.5429],[3.8343,43.5427],[3.8345,43.5426],[3.8345,43.5423],[3.8344,43.5419],[3.8343,43.5418],[3.8342,43.5414],[3.8343,43.5412],[3.8346,43.5412],[3.835,43.5412],[3.8353,43.5413],[3.8357,43.5414],[3.8358,43.5416],[3.8359,43.5421],[3.8359,43.5425],[3.8362,43.5427],[3.8364,43.5429],[3.8368,43.5428],[3.8373,43.5427],[3.8376,43.5428],[3.8378,43.543],[3.8378,43.5432],[3.8378,43.5436],[3.8374,43.544],[3.8371,43.5444],[3.837,43.5447],[3.8371,43.5448],[3.8374,43.545],[3.8376,43.5451],[3.8378,43.5451],[3.8382,43.5449],[3.8385,43.5448],[3.8387,43.5449],[3.8389,43.5451],[3.8389,43.5454],[3.8389,43.5457],[3.8389,43.5459],[3.839,43.5461],[3.839,43.5462],[3.8391,43.5464],[3.8394,43.5467],[3.8396,43.547],[3.8396,43.5472],[3.8396,43.5473],[3.8396,43.5474],[3.8396,43.5475],[3.8395,43.5475],[3.8392,43.5476],[3.8388,43.5476],[3.8386,43.5476],[3.8384,43.5477],[3.8382,43.5478],[3.838,43.548],[3.8378,43.5482],[3.8377,43.5484],[3.8377,43.5485],[3.8377,43.5486],[3.8378,43.5487],[3.8379,43.5488],[3.8381,43.5488],[3.8384,43.5488],[3.8387,43.5489],[3.839,43.5489],[3.8392,43.5489],[3.8393,43.5488],[3.8394,43.5488],[3.8396,43.5487],[3.8398,43.5486],[3.8401,43.5485],[3.8403,43.5485],[3.8405,43.5485],[3.8407,43.5486],[3.8409,43.5486],[3.841,43.5488],[3.8411,43.5489],[3.8413,43.549],[3.8415,43.5491],[3.8418,43.5491],[3.8425,43.5487]],[[3.8385,43.5414],[3.8387,43.5414],[3.8389,43.5415],[3.8391,43.5417],[3.8394,43.542],[3.8396,43.5422],[3.8397,43.5425],[3.8398,43.5429],[3.8398,43.5432],[3.8396,43.5434],[3.8395,43.5436],[3.8393,43.5438],[3.8391,43.544],[3.8389,43.5441],[3.8384,43.5436],[3.8382,43.5432],[3.8381,43.5428],[3.8381,43.5425],[3.838,43.5421],[3.838,43.5418],[3.8381,43.5416],[3.8381,43.5415],[3.8383,43.5415],[3.8385,43.5414]]]}},{"type":"Feature","properties":{"MI_PRINX":3671282.0,"CARTE":264,"CODE":3316,"CODE_LEG":424,"NOTATION":"h1MF","DESCR":"Calcaires et lydiennes à nodules phosphatés du Pic de Vissou et de la Serre - Nappes des Monts de Faugères (Tournaisien)","C_FOND":20,"M_FOND":40,"J_FOND":70,"N_FOND":0,"NOM_SYMB":null,"C_SYMB":-1,"M_SYMB":-1,"J_SYMB":-1,"N_SYMB":-1,"ROT_SYMB":0,"score_potentiel":70,"niveau_potentiel":"Très élevé 🌟","pente_degres":16.8,"type_affleurement":"Affleurement Moyen (Escarpement) 🟠","score_relieffiltered":79.5},"geometry":{"type":"Polygon","coordinates":[[[3.2398,43.5539],[3.2405,43.5538],[3.2405,43.5537],[3.2405,43.5535],[3.2397,43.5536],[3.2398,43.5539]]]}},{"type":"Feature","properties":{"MI_PRINX":3671184.0,"CARTE":264,"CODE":3316,"CODE_LEG":424,"NOTATION":"h1MF","DESCR":"Calcaires et lydiennes à nodules phosphatés du Pic de Vissou et de la Serre - Nappes des Monts de Faugères (Tournaisien)","C_FOND":20,"M_FOND":40,"J_FOND":70,"N_FOND":0,"NOM_SYMB":null,"C_SYMB":-1,"M_SYMB":-1,"J_SYMB":-1,"N_SYMB":-1,"ROT_SYMB":0,"score_potentiel":70,"niveau_potentiel":"Très élevé 🌟","pente_degres":17.2,"type_affleurement":"Affleurement Moyen (Escarpement) 🟠","score_relieffiltered":80.1},"geometry":{"type":"Polygon","coordinates":[[[3.2402,43.5555],[3.2406,43.5556],[3.2409,43.5556],[3.2412,43.5556],[3.2411,43.5555],[3.241,43.5553],[3.2402,43.5552],[3.2402,43.5555]]]}},{"type":"Feature","properties":{"MI_PRINX":3659403.0,"CARTE":264,"CODE":50,"CODE_LEG":50,"NOTATION":"Fy","DESCR":"Blocs, galets et graviers de calcaires siliceux, de grès, de quartz, de lydiennes, de porphyrites et de débris basaltiques (Terrasses glaciaires Würm)","C_FOND":10,"M_FOND":0,"J_FOND":10,"N_FOND":0,"NOM_SYMB":null,"C_SYMB":-1,"M_SYMB":-1,"J_SYMB":-1,"N_SYMB":-1,"ROT_SYMB":0,"score_potentiel":70,"niveau_potentiel":"Très élevé 🌟","pente_degres":32.5,"type_affleurement":"Affleurement Fort (Falaise / Ravine) 🔴","score_relieffiltered":100.0},"geometry":{"type":"Polygon","coordinates":[[[3.7074,43.8548],[3.7074,43.8547],[3.7075,43.8544],[3.7076,43.8539],[3.7077,43.8535],[3.7078,43.8531],[3.7078,43.8527],[3.7078,43.8523],[3.7077,43.8519],[3.7077,43.8515],[3.7076,43.8512],[3.7076,43.8509],[3.7076,43.8506],[3.7075,43.8502],[3.7074,43.8499],[3.7074,43.8497],[3.7074,43.8494],[3.7076,43.8491],[3.7078,43.8489],[3.708,43.8487],[3.7083,43.8485],[3.7087,43.8484],[3.7092,43.8482],[3.7096,43.848],[3.71,43.8479],[3.7103,43.8477],[3.7106,43.8475],[3.7107,43.8473],[3.7108,43.8472],[3.7107,43.8469],[3.7107,43.8466],[3.7105,43.8464],[3.7103,43.8461],[3.7101,43.8459],[3.7098,43.8457],[3.7096,43.8455],[3.7093,43.8453],[3.7091,43.8451],[3.7088,43.845],[3.7083,43.8449],[3.7079,43.8448],[3.7075,43.8448],[3.707,43.8449],[3.7064,43.845],[3.7061,43.8451],[3.7058,43.8451],[3.7053,43.8453],[3.7048,43.8455],[3.7045,43.8455],[3.7041,43.8456],[3.7037,43.8455],[3.7033,43.8455],[3.703,43.8454],[3.7028,43.8452],[3.7026,43.8451],[3.7023,43.8449],[3.7021,43.8447],[3.702,43.8447],[3.7019,43.8448],[3.7017,43.8449],[3.7016,43.8451],[3.7014,43.8454],[3.7012,43.8457],[3.701,43.846],[3.7008,43.8464],[3.7006,43.8468],[3.7004,43.847],[3.7001,43.8473],[3.6998,43.8476],[3.6994,43.848],[3.6992,43.8482],[3.6989,43.8484],[3.6986,43.8486],[3.6982,43.8487],[3.6978,43.8489],[3.6975,43.8489],[3.6973,43.849],[3.6971,43.849],[3.6969,43.849],[3.6968,43.8489],[3.6967,43.8488],[3.6966,43.8487],[3.6966,43.8484],[3.6966,43.8482],[3.6967,43.8479],[3.6968,43.8476],[3.697,43.8473],[3.6972,43.8469],[3.6974,43.8466],[3.6976,43.8463],[3.6978,43.846],[3.6979,43.8458],[3.6982,43.8456],[3.6985,43.8454],[3.6987,43.8452],[3.6989,43.8451],[3.699,43.8449],[3.6991,43.8447],[3.6993,43.8444],[3.6993,43.8442],[3.6989,43.8442],[3.6985,43.8442],[3.6982,43.8442],[3.698,43.8441],[3.6977,43.844],[3.6974,43.8438],[3.6974,43.8441],[3.6974,43.8444],[3.6973,43.8446],[3.6972,43.8448],[3.697,43.845],[3.6967,43.8452],[3.6965,43.8455],[3.6962,43.8457],[3.6958,43.8461],[3.6955,43.8464],[3.6953,43.8468],[3.6951,43.8471],[3.695,43.8474],[3.6949,43.8477],[3.6949,43.8479],[3.6949,43.8482],[3.695,43.8486],[3.6951,43.849],[3.6953,43.8492],[3.6954,43.8494],[3.6956,43.8496],[3.6958,43.8497],[3.696,43.8499],[3.6963,43.8499],[3.6967,43.85],[3.6969,43.85],[3.6971,43.8501],[3.6972,43.8502],[3.6973,43.8504],[3.6973,43.8507],[3.6973,43.851],[3.6973,43.8512],[3.6975,43.8513],[3.6978,43.8514],[3.6979,43.8514],[3.6982,43.8514],[3.6985,43.8512],[3.6988,43.851],[3.6992,43.8509],[3.6995,43.8508],[3.6998,43.8506],[3.7001,43.8504],[3.7006,43.8501],[3.7009,43.8498],[3.7011,43.8497],[3.7013,43.8496],[3.7016,43.8494],[3.702,43.8491],[3.7024,43.8488],[3.7027,43.8486],[3.7029,43.8483],[3.7032,43.848],[3.7034,43.8477],[3.7037,43.8474],[3.7039,43.8471],[3.7041,43.8468],[3.7043,43.8465],[3.7046,43.8463],[3.7049,43.8461],[3.7052,43.8458],[3.7055,43.8457],[3.7058,43.8455],[3.7062,43.8454],[3.7064,43.8453],[3.7066,43.8453],[3.7069,43.8453],[3.7072,43.8454],[3.7076,43.8454],[3.708,43.8456],[3.7083,43.8457],[3.7085,43.8458],[3.7087,43.846],[3.7091,43.8462],[3.7094,43.8464],[3.7096,43.8466],[3.7098,43.847],[3.7097,43.8471],[3.7096,43.8473],[3.7094,43.8475],[3.7092,43.8477],[3.709,43.8478],[3.7087,43.848],[3.7084,43.8481],[3.7081,43.8482],[3.7078,43.8483],[3.7074,43.8485],[3.7071,43.8488],[3.7067,43.8489],[3.7064,43.8491],[3.706,43.8493],[3.7056,43.8495],[3.7053,43.8497],[3.705,43.8498],[3.7047,43.85],[3.7044,43.8502],[3.7042,43.8505],[3.7041,43.8508],[3.7039,43.851],[3.7038,43.8513],[3.7036,43.8515],[3.7033,43.8518],[3.7037,43.852],[3.704,43.8523],[3.7043,43.8525],[3.7045,43.8528],[3.7046,43.8531],[3.7047,43.8533],[3.7048,43.8536],[3.7047,43.8537],[3.7046,43.8539],[3.7044,43.8541],[3.7041,43.8543],[3.7037,43.8544],[3.7033,43.8545],[3.703,43.8545],[3.7029,43.8545],[3.7031,43.8548],[3.7035,43.855],[3.7039,43.8552],[3.7042,43.8554],[3.7046,43.8554],[3.705,43.8555],[3.7055,43.8554],[3.7061,43.8554],[3.7065,43.8553],[3.7067,43.8552],[3.7068,43.855],[3.7069,43.8549],[3.707,43.8548],[3.7072,43.8548],[3.7074,43.8548]]]}},{"type":"Feature","properties":{"MI_PRINX":3671283.0,"CARTE":264,"CODE":3316,"CODE_LEG":424,"NOTATION":"h1MF","DESCR":"Calcaires et lydiennes à nodules phosphatés du Pic de Vissou et de la Serre - Nappes des Monts de Faugères (Tournaisien)","C_FOND":20,"M_FOND":40,"J_FOND":70,"N_FOND":0,"NOM_SYMB":null,"C_SYMB":-1,"M_SYMB":-1,"J_SYMB":-1,"N_SYMB":-1,"ROT_SYMB":0,"score_potentiel":70,"niveau_potentiel":"Très élevé 🌟","pente_degres":20.8,"type_affleurement":"Affleurement Moyen (Escarpement) 🟠","score_relieffiltered":85.1},"geometry":{"type":"Polygon","coordinates":[[[3.0378,43.555],[3.0387,43.5552],[3.0394,43.5553],[3.0398,43.5554],[3.04,43.5554],[3.0403,43.5553],[3.0405,43.5552],[3.0406,43.5551],[3.0407,43.555],[3.0409,43.555],[3.0412,43.555],[3.0415,43.5551],[3.0419,43.5552],[3.0422,43.5552],[3.0426,43.5553],[3.0429,43.5554],[3.0426,43.5552],[3.042,43.5549],[3.0415,43.5547],[3.0411,43.5545],[3.0408,43.5544],[3.0405,43.5543],[3.0403,43.5542],[3.0401,43.5542],[3.04,43.5542],[3.0399,43.5542],[3.0397,43.5543],[3.0396,43.5544],[3.0394,43.5545],[3.0393,43.5546],[3.0391,43.5547],[3.0389,43.5548],[3.0386,43.5548],[3.0384,43.5549],[3.0381,43.5549],[3.0378,43.555]]]}},{"type":"Feature","properties":{"MI_PRINX":3671453.0,"CARTE":264,"CODE":3316,"CODE_LEG":424,"NOTATION":"h1MF","DESCR":"Calcaires et lydiennes à nodules phosphatés du Pic de Vissou et de la Serre - Nappes des Monts de Faugères (Tournaisien)","C_FOND":20,"M_FOND":40,"J_FOND":70,"N_FOND":0,"NOM_SYMB":null,"C_SYMB":-1,"M_SYMB":-1,"J_SYMB":-1,"N_SYMB":-1,"ROT_SYMB":0,"score_potentiel":70,"niveau_potentiel":"Très élevé 🌟","pente_degres":20.2,"type_affleurement":"Affleurement Moyen (Escarpement) 🟠","score_relieffiltered":84.3},"geometry":{"type":"Polygon","coordinates":[[[3.2193,43.5515],[3.2196,43.5514],[3.22,43.5513],[3.2203,43.5512],[3.22,43.5512],[3.2196,43.5512],[3.2193,43.5512],[3.2189,43.5514],[3.2187,43.5515],[3.2187,43.5515],[3.219,43.5515],[3.2193,43.5515]]]}},{"type":"Feature","properties":{"MI_PRINX":3659386.0,"CARTE":264,"CODE":50,"CODE_LEG":50,"NOTATION":"Fy","DESCR":"Blocs, galets et graviers de calcaires siliceux, de grès, de quartz, de lydiennes, de porphyrites et de débris basaltiques (Terrasses glaciaires Würm)","C_FOND":10,"M_FOND":0,"J_FOND":10,"N_FOND":0,"NOM_SYMB":null,"C_SYMB":-1,"M_SYMB":-1,"J_SYMB":-1,"N_SYMB":-1,"ROT_SYMB":0,"score_potentiel":70,"niveau_potentiel":"Très élevé 🌟","pente_degres":20.6,"type_affleurement":"Affleurement Moyen (Escarpement) 🟠","score_relieffiltered":84.8},"geometry":{"type":"Polygon","coordinates":[[[3.9454,43.8535],[3.9481,43.8536],[3.9481,43.8535],[3.9482,43.8533],[3.9482,43.8531],[3.9484,43.8528],[3.9485,43.8524],[3.9487,43.8521],[3.949,43.8517],[3.9492,43.8512],[3.9494,43.8507],[3.9495,43.8504],[3.9496,43.8501],[3.9496,43.8498],[3.9496,43.8495],[3.9496,43.849],[3.9496,43.8487],[3.9496,43.8486],[3.9498,43.8484],[3.9499,43.8484],[3.95,43.8484],[3.9501,43.8484],[3.9503,43.8485],[3.9504,43.8487],[3.9504,43.8489],[3.9505,43.849],[3.9507,43.849],[3.9508,43.8489],[3.9509,43.8488],[3.951,43.8486],[3.9511,43.8484],[3.9511,43.8482],[3.9512,43.8479],[3.9512,43.8475],[3.9512,43.847],[3.9512,43.8465],[3.9512,43.8462],[3.9512,43.8459],[3.9511,43.8456],[3.951,43.8452],[3.9509,43.8449],[3.951,43.8446],[3.951,43.8445],[3.9512,43.8444],[3.9515,43.8443],[3.9517,43.8442],[3.952,43.8441],[3.9522,43.844],[3.9523,43.8439],[3.9525,43.8436],[3.9527,43.8433],[3.9528,43.8432],[3.9529,43.8432],[3.9531,43.8432],[3.9532,43.8432],[3.9534,43.8432],[3.9536,43.8433],[3.9538,43.8435],[3.954,43.8437],[3.9543,43.8436],[3.9547,43.8436],[3.9549,43.8436],[3.9552,43.8437],[3.9556,43.8439],[3.956,43.844],[3.9563,43.844],[3.9566,43.8439],[3.9568,43.8438],[3.9574,43.8433],[3.9575,43.8432],[3.9572,43.8431],[3.9568,43.843],[3.9563,43.8429],[3.9559,43.8427],[3.9558,43.8426],[3.9557,43.8426],[3.9558,43.8424],[3.956,43.8422],[3.9563,43.842],[3.9564,43.8418],[3.9565,43.8417],[3.956,43.8416],[3.9557,43.8415],[3.9554,43.8413],[3.9552,43.8412],[3.9549,43.8412],[3.9546,43.8412],[3.9544,43.8413],[3.9542,43.8413],[3.9541,43.8415],[3.9539,43.8417],[3.9538,43.8418],[3.9536,43.842],[3.9532,43.8422],[3.953,43.8422],[3.9528,43.8423],[3.9523,43.8425],[3.9521,43.8426],[3.9519,43.8428],[3.9517,43.843],[3.9515,43.8432],[3.9514,43.8434],[3.9512,43.8436],[3.9511,43.8436],[3.951,43.8437],[3.9508,43.8436],[3.9507,43.8436],[3.9507,43.8434],[3.9506,43.843],[3.9505,43.8426],[3.9503,43.842],[3.9502,43.8415],[3.9501,43.841],[3.95,43.8405],[3.9499,43.8399],[3.9498,43.8393],[3.9497,43.8389],[3.9497,43.8388],[3.9496,43.8387],[3.9495,43.8385],[3.9493,43.8383],[3.9492,43.8382],[3.949,43.8381],[3.9488,43.8379],[3.9485,43.8377],[3.9482,43.8376],[3.9477,43.8374],[3.9473,43.8373],[3.9469,43.8372],[3.9465,43.8372],[3.9461,43.8371],[3.9457,43.8371],[3.9454,43.837],[3.9451,43.8369],[3.9448,43.8367],[3.9444,43.8365],[3.9439,43.8364],[3.9436,43.8363],[3.9435,43.8363],[3.9433,43.8363],[3.9431,43.8363],[3.9429,43.8363],[3.9427,43.8365],[3.9427,43.8366],[3.9427,43.8368],[3.9428,43.837],[3.943,43.8372],[3.9431,43.8375],[3.9433,43.8377],[3.9434,43.8379],[3.9435,43.8382],[3.9435,43.8385],[3.9435,43.8388],[3.9435,43.839],[3.9434,43.8392],[3.9433,43.8394],[3.9433,43.8397],[3.9435,43.8399],[3.9438,43.8401],[3.944,43.8404],[3.9443,43.8406],[3.9444,43.8409],[3.9446,43.8411],[3.9448,43.8414],[3.945,43.8418],[3.9451,43.8421],[3.9453,43.8424],[3.9454,43.8428],[3.9457,43.8432],[3.9459,43.8437],[3.9461,43.844],[3.9462,43.8442],[3.9463,43.8443],[3.9465,43.8445],[3.9465,43.8447],[3.9465,43.8449],[3.9466,43.8451],[3.9465,43.8453],[3.9464,43.8455],[3.9462,43.8456],[3.946,43.8457],[3.9458,43.8458],[3.9457,43.8459],[3.9455,43.8461],[3.9453,43.8464],[3.9451,43.8467],[3.9449,43.847],[3.9448,43.8473],[3.9448,43.8475],[3.9447,43.8479],[3.9448,43.8483],[3.9448,43.8487],[3.9448,43.849],[3.9449,43.8494],[3.9452,43.8498],[3.9454,43.8503],[3.9456,43.8506],[3.9458,43.8509],[3.946,43.8513],[3.9462,43.8516],[3.9463,43.8519],[3.9463,43.8521],[3.9462,43.8523],[3.9461,43.8525],[3.9459,43.8528],[3.9457,43.8531],[3.9454,43.8534],[3.9454,43.8535]]]}},{"type":"Feature","properties":{"MI_PRINX":3659395.0,"CARTE":264,"CODE":50,"CODE_LEG":50,"NOTATION":"Fy","DESCR":"Blocs, galets et graviers de calcaires siliceux, de grès, de quartz, de lydiennes, de porphyrites et de débris basaltiques (Terrasses glaciaires Würm)","C_FOND":10,"M_FOND":0,"J_FOND":10,"N_FOND":0,"NOM_SYMB":null,"C_SYMB":-1,"M_SYMB":-1,"J_SYMB":-1,"N_SYMB":-1,"ROT_SYMB":0,"score_potentiel":70,"niveau_potentiel":"Très élevé 🌟","pente_degres":16.6,"type_affleurement":"Affleurement Moyen (Escarpement) 🟠","score_relieffiltered":79.2},"geometry":{"type":"Polygon","coordinates":[[[3.7092,43.8516],[3.7093,43.8518],[3.7094,43.852],[3.7094,43.8522],[3.7094,43.8525],[3.7094,43.8527],[3.7094,43.853],[3.7094,43.8534],[3.7094,43.8537],[3.7094,43.8541],[3.7094,43.8544],[3.7094,43.8547],[3.7093,43.855],[3.7092,43.8553],[3.7092,43.8555],[3.7092,43.8557],[3.7093,43.8559],[3.7095,43.856],[3.7095,43.856],[3.7098,43.8558],[3.7101,43.8556],[3.7105,43.8554],[3.7107,43.8552],[3.7108,43.855],[3.711,43.8547],[3.7112,43.8544],[3.7112,43.8541],[3.7113,43.8538],[3.7112,43.8536],[3.7111,43.8532],[3.7109,43.8529],[3.7106,43.8526],[3.7104,43.8524],[3.7101,43.8522],[3.7098,43.852],[3.7095,43.8518],[3.7092,43.8516]]]}},{"type":"Feature","properties":{"MI_PRINX":3669655.0,"CARTE":264,"CODE":3316,"CODE_LEG":424,"NOTATION":"h1MF","DESCR":"Calcaires et lydiennes à nodules phosphatés du Pic de Vissou et de la Serre - Nappes des Monts de Faugères (Tournaisien)","C_FOND":20,"M_FOND":40,"J_FOND":70,"N_FOND":0,"NOM_SYMB":null,"C_SYMB":-1,"M_SYMB":-1,"J_SYMB":-1,"N_SYMB":-1,"ROT_SYMB":0,"score_potentiel":70,"niveau_potentiel":"Très élevé 🌟","pente_degres":20.7,"type_affleurement":"Affleurement Moyen (Escarpement) 🟠","score_relieffiltered":85.0},"geometry":{"type":"Polygon","coordinates":[[[3.3375,43.5768],[3.3379,43.5764],[3.3377,43.5763],[3.3375,43.5763],[3.3373,43.5763],[3.337,43.5763],[3.3368,43.5763],[3.3352,43.5763],[3.3348,43.5763],[3.3347,43.5763],[3.3344,43.5767],[3.3347,43.5767],[3.335,43.5767],[3.3355,43.5766],[3.3365,43.5766],[3.3373,43.5767],[3.3375,43.5768]]]}},{"type":"Feature","properties":{"MI_PRINX":3669656.0,"CARTE":264,"CODE":50,"CODE_LEG":50,"NOTATION":"Fy","DESCR":"Blocs, galets et graviers de calcaires siliceux, de grès, de quartz, de lydiennes, de porphyrites et de débris basaltiques (Terrasses glaciaires Würm)","C_FOND":10,"M_FOND":0,"J_FOND":10,"N_FOND":0,"NOM_SYMB":null,"C_SYMB":-1,"M_SYMB":-1,"J_SYMB":-1,"N_SYMB":-1,"ROT_SYMB":0,"score_potentiel":70,"niveau_potentiel":"Très élevé 🌟","pente_degres":19.7,"type_affleurement":"Affleurement Moyen (Escarpement) 🟠","score_relieffiltered":83.6},"geometry":{"type":"Polygon","coordinates":[[[3.4822,43.5753],[3.4823,43.5747],[3.4826,43.5742],[3.4834,43.5738],[3.4841,43.5733],[3.4842,43.573],[3.4842,43.5727],[3.4838,43.5722],[3.4821,43.5703],[3.4817,43.5695],[3.4817,43.5693],[3.4817,43.5688],[3.4818,43.5685],[3.4818,43.5684],[3.482,43.5675],[3.4829,43.5658],[3.4837,43.5648],[3.4844,43.5643],[3.485,43.564],[3.4865,43.5634],[3.4869,43.5632],[3.487,43.563],[3.4866,43.5623],[3.4866,43.5623],[3.4868,43.562],[3.4876,43.5616],[3.4883,43.5611],[3.4889,43.5599],[3.4892,43.5593],[3.4894,43.559],[3.4896,43.5588],[3.4898,43.5586],[3.4901,43.5583],[3.4904,43.558],[3.4907,43.5577],[3.4909,43.5574],[3.4909,43.5573],[3.491,43.5569],[3.4911,43.5566],[3.4911,43.5563],[3.4912,43.5562],[3.4913,43.556],[3.4914,43.5559],[3.4916,43.5557],[3.4917,43.5556],[3.4919,43.5555],[3.492,43.5555],[3.4919,43.5554],[3.4917,43.5554],[3.4915,43.5553],[3.4912,43.5552],[3.491,43.5552],[3.4909,43.5551],[3.4907,43.5551],[3.4904,43.5551],[3.4899,43.5551],[3.4895,43.5551],[3.4891,43.5552],[3.4887,43.5553],[3.4883,43.5553],[3.4878,43.5554],[3.4874,43.5555],[3.4871,43.5556],[3.4869,43.5557],[3.4866,43.5559],[3.4863,43.5561],[3.486,43.5564],[3.4858,43.5567],[3.4856,43.557],[3.4853,43.5574],[3.4851,43.5578],[3.4848,43.5581],[3.4846,43.5585],[3.4843,43.5588],[3.4841,43.5591],[3.4838,43.5594],[3.4836,43.5595],[3.4834,43.5597],[3.4833,43.5598],[3.483,43.56],[3.4802,43.5622],[3.4796,43.5631],[3.4792,43.5643],[3.479,43.5652],[3.479,43.5654],[3.4789,43.5659],[3.4789,43.5659],[3.4789,43.5673],[3.4789,43.5677],[3.4789,43.5678],[3.4784,43.5693],[3.4783,43.5697],[3.4783,43.5701],[3.4783,43.5704],[3.4783,43.5705],[3.4786,43.5712],[3.4791,43.572],[3.4795,43.5726],[3.4796,43.5732],[3.4803,43.5736],[3.4814,43.5744],[3.4822,43.5753]]]}},{"type":"Feature","properties":{"MI_PRINX":3671421.0,"CARTE":264,"CODE":50,"CODE_LEG":50,"NOTATION":"Fy","DESCR":"Blocs, galets et graviers de calcaires siliceux, de grès, de quartz, de lydiennes, de porphyrites et de débris basaltiques (Terrasses glaciaires Würm)","C_FOND":10,"M_FOND":0,"J_FOND":10,"N_FOND":0,"NOM_SYMB":null,"C_SYMB":-1,"M_SYMB":-1,"J_SYMB":-1,"N_SYMB":-1,"ROT_SYMB":0,"score_potentiel":70,"niveau_potentiel":"Très élevé 🌟","pente_degres":20.9,"type_affleurement":"Affleurement Moyen (Escarpement) 🟠","score_relieffiltered":85.3},"geometry":{"type":"Polygon","coordinates":[[[3.4054,43.5488],[3.4055,43.5486],[3.4055,43.5484],[3.4056,43.5482],[3.4057,43.5481],[3.4059,43.548],[3.4061,43.548],[3.4061,43.548],[3.4061,43.5478],[3.406,43.5476],[3.4058,43.5473],[3.4056,43.5471],[3.4054,43.5469],[3.4053,43.5466],[3.4053,43.5464],[3.4054,43.5461],[3.4056,43.5458],[3.4057,43.5456],[3.4057,43.5454],[3.4057,43.5452],[3.4056,43.545],[3.4055,43.5447],[3.4054,43.5445],[3.4054,43.5443],[3.4055,43.5439],[3.4055,43.5437],[3.4056,43.5434],[3.4059,43.5431],[3.4061,43.5429],[3.4062,43.5426],[3.4062,43.5422],[3.4063,43.5419],[3.4063,43.5415],[3.4062,43.5412],[3.4062,43.5409],[3.4063,43.5407],[3.4064,43.5405],[3.4065,43.5403],[3.4064,43.5401],[3.4062,43.5399],[3.406,43.5396],[3.406,43.5394],[3.4061,43.5391],[3.406,43.5389],[3.4058,43.5387],[3.4056,43.5386],[3.4055,43.5385],[3.4053,43.5383],[3.4053,43.5381],[3.4054,43.5378],[3.4055,43.5376],[3.4057,43.5373],[3.4059,43.537],[3.4061,43.5369],[3.4062,43.5367],[3.4062,43.5365],[3.4061,43.5363],[3.406,43.5361],[3.4058,43.536],[3.4058,43.5358],[3.4057,43.5356],[3.4057,43.5355],[3.4058,43.5354],[3.406,43.5352],[3.4058,43.5352],[3.4057,43.5351],[3.4056,43.5351],[3.4054,43.5352],[3.4052,43.5352],[3.405,43.5353],[3.4049,43.5352],[3.4047,43.535],[3.4046,43.5352],[3.4046,43.5353],[3.4046,43.5355],[3.4044,43.5357],[3.4042,43.5359],[3.404,43.5362],[3.4038,43.5365],[3.4037,43.5366],[3.4036,43.5368],[3.4037,43.5372],[3.4038,43.5377],[3.4039,43.538],[3.4038,43.5382],[3.4036,43.5384],[3.4034,43.5386],[3.4031,43.5389],[3.4028,43.5391],[3.4026,43.5394],[3.4025,43.5396],[3.4025,43.5398],[3.4026,43.5401],[3.4027,43.5403],[3.4029,43.5405],[3.4031,43.5408],[3.4032,43.541],[3.4034,43.5411],[3.4036,43.5412],[3.4038,43.5414],[3.404,43.5417],[3.404,43.5419],[3.404,43.5421],[3.404,43.5424],[3.404,43.5427],[3.4041,43.5429],[3.4042,43.5431],[3.4042,43.5433],[3.4041,43.5435],[3.404,43.5438],[3.4039,43.544],[3.4039,43.5441],[3.404,43.5443],[3.4041,43.5445],[3.4042,43.5446],[3.4043,43.5448],[3.4043,43.5451],[3.4043,43.5454],[3.4043,43.5457],[3.4044,43.5461],[3.4045,43.5465],[3.4047,43.5471],[3.4047,43.5478],[3.4047,43.5483],[3.4047,43.5486],[3.4047,43.5488],[3.4046,43.5492],[3.4045,43.5495],[3.4043,43.5499],[3.4043,43.5502],[3.4043,43.5503],[3.4045,43.5504],[3.4046,43.5503],[3.4046,43.5501],[3.4047,43.5499],[3.4047,43.5498],[3.4048,43.5497],[3.4051,43.5496],[3.4053,43.5495],[3.4054,43.5493],[3.4055,43.5492],[3.4054,43.549],[3.4054,43.5488]]]}},{"type":"Feature","properties":{"MI_PRINX":3671456.0,"CARTE":264,"CODE":50,"CODE_LEG":50,"NOTATION":"Fy","DESCR":"Blocs, galets et graviers de calcaires siliceux, de grès, de quartz, de lydiennes, de porphyrites et de débris basaltiques (Terrasses glaciaires Würm)","C_FOND":10,"M_FOND":0,"J_FOND":10,"N_FOND":0,"NOM_SYMB":null,"C_SYMB":-1,"M_SYMB":-1,"J_SYMB":-1,"N_SYMB":-1,"ROT_SYMB":0,"score_potentiel":70,"niveau_potentiel":"Très élevé 🌟","pente_degres":32.5,"type_affleurement":"Affleurement Fort (Falaise / Ravine) 🔴","score_relieffiltered":100.0},"geometry":{"type":"Polygon","coordinates":[[[3.499,43.5483],[3.4995,43.5481],[3.4999,43.548],[3.5003,43.548],[3.5007,43.548],[3.5009,43.548],[3.5012,43.548],[3.5015,43.5481],[3.502,43.5482],[3.5026,43.5483],[3.5031,43.5484],[3.5034,43.5485],[3.5037,43.5485],[3.504,43.5485],[3.5042,43.5485],[3.5046,43.5484],[3.5052,43.5483],[3.5058,43.5483],[3.5063,43.5483],[3.5067,43.5483],[3.5071,43.5484],[3.5075,43.5484],[3.5079,43.5485],[3.5083,43.5486],[3.5088,43.5487],[3.5091,43.5488],[3.5094,43.5487],[3.5097,43.5487],[3.51,43.5487],[3.5103,43.5487],[3.5107,43.5486],[3.5113,43.5484],[3.5119,43.5483],[3.5124,43.5481],[3.5128,43.548],[3.5131,43.5479],[3.5133,43.5478],[3.5134,43.5477],[3.5136,43.5476],[3.5138,43.5474],[3.514,43.5473],[3.5142,43.5472],[3.5142,43.5471],[3.5144,43.5471],[3.5147,43.5471],[3.5151,43.5472],[3.5153,43.5472],[3.5155,43.5472],[3.5157,43.5471],[3.5161,43.5469],[3.5164,43.5468],[3.5167,43.5467],[3.5172,43.5466],[3.5179,43.5466],[3.5185,43.5465],[3.519,43.5464],[3.5193,43.5463],[3.5196,43.5463],[3.5198,43.5462],[3.5198,43.5462],[3.5199,43.5461],[3.5196,43.5461],[3.5185,43.5462],[3.518,43.5462],[3.5177,43.5462],[3.5173,43.5461],[3.517,43.546],[3.5166,43.546],[3.5159,43.5461],[3.5151,43.5462],[3.5147,43.5462],[3.5144,43.5461],[3.514,43.5461],[3.5134,43.5461],[3.513,43.5461],[3.5127,43.5462],[3.5125,43.5463],[3.5124,43.5466],[3.5122,43.5468],[3.5119,43.547],[3.5114,43.5471],[3.5109,43.5473],[3.5106,43.5473],[3.5104,43.5475],[3.5101,43.5476],[3.5098,43.5476],[3.5095,43.5476],[3.5093,43.5475],[3.5091,43.5473],[3.5088,43.5473],[3.5086,43.5473],[3.5083,43.5473],[3.5077,43.5474],[3.5074,43.5475],[3.5071,43.5474],[3.5066,43.5472],[3.5062,43.5471],[3.506,43.5471],[3.5057,43.5471],[3.5053,43.5472],[3.505,43.5473],[3.5048,43.5473],[3.5045,43.5473],[3.5042,43.5473],[3.5039,43.5472],[3.5036,43.5472],[3.5033,43.5473],[3.5029,43.5474],[3.5027,43.5477],[3.5025,43.5478],[3.5022,43.5479],[3.502,43.548],[3.5017,43.548],[3.5014,43.5479],[3.501,43.5477],[3.5008,43.5476],[3.5005,43.5475],[3.5002,43.5476],[3.4999,43.5477],[3.4997,43.5478],[3.4993,43.548],[3.499,43.5483]]]}},{"type":"Feature","properties":{"MI_PRINX":3671458.0,"CARTE":264,"CODE":3316,"CODE_LEG":424,"NOTATION":"h1MF","DESCR":"Calcaires et lydiennes à nodules phosphatés du Pic de Vissou et de la Serre - Nappes des Monts de Faugères (Tournaisien)","C_FOND":20,"M_FOND":40,"J_FOND":70,"N_FOND":0,"NOM_SYMB":null,"C_SYMB":-1,"M_SYMB":-1,"J_SYMB":-1,"N_SYMB":-1,"ROT_SYMB":0,"score_potentiel":70,"niveau_potentiel":"Très élevé 🌟","pente_degres":17.7,"type_affleurement":"Affleurement Moyen (Escarpement) 🟠","score_relieffiltered":80.8},"geometry":{"type":"Polygon","coordinates":[[[3.2232,43.551],[3.2228,43.5511],[3.2225,43.5512],[3.2223,43.5512],[3.2222,43.5514],[3.2223,43.5514],[3.2226,43.5514],[3.223,43.5514],[3.2233,43.5514],[3.2235,43.5514],[3.2237,43.5513],[3.2237,43.5512],[3.2235,43.5511],[3.2232,43.551]]]}},{"type":"Feature","properties":{"MI_PRINX":3659597.0,"CARTE":264,"CODE":50,"CODE_LEG":50,"NOTATION":"Fy","DESCR":"Blocs, galets et graviers de calcaires siliceux, de grès, de quartz, de lydiennes, de porphyrites et de débris basaltiques (Terrasses glaciaires Würm)","C_FOND":10,"M_FOND":0,"J_FOND":10,"N_FOND":0,"NOM_SYMB":null,"C_SYMB":-1,"M_SYMB":-1,"J_SYMB":-1,"N_SYMB":-1,"ROT_SYMB":0,"score_potentiel":70,"niveau_potentiel":"Très élevé 🌟","pente_degres":17.1,"type_affleurement":"Affleurement Moyen (Escarpement) 🟠","score_relieffiltered":79.9},"geometry":{"type":"Polygon","coordinates":[[[3.6965,43.8427],[3.6962,43.8426],[3.6959,43.8427],[3.6956,43.8428],[3.6952,43.8429],[3.6947,43.8431],[3.6944,43.8432],[3.6944,43.8432],[3.6943,43.8432],[3.6942,43.8433],[3.6941,43.8434],[3.6939,43.8435],[3.6937,43.8435],[3.6934,43.8435],[3.693,43.8435],[3.6928,43.8435],[3.6927,43.8435],[3.6926,43.8434],[3.6925,43.8432],[3.6925,43.8431],[3.6923,43.843],[3.6921,43.8428],[3.6921,43.843],[3.692,43.8433],[3.6918,43.8437],[3.6917,43.8441],[3.6917,43.8443],[3.6918,43.8446],[3.692,43.8449],[3.6923,43.8451],[3.6925,43.8452],[3.6928,43.8454],[3.6932,43.8455],[3.6936,43.8454],[3.6941,43.8453],[3.6945,43.8452],[3.6949,43.8451],[3.6953,43.8448],[3.6957,43.8445],[3.6959,43.8442],[3.696,43.844],[3.6961,43.8436],[3.6962,43.8433],[3.6961,43.843],[3.6962,43.8428],[3.6965,43.8427]]]}},{"type":"Feature","properties":{"MI_PRINX":3659864.0,"CARTE":264,"CODE":50,"CODE_LEG":50,"NOTATION":"Fy","DESCR":"Blocs, galets et graviers de calcaires siliceux, de grès, de quartz, de lydiennes, de porphyrites et de débris basaltiques (Terrasses glaciaires Würm)","C_FOND":10,"M_FOND":0,"J_FOND":10,"N_FOND":0,"NOM_SYMB":null,"C_SYMB":-1,"M_SYMB":-1,"J_SYMB":-1,"N_SYMB":-1,"ROT_SYMB":0,"score_potentiel":70,"niveau_potentiel":"Très élevé 🌟","pente_degres":32.8,"type_affleurement":"Affleurement Fort (Falaise / Ravine) 🔴","score_relieffiltered":100.0},"geometry":{"type":"Polygon","coordinates":[[[3.791,43.8194],[3.7909,43.8193],[3.7908,43.8191],[3.7906,43.819],[3.7904,43.8189],[3.7902,43.8188],[3.7897,43.8185],[3.7894,43.8186],[3.7896,43.8188],[3.7898,43.819],[3.7899,43.8192],[3.79,43.8194],[3.7901,43.8196],[3.7901,43.82],[3.7902,43.8204],[3.7902,43.8207],[3.7902,43.821],[3.7903,43.8213],[3.7904,43.8217],[3.7905,43.8221],[3.7906,43.8223],[3.7907,43.8225],[3.7907,43.8226],[3.7908,43.8227],[3.7909,43.8228],[3.7911,43.8229],[3.7915,43.8229],[3.7919,43.823],[3.7923,43.823],[3.7927,43.823],[3.7931,43.823],[3.7938,43.8231],[3.7947,43.8231],[3.7954,43.8232],[3.7957,43.8233],[3.7961,43.8233],[3.797,43.8234],[3.798,43.8235],[3.7988,43.8236],[3.7993,43.8236],[3.7996,43.8235],[3.8,43.8235],[3.8005,43.8234],[3.801,43.8233],[3.8015,43.8231],[3.8019,43.823],[3.8022,43.8229],[3.8026,43.8227],[3.803,43.8225],[3.8036,43.8223],[3.804,43.8222],[3.8044,43.8221],[3.8046,43.822],[3.8047,43.822],[3.8049,43.8221],[3.8052,43.8222],[3.8054,43.8223],[3.8056,43.8224],[3.806,43.8225],[3.8065,43.8225],[3.8071,43.8224],[3.8076,43.8224],[3.8079,43.8223],[3.8082,43.8223],[3.8085,43.8222],[3.8088,43.8221],[3.8092,43.822],[3.8095,43.8218],[3.8099,43.8217],[3.8102,43.8216],[3.8105,43.8215],[3.8108,43.8214],[3.811,43.8214],[3.8114,43.8214],[3.8117,43.8214],[3.812,43.8214],[3.8122,43.8214],[3.8123,43.8214],[3.8125,43.8214],[3.8126,43.8213],[3.8128,43.8213],[3.8128,43.8212],[3.8128,43.8211],[3.8128,43.8211],[3.8128,43.821],[3.8127,43.821],[3.8125,43.821],[3.8121,43.821],[3.8117,43.8209],[3.8114,43.8208],[3.8111,43.8208],[3.8109,43.8207],[3.8107,43.8206],[3.8105,43.8205],[3.8102,43.8205],[3.81,43.8206],[3.8098,43.8207],[3.8097,43.8209],[3.8095,43.8211],[3.8091,43.8213],[3.8087,43.8214],[3.8083,43.8215],[3.8078,43.8216],[3.8073,43.8217],[3.807,43.8217],[3.8069,43.8217],[3.8068,43.8217],[3.8068,43.8216],[3.8068,43.8215],[3.807,43.8214],[3.8074,43.8212],[3.8078,43.821],[3.8082,43.8209],[3.8085,43.8208],[3.8088,43.8206],[3.8091,43.8205],[3.8093,43.8203],[3.8096,43.82],[3.8099,43.8197],[3.8103,43.8193],[3.8108,43.819],[3.8112,43.8187],[3.8114,43.8184],[3.8116,43.8183],[3.812,43.8182],[3.8124,43.818],[3.813,43.8178],[3.8131,43.8176],[3.8133,43.8173],[3.8134,43.8171],[3.8134,43.8168],[3.8134,43.8164],[3.8133,43.816],[3.8132,43.8157],[3.8131,43.8154],[3.813,43.8151],[3.8128,43.8147],[3.8126,43.8143],[3.8126,43.8139],[3.8126,43.8135],[3.8127,43.8132],[3.8129,43.8129],[3.8128,43.8127],[3.8128,43.8125],[3.8126,43.8124],[3.8125,43.8123],[3.8123,43.8122],[3.812,43.8123],[3.8117,43.8123],[3.8115,43.8124],[3.8114,43.8123],[3.8113,43.8123],[3.8111,43.8122],[3.8108,43.812],[3.8106,43.8118],[3.8104,43.8117],[3.8103,43.8117],[3.8102,43.8117],[3.81,43.8117],[3.8099,43.8119],[3.8098,43.812],[3.8098,43.8123],[3.8098,43.8126],[3.8099,43.813],[3.8101,43.8134],[3.8103,43.8138],[3.8105,43.8143],[3.8108,43.8148],[3.811,43.8152],[3.8111,43.8156],[3.8111,43.8158],[3.8111,43.816],[3.811,43.8163],[3.8107,43.8169],[3.8104,43.8176],[3.81,43.8181],[3.8097,43.8187],[3.8094,43.8189],[3.8092,43.8192],[3.8088,43.8196],[3.8084,43.8199],[3.808,43.8202],[3.8077,43.8204],[3.8074,43.8205],[3.8069,43.8206],[3.8065,43.8207],[3.8062,43.8207],[3.806,43.8207],[3.8056,43.8206],[3.8052,43.8205],[3.805,43.8205],[3.8048,43.8206],[3.8045,43.8206],[3.8041,43.8208],[3.8037,43.821],[3.8034,43.8211],[3.8031,43.8211],[3.8028,43.8211],[3.8025,43.8212],[3.8022,43.8212],[3.802,43.8213],[3.8018,43.8215],[3.8016,43.8215],[3.8014,43.8216],[3.8011,43.8215],[3.8009,43.8214],[3.8007,43.8213],[3.8004,43.821],[3.8001,43.8208],[3.7999,43.8206],[3.7998,43.8205],[3.7997,43.8205],[3.7993,43.8205],[3.799,43.8205],[3.7988,43.8205],[3.7985,43.8202],[3.798,43.8198],[3.7976,43.8194],[3.7974,43.8193],[3.7972,43.8192],[3.7969,43.8191],[3.7965,43.8189],[3.796,43.8188],[3.7958,43.8187],[3.7955,43.8187],[3.7952,43.8187],[3.7949,43.8187],[3.795,43.8188],[3.7952,43.8191],[3.7955,43.8194],[3.7958,43.82],[3.7961,43.8204],[3.7964,43.8209],[3.7968,43.8214],[3.797,43.8217],[3.7971,43.822],[3.7972,43.8222],[3.7975,43.8225],[3.7978,43.8228],[3.798,43.8229],[3.7984,43.8231],[3.7987,43.8233],[3.7988,43.8234],[3.7989,43.8234],[3.7986,43.8234],[3.7985,43.8234],[3.7983,43.8233],[3.7979,43.8231],[3.7975,43.8228],[3.7972,43.8226],[3.797,43.8224],[3.7967,43.8219],[3.7966,43.8215],[3.7965,43.8213],[3.7962,43.821],[3.796,43.8207],[3.7959,43.8206],[3.7957,43.8203],[3.7955,43.82],[3.7953,43.8197],[3.7952,43.8195],[3.795,43.8192],[3.7947,43.8189],[3.7946,43.8187],[3.7945,43.8188],[3.7943,43.8189],[3.7941,43.819],[3.7941,43.8192],[3.7939,43.8194],[3.7938,43.8198],[3.7937,43.8199],[3.7935,43.82],[3.7931,43.8201],[3.7927,43.8203],[3.7924,43.8206],[3.7921,43.8208],[3.792,43.8208],[3.7918,43.8208],[3.7918,43.8208],[3.7916,43.8208],[3.7914,43.8206],[3.7912,43.8205],[3.7911,43.8203],[3.791,43.8199],[3.791,43.8196],[3.791,43.8194]]]}},{"type":"Feature","properties":{"MI_PRINX":3659750.0,"CARTE":264,"CODE":50,"CODE_LEG":50,"NOTATION":"Fy","DESCR":"Blocs, galets et graviers de calcaires siliceux, de grès, de quartz, de lydiennes, de porphyrites et de débris basaltiques (Terrasses glaciaires Würm)","C_FOND":10,"M_FOND":0,"J_FOND":10,"N_FOND":0,"NOM_SYMB":null,"C_SYMB":-1,"M_SYMB":-1,"J_SYMB":-1,"N_SYMB":-1,"ROT_SYMB":0,"score_potentiel":70,"niveau_potentiel":"Très élevé 🌟","pente_degres":31.1,"type_affleurement":"Affleurement Fort (Falaise / Ravine) 🔴","score_relieffiltered":99.5},"geometry":{"type":"Polygon","coordinates":[[[3.7757,43.832],[3.7758,43.832],[3.776,43.8317],[3.7761,43.8316],[3.7762,43.8316],[3.7765,43.8314],[3.7768,43.8312],[3.7771,43.8311],[3.7773,43.8311],[3.7774,43.8311],[3.7777,43.831],[3.7779,43.831],[3.7781,43.8311],[3.7782,43.8311],[3.7783,43.8311],[3.7784,43.8308],[3.7787,43.8303],[3.7789,43.8299],[3.7793,43.8296],[3.7797,43.8293],[3.7799,43.8292],[3.7799,43.8286],[3.78,43.8284],[3.7802,43.8281],[3.7802,43.8279],[3.7801,43.8277],[3.78,43.8276],[3.78,43.8275],[3.7799,43.8274],[3.7797,43.8272],[3.7796,43.827],[3.7796,43.8268],[3.7797,43.8267],[3.7799,43.8266],[3.7803,43.8264],[3.7806,43.8263],[3.7807,43.8262],[3.7808,43.826],[3.7809,43.8257],[3.7811,43.8255],[3.7813,43.8253],[3.7817,43.8252],[3.7818,43.8251],[3.7815,43.8249],[3.7811,43.8245],[3.7807,43.8243],[3.7806,43.8242],[3.7803,43.824],[3.7798,43.8237],[3.7793,43.8233],[3.7787,43.8231],[3.7781,43.8228],[3.7773,43.8225],[3.7769,43.8225],[3.7766,43.8224],[3.7762,43.8224],[3.7757,43.8225],[3.7752,43.8226],[3.7748,43.8226],[3.7745,43.8226],[3.7742,43.8226],[3.7738,43.8226],[3.7735,43.8225],[3.7731,43.8224],[3.7726,43.8222],[3.7721,43.8221],[3.7717,43.822],[3.7714,43.822],[3.7712,43.822],[3.7712,43.8221],[3.7712,43.8222],[3.7715,43.8225],[3.7717,43.8229],[3.7719,43.8232],[3.7723,43.8235],[3.7728,43.8239],[3.7733,43.8242],[3.7739,43.8244],[3.7744,43.8246],[3.775,43.8248],[3.7756,43.825],[3.7761,43.825],[3.7763,43.825],[3.7765,43.8249],[3.7768,43.8247],[3.777,43.8245],[3.7772,43.8243],[3.7775,43.8243],[3.7777,43.8244],[3.7779,43.8245],[3.7782,43.8247],[3.7785,43.8248],[3.7788,43.8251],[3.7789,43.8253],[3.7791,43.8256],[3.7791,43.8259],[3.7791,43.8262],[3.7791,43.8265],[3.779,43.8267],[3.779,43.8268],[3.7789,43.8269],[3.7787,43.827],[3.7785,43.8272],[3.7783,43.8273],[3.7781,43.8276],[3.778,43.8279],[3.7778,43.8282],[3.7776,43.8284],[3.7774,43.8286],[3.7771,43.8289],[3.7767,43.8291],[3.7763,43.8293],[3.7757,43.8295],[3.7752,43.8297],[3.7748,43.8299],[3.7745,43.8301],[3.7742,43.8303],[3.774,43.8304],[3.7739,43.8306],[3.7738,43.8308],[3.7738,43.8311],[3.7739,43.8313],[3.7741,43.8315],[3.7743,43.8318],[3.7746,43.832],[3.7749,43.8321],[3.775,43.8322],[3.7752,43.8322],[3.7755,43.8321],[3.7757,43.832]]]}},{"type":"Feature","properties":{"MI_PRINX":3660093.0,"CARTE":264,"CODE":50,"CODE_LEG":50,"NOTATION":"Fy","DESCR":"Blocs, galets et graviers de calcaires siliceux, de grès, de quartz, de lydiennes, de porphyrites et de débris basaltiques (Terrasses glaciaires Würm)","C_FOND":10,"M_FOND":0,"J_FOND":10,"N_FOND":0,"NOM_SYMB":null,"C_SYMB":-1,"M_SYMB":-1,"J_SYMB":-1,"N_SYMB":-1,"ROT_SYMB":0,"score_potentiel":70,"niveau_potentiel":"Très élevé 🌟","pente_degres":31.4,"type_affleurement":"Affleurement Fort (Falaise / Ravine) 🔴","score_relieffiltered":100.0},"geometry":{"type":"Polygon","coordinates":[[[3.7434,43.8113],[3.7434,43.8113],[3.7438,43.811],[3.7443,43.8106],[3.745,43.8101],[3.7444,43.8104],[3.744,43.8106],[3.7436,43.8109],[3.7434,43.8112],[3.7434,43.8113]]]}},{"type":"Feature","properties":{"MI_PRINX":3660087.0,"CARTE":264,"CODE":50,"CODE_LEG":50,"NOTATION":"Fy","DESCR":"Blocs, galets et graviers de calcaires siliceux, de grès, de quartz, de lydiennes, de porphyrites et de débris basaltiques (Terrasses glaciaires Würm)","C_FOND":10,"M_FOND":0,"J_FOND":10,"N_FOND":0,"NOM_SYMB":null,"C_SYMB":-1,"M_SYMB":-1,"J_SYMB":-1,"N_SYMB":-1,"ROT_SYMB":0,"score_potentiel":70,"niveau_potentiel":"Très élevé 🌟","pente_degres":19.7,"type_affleurement":"Affleurement Moyen (Escarpement) 🟠","score_relieffiltered":83.6},"geometry":{"type":"Polygon","coordinates":[[[3.7421,43.8082],[3.742,43.8085],[3.742,43.8089],[3.7421,43.8094],[3.7422,43.8097],[3.7422,43.8099],[3.7423,43.8104],[3.7423,43.8108],[3.7424,43.811],[3.7424,43.8111],[3.7424,43.8113],[3.7425,43.8115],[3.7427,43.8116],[3.7428,43.8116],[3.743,43.8116],[3.743,43.8115],[3.7432,43.8111],[3.7434,43.8108],[3.7436,43.8106],[3.744,43.8104],[3.7444,43.8101],[3.7451,43.8098],[3.7457,43.8094],[3.746,43.8091],[3.7463,43.8088],[3.7465,43.8087],[3.7466,43.8085],[3.7465,43.8084],[3.7461,43.808],[3.7459,43.8078],[3.7458,43.8077],[3.7458,43.8076],[3.7459,43.8074],[3.7461,43.8072],[3.7464,43.8071],[3.7467,43.807],[3.7471,43.807],[3.7479,43.807],[3.7485,43.807],[3.7486,43.8069],[3.749,43.8068],[3.7492,43.8066],[3.7492,43.8065],[3.7491,43.8066],[3.7488,43.8067],[3.7486,43.8068],[3.7479,43.8068],[3.7469,43.8069],[3.7463,43.8069],[3.7459,43.807],[3.7456,43.8071],[3.7452,43.8072],[3.7451,43.8072],[3.7448,43.8072],[3.7444,43.8071],[3.744,43.8071],[3.7437,43.807],[3.7434,43.807],[3.7431,43.8071],[3.7428,43.8072],[3.7426,43.8073],[3.7425,43.8074],[3.7424,43.8076],[3.7423,43.8078],[3.7422,43.808],[3.7421,43.8082]]]}},{"type":"Feature","properties":{"MI_PRINX":3660167.0,"CARTE":264,"CODE":50,"CODE_LEG":50,"NOTATION":"Fy","DESCR":"Blocs, galets et graviers de calcaires siliceux, de grès, de quartz, de lydiennes, de porphyrites et de débris basaltiques (Terrasses glaciaires Würm)","C_FOND":10,"M_FOND":0,"J_FOND":10,"N_FOND":0,"NOM_SYMB":null,"C_SYMB":-1,"M_SYMB":-1,"J_SYMB":-1,"N_SYMB":-1,"ROT_SYMB":0,"score_potentiel":70,"niveau_potentiel":"Très élevé 🌟","pente_degres":31.6,"type_affleurement":"Affleurement Fort (Falaise / Ravine) 🔴","score_relieffiltered":100.0},"geometry":{"type":"Polygon","coordinates":[[[3.7542,43.8067],[3.7539,43.8067],[3.7533,43.8065],[3.753,43.8063],[3.7528,43.8061],[3.7527,43.8059],[3.7524,43.8057],[3.7521,43.8055],[3.7515,43.8054],[3.7509,43.8054],[3.7506,43.8055],[3.7502,43.8056],[3.7499,43.8057],[3.7498,43.8057],[3.7496,43.8059],[3.75,43.8058],[3.7503,43.8058],[3.7507,43.8057],[3.7511,43.8056],[3.7514,43.8055],[3.7517,43.8055],[3.7519,43.8056],[3.7521,43.8057],[3.7526,43.806],[3.7528,43.8063],[3.7531,43.8069],[3.7533,43.8073],[3.7534,43.8073],[3.7536,43.8075],[3.754,43.8076],[3.7544,43.8076],[3.7544,43.8076],[3.7547,43.8077],[3.7548,43.8077],[3.7551,43.8077],[3.7554,43.8078],[3.7559,43.8078],[3.756,43.8077],[3.7561,43.8075],[3.7564,43.8075],[3.7567,43.8075],[3.7569,43.8074],[3.7572,43.8073],[3.7574,43.8071],[3.7575,43.8067],[3.7575,43.8063],[3.7572,43.8061],[3.7569,43.806],[3.7567,43.8061],[3.7565,43.8062],[3.7561,43.8065],[3.7556,43.8066],[3.7552,43.8067],[3.755,43.8067],[3.7545,43.8067],[3.7542,43.8067]]]}},{"type":"Feature","properties":{"MI_PRINX":3660276.0,"CARTE":264,"CODE":50,"CODE_LEG":50,"NOTATION":"Fy","DESCR":"Blocs, galets et graviers de calcaires siliceux, de grès, de quartz, de lydiennes, de porphyrites et de débris basaltiques (Terrasses glaciaires Würm)","C_FOND":10,"M_FOND":0,"J_FOND":10,"N_FOND":0,"NOM_SYMB":null,"C_SYMB":-1,"M_SYMB":-1,"J_SYMB":-1,"N_SYMB":-1,"ROT_SYMB":0,"score_potentiel":70,"niveau_potentiel":"Très élevé 🌟","pente_degres":18.4,"type_affleurement":"Affleurement Moyen (Escarpement) 🟠","score_relieffiltered":81.8},"geometry":{"type":"Polygon","coordinates":[[[4.004,43.7924],[4.0038,43.7926],[4.0026,43.7938],[4.0024,43.7942],[4.0024,43.7946],[4.0036,43.796],[4.0038,43.7963],[4.0039,43.7962],[4.004,43.7958],[4.004,43.7957],[4.0037,43.7948],[4.0036,43.7943],[4.0039,43.7936],[4.0041,43.7929],[4.0041,43.7926],[4.004,43.7924]]]}},{"type":"Feature","properties":{"MI_PRINX":3675796.0,"CARTE":264,"CODE":50,"CODE_LEG":50,"NOTATION":"Fy","DESCR":"Blocs, galets et graviers de calcaires siliceux, de grès, de quartz, de lydiennes, de porphyrites et de débris basaltiques (Terrasses glaciaires Würm)","C_FOND":10,"M_FOND":0,"J_FOND":10,"N_FOND":0,"NOM_SYMB":null,"C_SYMB":-1,"M_SYMB":-1,"J_SYMB":-1,"N_SYMB":-1,"ROT_SYMB":0,"score_potentiel":70,"niveau_potentiel":"Très élevé 🌟","pente_degres":20.0,"type_affleurement":"Affleurement Moyen (Escarpement) 🟠","score_relieffiltered":84.0},"geometry":{"type":"Polygon","coordinates":[[[3.4537,43.4019],[3.4538,43.4023],[3.4539,43.4025],[3.4538,43.4026],[3.4538,43.4027],[3.4537,43.4028],[3.4536,43.403],[3.4534,43.4031],[3.4531,43.4034],[3.4528,43.4036],[3.4525,43.4037],[3.4522,43.4039],[3.4519,43.404],[3.4516,43.4043],[3.4512,43.4046],[3.4509,43.4049],[3.4505,43.4054],[3.4502,43.4058],[3.45,43.4061],[3.4498,43.4063],[3.4496,43.4064],[3.4492,43.4067],[3.4484,43.407],[3.4474,43.4074],[3.4465,43.4078],[3.4459,43.408],[3.4454,43.4082],[3.4448,43.4084],[3.4443,43.4085],[3.4443,43.4087],[3.4443,43.4089],[3.4443,43.4091],[3.444,43.4094],[3.4435,43.4097],[3.4431,43.4101],[3.443,43.4103],[3.4431,43.4104],[3.4431,43.4105],[3.4432,43.4107],[3.4434,43.4108],[3.4436,43.4108],[3.4437,43.4109],[3.4438,43.4111],[3.4439,43.4114],[3.4439,43.4117],[3.4441,43.4119],[3.4442,43.4121],[3.4443,43.4122],[3.4446,43.4123],[3.4448,43.4123],[3.445,43.4122],[3.4452,43.4122],[3.4454,43.412],[3.4457,43.4118],[3.446,43.4116],[3.4463,43.4115],[3.4466,43.4114],[3.4468,43.4114],[3.4471,43.4114],[3.4474,43.4114],[3.4478,43.4114],[3.4483,43.4113],[3.4485,43.4113],[3.4487,43.4112],[3.449,43.4111],[3.4492,43.4109],[3.4494,43.4107],[3.4496,43.4105],[3.4499,43.4102],[3.4504,43.4097],[3.4508,43.4093],[3.4511,43.409],[3.4512,43.4089],[3.4514,43.4088],[3.452,43.4085],[3.4526,43.4082],[3.4531,43.4079],[3.4534,43.4077],[3.4536,43.4075],[3.4537,43.4073],[3.4539,43.4071],[3.454,43.4069],[3.454,43.4067],[3.4541,43.4063],[3.454,43.4057],[3.454,43.4051],[3.454,43.4049],[3.4541,43.4048],[3.4543,43.4046],[3.4544,43.4044],[3.4546,43.4043],[3.4548,43.4042],[3.4551,43.4041],[3.4554,43.404],[3.4557,43.4039],[3.4562,43.4039],[3.4569,43.404],[3.4576,43.4041],[3.4582,43.4042],[3.4586,43.4043],[3.459,43.4042],[3.4593,43.4042],[3.4596,43.4042],[3.4597,43.4042],[3.4599,43.4041],[3.4602,43.404],[3.4606,43.4039],[3.4608,43.4038],[3.4609,43.4037],[3.4609,43.4036],[3.4609,43.4034],[3.4609,43.4033],[3.4608,43.4031],[3.4606,43.4029],[3.4604,43.4027],[3.4602,43.4026],[3.4599,43.4024],[3.4596,43.4023],[3.4592,43.4021],[3.4587,43.4019],[3.4581,43.4018],[3.4576,43.4017],[3.4571,43.4016],[3.4566,43.4017],[3.4561,43.4017],[3.4555,43.4019],[3.4549,43.402],[3.4544,43.402],[3.4541,43.402],[3.4538,43.4019],[3.4537,43.4019]]]}},{"type":"Feature","properties":{"MI_PRINX":3662798.0,"CARTE":264,"CODE":50,"CODE_LEG":50,"NOTATION":"Fy","DESCR":"Blocs, galets et graviers de calcaires siliceux, de grès, de quartz, de lydiennes, de porphyrites et de débris basaltiques (Terrasses glaciaires Würm)","C_FOND":10,"M_FOND":0,"J_FOND":10,"N_FOND":0,"NOM_SYMB":null,"C_SYMB":-1,"M_SYMB":-1,"J_SYMB":-1,"N_SYMB":-1,"ROT_SYMB":0,"score_potentiel":70,"niveau_potentiel":"Très élevé 🌟","pente_degres":20.0,"type_affleurement":"Affleurement Moyen (Escarpement) 🟠","score_relieffiltered":84.0},"geometry":{"type":"Polygon","coordinates":[[[3.284,43.6853],[3.2831,43.6857],[3.2827,43.6859],[3.2821,43.6869],[3.2813,43.6873],[3.2809,43.6877],[3.2803,43.6882],[3.2801,43.6886],[3.2802,43.6887],[3.2804,43.6889],[3.2807,43.6887],[3.2812,43.6885],[3.2813,43.6882],[3.2816,43.6881],[3.2821,43.6879],[3.2825,43.6871],[3.2827,43.6868],[3.2833,43.6865],[3.2838,43.6861],[3.2842,43.6856],[3.2842,43.6854],[3.284,43.6853]]]}},{"type":"Feature","properties":{"MI_PRINX":3662905.0,"CARTE":264,"CODE":50,"CODE_LEG":50,"NOTATION":"Fy","DESCR":"Blocs, galets et graviers de calcaires siliceux, de grès, de quartz, de lydiennes, de porphyrites et de débris basaltiques (Terrasses glaciaires Würm)","C_FOND":10,"M_FOND":0,"J_FOND":10,"N_FOND":0,"NOM_SYMB":null,"C_SYMB":-1,"M_SYMB":-1,"J_SYMB":-1,"N_SYMB":-1,"ROT_SYMB":0,"score_potentiel":70,"niveau_potentiel":"Très élevé 🌟","pente_degres":15.2,"type_affleurement":"Affleurement Moyen (Escarpement) 🟠","score_relieffiltered":77.3},"geometry":{"type":"Polygon","coordinates":[[[3.2886,43.6837],[3.2883,43.6839],[3.2882,43.6842],[3.2881,43.6842],[3.2883,43.6844],[3.2891,43.684],[3.289,43.6838],[3.2886,43.6837]]]}},{"type":"Feature","properties":{"MI_PRINX":3662821.0,"CARTE":264,"CODE":50,"CODE_LEG":50,"NOTATION":"Fy","DESCR":"Blocs, galets et graviers de calcaires siliceux, de grès, de quartz, de lydiennes, de porphyrites et de débris basaltiques (Terrasses glaciaires Würm)","C_FOND":10,"M_FOND":0,"J_FOND":10,"N_FOND":0,"NOM_SYMB":null,"C_SYMB":-1,"M_SYMB":-1,"J_SYMB":-1,"N_SYMB":-1,"ROT_SYMB":0,"score_potentiel":70,"niveau_potentiel":"Très élevé 🌟","pente_degres":19.6,"type_affleurement":"Affleurement Moyen (Escarpement) 🟠","score_relieffiltered":83.4},"geometry":{"type":"Polygon","coordinates":[[[3.2852,43.685],[3.2847,43.6854],[3.2844,43.6861],[3.2842,43.6866],[3.2832,43.687],[3.2828,43.6874],[3.2827,43.6875],[3.2828,43.6876],[3.2835,43.6873],[3.2837,43.6873],[3.2839,43.6873],[3.2846,43.6871],[3.2848,43.6867],[3.2849,43.6862],[3.2853,43.6856],[3.2853,43.6853],[3.2854,43.685],[3.2852,43.685]]]}},{"type":"Feature","properties":{"MI_PRINX":3663037.0,"CARTE":264,"CODE":50,"CODE_LEG":50,"NOTATION":"Fy","DESCR":"Blocs, galets et graviers de calcaires siliceux, de grès, de quartz, de lydiennes, de porphyrites et de débris basaltiques (Terrasses glaciaires Würm)","C_FOND":10,"M_FOND":0,"J_FOND":10,"N_FOND":0,"NOM_SYMB":null,"C_SYMB":-1,"M_SYMB":-1,"J_SYMB":-1,"N_SYMB":-1,"ROT_SYMB":0,"score_potentiel":70,"niveau_potentiel":"Très élevé 🌟","pente_degres":19.7,"type_affleurement":"Affleurement Moyen (Escarpement) 🟠","score_relieffiltered":83.6},"geometry":{"type":"Polygon","coordinates":[[[3.3328,43.6785],[3.3323,43.6786],[3.3315,43.679],[3.3314,43.679],[3.3309,43.6792],[3.3303,43.6794],[3.33,43.6795],[3.3295,43.6795],[3.3294,43.6796],[3.3295,43.6797],[3.3299,43.6798],[3.3304,43.6798],[3.3307,43.6798],[3.3314,43.6797],[3.332,43.6794],[3.3327,43.6791],[3.333,43.6787],[3.3328,43.6785]]]}},{"type":"Feature","properties":{"MI_PRINX":3663041.0,"CARTE":264,"CODE":50,"CODE_LEG":50,"NOTATION":"Fy","DESCR":"Blocs, galets et graviers de calcaires siliceux, de grès, de quartz, de lydiennes, de porphyrites et de débris basaltiques (Terrasses glaciaires Würm)","C_FOND":10,"M_FOND":0,"J_FOND":10,"N_FOND":0,"NOM_SYMB":null,"C_SYMB":-1,"M_SYMB":-1,"J_SYMB":-1,"N_SYMB":-1,"ROT_SYMB":0,"score_potentiel":70,"niveau_potentiel":"Très élevé 🌟","pente_degres":31.6,"type_affleurement":"Affleurement Fort (Falaise / Ravine) 🔴","score_relieffiltered":100.0},"geometry":{"type":"Polygon","coordinates":[[[3.3966,43.6769],[3.3963,43.6769],[3.3955,43.6774],[3.3946,43.6778],[3.3944,43.6778],[3.3935,43.678],[3.3932,43.678],[3.3932,43.678],[3.393,43.678],[3.3929,43.678],[3.3928,43.678],[3.3922,43.6779],[3.3919,43.6779],[3.3918,43.678],[3.3919,43.6781],[3.3916,43.6782],[3.3913,43.6781],[3.3908,43.6779],[3.3902,43.6777],[3.3902,43.6777],[3.3899,43.6776],[3.3894,43.6777],[3.389,43.6777],[3.3883,43.6777],[3.3878,43.6774],[3.3873,43.6772],[3.3868,43.6771],[3.3865,43.6772],[3.386,43.6771],[3.3857,43.6773],[3.3856,43.6775],[3.3856,43.678],[3.3854,43.6783],[3.3855,43.6784],[3.3858,43.6784],[3.3859,43.6784],[3.3859,43.6784],[3.3863,43.6785],[3.3871,43.679],[3.3873,43.679],[3.3876,43.6788],[3.3874,43.6784],[3.3877,43.6783],[3.3885,43.6785],[3.3892,43.6788],[3.3897,43.6789],[3.3898,43.679],[3.3907,43.6792],[3.3913,43.6792],[3.3916,43.6792],[3.3917,43.6792],[3.3924,43.679],[3.3928,43.6788],[3.3936,43.6786],[3.3944,43.6786],[3.3955,43.6778],[3.3966,43.6774],[3.3972,43.6772],[3.3974,43.6771],[3.3969,43.6769],[3.3967,43.6769],[3.3966,43.6769]]]}},{"type":"Feature","properties":{"MI_PRINX":3676166.0,"CARTE":264,"CODE":50,"CODE_LEG":50,"NOTATION":"Fy","DESCR":"Blocs, galets et graviers de calcaires siliceux, de grès, de quartz, de lydiennes, de porphyrites et de débris basaltiques (Terrasses glaciaires Würm)","C_FOND":10,"M_FOND":0,"J_FOND":10,"N_FOND":0,"NOM_SYMB":null,"C_SYMB":-1,"M_SYMB":-1,"J_SYMB":-1,"N_SYMB":-1,"ROT_SYMB":0,"score_potentiel":70,"niveau_potentiel":"Très élevé 🌟","pente_degres":32.9,"type_affleurement":"Affleurement Fort (Falaise / Ravine) 🔴","score_relieffiltered":100.0},"geometry":{"type":"Polygon","coordinates":[[[3.257,43.3964],[3.257,43.3965],[3.257,43.3967],[3.2572,43.3968],[3.2575,43.3969],[3.2576,43.397],[3.2577,43.3973],[3.2577,43.3974],[3.258,43.3976],[3.2583,43.3978],[3.2584,43.3979],[3.2585,43.3982],[3.2585,43.3985],[3.2583,43.3989],[3.2583,43.3993],[3.2584,43.3995],[3.2582,43.3998],[3.258,43.4001],[3.2579,43.4003],[3.2576,43.4004],[3.2575,43.4006],[3.2575,43.4006],[3.2576,43.4007],[3.2578,43.4007],[3.258,43.4006],[3.2583,43.4004],[3.2586,43.4001],[3.2588,43.3999],[3.2591,43.3997],[3.2593,43.3996],[3.2593,43.3995],[3.2592,43.3994],[3.2592,43.3992],[3.2592,43.399],[3.2594,43.3988],[3.2596,43.3985],[3.2595,43.3983],[3.2594,43.3979],[3.2591,43.3974],[3.2588,43.397],[3.2586,43.3968],[3.2585,43.3965],[3.2584,43.3962],[3.2585,43.3959],[3.2588,43.3956],[3.259,43.3955],[3.259,43.3952],[3.2589,43.395],[3.2586,43.3947],[3.2585,43.3944],[3.2585,43.3943],[3.2585,43.3941],[3.2586,43.3938],[3.2588,43.3935],[3.2588,43.3934],[3.2588,43.3932],[3.2588,43.3931],[3.2589,43.3929],[3.2592,43.3928],[3.2594,43.3927],[3.2596,43.3925],[3.2597,43.3923],[3.2598,43.392],[3.26,43.3915],[3.26,43.3911],[3.2601,43.391],[3.2604,43.3907],[3.2607,43.3906],[3.2609,43.3905],[3.2612,43.3905],[3.2617,43.3906],[3.2622,43.3906],[3.2625,43.3906],[3.2627,43.3904],[3.2629,43.3903],[3.2635,43.3902],[3.264,43.3901],[3.2644,43.3901],[3.2647,43.3899],[3.265,43.3897],[3.2654,43.3895],[3.2657,43.3894],[3.266,43.3893],[3.2663,43.389],[3.2665,43.3888],[3.2666,43.3886],[3.2667,43.3886],[3.2668,43.3886],[3.2668,43.3888],[3.2668,43.3894],[3.2669,43.3896],[3.267,43.3896],[3.267,43.3896],[3.2672,43.3892],[3.2675,43.389],[3.2678,43.3888],[3.2682,43.3887],[3.2686,43.3886],[3.2689,43.3884],[3.269,43.3882],[3.2691,43.388],[3.2691,43.3877],[3.2692,43.3874],[3.2694,43.3873],[3.2698,43.3871],[3.2701,43.3869],[3.2702,43.3868],[3.2703,43.3869],[3.2704,43.3872],[3.2705,43.3876],[3.2705,43.388],[3.2706,43.3882],[3.2707,43.3885],[3.2708,43.3886],[3.2711,43.3888],[3.2715,43.3889],[3.2719,43.3891],[3.2722,43.3891],[3.2723,43.3891],[3.2723,43.389],[3.2722,43.3887],[3.2718,43.3885],[3.2715,43.3883],[3.2713,43.3882],[3.2712,43.388],[3.2712,43.3877],[3.2713,43.3875],[3.2715,43.3873],[3.2715,43.3872],[3.2715,43.3871],[3.2713,43.3868],[3.2711,43.3866],[3.2712,43.3863],[3.2714,43.3861],[3.2717,43.3859],[3.272,43.3857],[3.272,43.3854],[3.2722,43.3851],[3.2725,43.385],[3.2726,43.3849],[3.2728,43.3847],[3.273,43.3845],[3.2731,43.3843],[3.2732,43.3841],[3.2731,43.384],[3.2729,43.3838],[3.2728,43.3838],[3.2728,43.3837],[3.2734,43.3835],[3.2744,43.3831],[3.2747,43.383],[3.275,43.3827],[3.2752,43.3824],[3.2754,43.3821],[3.2758,43.3819],[3.2759,43.3816],[3.2758,43.3814],[3.2757,43.3812],[3.2756,43.3811],[3.2757,43.3808],[3.2761,43.3806],[3.2763,43.3804],[3.2765,43.3802],[3.2767,43.3799],[3.2768,43.3797],[3.2766,43.3794],[3.2763,43.3792],[3.2761,43.3792],[3.2757,43.3794],[3.2753,43.3795],[3.2745,43.3798],[3.2739,43.38],[3.2736,43.3801],[3.2733,43.3803],[3.273,43.3804],[3.2729,43.3807],[3.2729,43.3811],[3.2728,43.3813],[3.2725,43.3816],[3.2721,43.3818],[3.2716,43.382],[3.2716,43.3821],[3.2718,43.3824],[3.2719,43.3826],[3.2718,43.3827],[3.2716,43.3829],[3.2715,43.3831],[3.2714,43.3836],[3.2714,43.384],[3.2712,43.3844],[3.2708,43.3847],[3.2703,43.3851],[3.2698,43.3854],[3.2697,43.3855],[3.2695,43.3858],[3.2694,43.3859],[3.2691,43.386],[3.2686,43.3861],[3.2683,43.3862],[3.2681,43.3865],[3.2679,43.3866],[3.2676,43.3866],[3.2673,43.3867],[3.2672,43.3868],[3.2671,43.387],[3.267,43.3871],[3.2668,43.3872],[3.2664,43.3874],[3.266,43.3875],[3.2657,43.3877],[3.2654,43.388],[3.2652,43.3882],[3.2649,43.3885],[3.2645,43.3887],[3.2637,43.3889],[3.2627,43.3889],[3.262,43.3891],[3.2615,43.3892],[3.2611,43.3892],[3.2608,43.3892],[3.2606,43.3892],[3.2603,43.3894],[3.26,43.3895],[3.2598,43.3894],[3.2594,43.3892],[3.2587,43.389],[3.2583,43.3889],[3.258,43.3889],[3.2577,43.389],[3.2574,43.3891],[3.257,43.3892],[3.2567,43.3891],[3.2561,43.3889],[3.2556,43.3887],[3.2553,43.3887],[3.255,43.3887],[3.2549,43.3887],[3.2548,43.3888],[3.2549,43.3889],[3.255,43.389],[3.2556,43.3892],[3.2563,43.3894],[3.2568,43.3896],[3.2576,43.39],[3.2581,43.3902],[3.2585,43.3903],[3.2587,43.3904],[3.2587,43.3906],[3.2586,43.3909],[3.2583,43.391],[3.2581,43.3911],[3.258,43.3913],[3.2579,43.3916],[3.2578,43.3918],[3.2576,43.392],[3.2574,43.392],[3.2572,43.3921],[3.257,43.3923],[3.2569,43.3924],[3.257,43.3926],[3.2571,43.3928],[3.2571,43.393],[3.2571,43.3932],[3.2571,43.3934],[3.2569,43.3937],[3.2568,43.3939],[3.2568,43.3941],[3.2568,43.3944],[3.257,43.3948],[3.2573,43.3951],[3.2575,43.3953],[3.2575,43.3955],[3.2575,43.3957],[3.2573,43.396],[3.2571,43.3962],[3.257,43.3963],[3.257,43.3964]]]}},{"type":"Feature","properties":{"MI_PRINX":3662891.0,"CARTE":264,"CODE":50,"CODE_LEG":50,"NOTATION":"Fy","DESCR":"Blocs, galets et graviers de calcaires siliceux, de grès, de quartz, de lydiennes, de porphyrites et de débris basaltiques (Terrasses glaciaires Würm)","C_FOND":10,"M_FOND":0,"J_FOND":10,"N_FOND":0,"NOM_SYMB":null,"C_SYMB":-1,"M_SYMB":-1,"J_SYMB":-1,"N_SYMB":-1,"ROT_SYMB":0,"score_potentiel":70,"niveau_potentiel":"Très élevé 🌟","pente_degres":14.6,"type_affleurement":"Affleurement Moyen (Escarpement) 🟠","score_relieffiltered":76.4},"geometry":{"type":"Polygon","coordinates":[[[3.2873,43.6844],[3.287,43.6847],[3.287,43.6849],[3.2872,43.685],[3.2874,43.6849],[3.2876,43.6847],[3.2878,43.6845],[3.2876,43.6844],[3.2873,43.6844]]]}},{"type":"Feature","properties":{"MI_PRINX":3662893.0,"CARTE":264,"CODE":50,"CODE_LEG":50,"NOTATION":"Fy","DESCR":"Blocs, galets et graviers de calcaires siliceux, de grès, de quartz, de lydiennes, de porphyrites et de débris basaltiques (Terrasses glaciaires Würm)","C_FOND":10,"M_FOND":0,"J_FOND":10,"N_FOND":0,"NOM_SYMB":null,"C_SYMB":-1,"M_SYMB":-1,"J_SYMB":-1,"N_SYMB":-1,"ROT_SYMB":0,"score_potentiel":70,"niveau_potentiel":"Très élevé 🌟","pente_degres":18.6,"type_affleurement":"Affleurement Moyen (Escarpement) 🟠","score_relieffiltered":82.0},"geometry":{"type":"Polygon","coordinates":[[[3.286,43.6836],[3.2854,43.6838],[3.285,43.6839],[3.2849,43.6841],[3.2848,43.6844],[3.2843,43.6847],[3.2845,43.6848],[3.2847,43.6848],[3.2853,43.6846],[3.2855,43.6844],[3.2858,43.6844],[3.2862,43.6848],[3.2864,43.6849],[3.2866,43.6847],[3.2867,43.6844],[3.2871,43.6841],[3.2874,43.684],[3.2875,43.6838],[3.2873,43.6836],[3.2871,43.6837],[3.2865,43.6837],[3.286,43.6836]]]}},{"type":"Feature","properties":{"MI_PRINX":3662990.0,"CARTE":264,"CODE":50,"CODE_LEG":50,"NOTATION":"Fy","DESCR":"Blocs, galets et graviers de calcaires siliceux, de grès, de quartz, de lydiennes, de porphyrites et de débris basaltiques (Terrasses glaciaires Würm)","C_FOND":10,"M_FOND":0,"J_FOND":10,"N_FOND":0,"NOM_SYMB":null,"C_SYMB":-1,"M_SYMB":-1,"J_SYMB":-1,"N_SYMB":-1,"ROT_SYMB":0,"score_potentiel":70,"niveau_potentiel":"Très élevé 🌟","pente_degres":16.9,"type_affleurement":"Affleurement Moyen (Escarpement) 🟠","score_relieffiltered":79.7},"geometry":{"type":"Polygon","coordinates":[[[3.3899,43.6803],[3.3898,43.6805],[3.3898,43.6806],[3.3901,43.6808],[3.3905,43.6806],[3.3909,43.6804],[3.3904,43.6803],[3.3902,43.6803],[3.3899,43.6803]]]}},{"type":"Feature","properties":{"MI_PRINX":3662896.0,"CARTE":264,"CODE":50,"CODE_LEG":50,"NOTATION":"Fy","DESCR":"Blocs, galets et graviers de calcaires siliceux, de grès, de quartz, de lydiennes, de porphyrites et de débris basaltiques (Terrasses glaciaires Würm)","C_FOND":10,"M_FOND":0,"J_FOND":10,"N_FOND":0,"NOM_SYMB":null,"C_SYMB":-1,"M_SYMB":-1,"J_SYMB":-1,"N_SYMB":-1,"ROT_SYMB":0,"score_potentiel":70,"niveau_potentiel":"Très élevé 🌟","pente_degres":19.3,"type_affleurement":"Affleurement Moyen (Escarpement) 🟠","score_relieffiltered":83.0},"geometry":{"type":"Polygon","coordinates":[[[3.2944,43.6832],[3.294,43.6825],[3.2941,43.6825],[3.2947,43.6827],[3.2954,43.6829],[3.2967,43.6834],[3.2983,43.6843],[3.2989,43.6845],[3.2992,43.6844],[3.2997,43.6843],[3.3001,43.6842],[3.3003,43.684],[3.3,43.6836],[3.2995,43.6829],[3.2992,43.6824],[3.2976,43.6814],[3.2969,43.6808],[3.2964,43.6806],[3.2961,43.6806],[3.296,43.6808],[3.296,43.6809],[3.2957,43.6811],[3.2954,43.6811],[3.2948,43.6809],[3.294,43.6806],[3.2938,43.6804],[3.2936,43.6801],[3.2931,43.6801],[3.2928,43.6802],[3.2922,43.6812],[3.2908,43.6824],[3.2901,43.6828],[3.2902,43.683],[3.2907,43.683],[3.291,43.683],[3.2914,43.6831],[3.2919,43.683],[3.2923,43.683],[3.2929,43.6831],[3.2932,43.6832],[3.2938,43.6833],[3.2944,43.6832]]]}},{"type":"Feature","properties":{"MI_PRINX":3663010.0,"CARTE":264,"CODE":50,"CODE_LEG":50,"NOTATION":"Fy","DESCR":"Blocs, galets et graviers de calcaires siliceux, de grès, de quartz, de lydiennes, de porphyrites et de débris basaltiques (Terrasses glaciaires Würm)","C_FOND":10,"M_FOND":0,"J_FOND":10,"N_FOND":0,"NOM_SYMB":null,"C_SYMB":-1,"M_SYMB":-1,"J_SYMB":-1,"N_SYMB":-1,"ROT_SYMB":0,"score_potentiel":70,"niveau_potentiel":"Très élevé 🌟","pente_degres":31.5,"type_affleurement":"Affleurement Fort (Falaise / Ravine) 🔴","score_relieffiltered":100.0},"geometry":{"type":"Polygon","coordinates":[[[3.335,43.6783],[3.3349,43.6783],[3.3347,43.6783],[3.3342,43.6785],[3.3337,43.6789],[3.3337,43.679],[3.3338,43.6792],[3.3342,43.6794],[3.335,43.6794],[3.335,43.6794],[3.3352,43.6794],[3.3354,43.6794],[3.3357,43.6793],[3.3365,43.6796],[3.3369,43.6797],[3.3369,43.6797],[3.3372,43.6797],[3.3374,43.6797],[3.338,43.6797],[3.3387,43.6799],[3.3391,43.68],[3.3402,43.6798],[3.341,43.6798],[3.3414,43.6799],[3.3424,43.6801],[3.3434,43.6805],[3.3443,43.6807],[3.3446,43.6805],[3.3451,43.6805],[3.3454,43.6806],[3.3456,43.6805],[3.3453,43.6803],[3.345,43.6801],[3.3445,43.6797],[3.3441,43.6793],[3.3435,43.6793],[3.3431,43.6795],[3.3428,43.6795],[3.3423,43.6795],[3.3413,43.6793],[3.3407,43.6791],[3.3403,43.6791],[3.34,43.6791],[3.3394,43.6788],[3.3386,43.6787],[3.3383,43.6787],[3.338,43.6787],[3.3378,43.6787],[3.3378,43.6787],[3.3372,43.6787],[3.3367,43.6786],[3.3359,43.6784],[3.3357,43.6783],[3.3352,43.6783],[3.335,43.6783]]]}},{"type":"Feature","properties":{"MI_PRINX":3662915.0,"CARTE":264,"CODE":50,"CODE_LEG":50,"NOTATION":"Fy","DESCR":"Blocs, galets et graviers de calcaires siliceux, de grès, de quartz, de lydiennes, de porphyrites et de débris basaltiques (Terrasses glaciaires Würm)","C_FOND":10,"M_FOND":0,"J_FOND":10,"N_FOND":0,"NOM_SYMB":null,"C_SYMB":-1,"M_SYMB":-1,"J_SYMB":-1,"N_SYMB":-1,"ROT_SYMB":0,"score_potentiel":70,"niveau_potentiel":"Très élevé 🌟","pente_degres":19.7,"type_affleurement":"Affleurement Moyen (Escarpement) 🟠","score_relieffiltered":83.6},"geometry":{"type":"Polygon","coordinates":[[[3.3576,43.6825],[3.3579,43.6824],[3.3575,43.6821],[3.3573,43.6821],[3.3571,43.682],[3.3568,43.682],[3.3568,43.682],[3.3565,43.682],[3.3562,43.6819],[3.3553,43.6816],[3.3548,43.6813],[3.3543,43.6814],[3.354,43.6817],[3.354,43.6824],[3.3537,43.6828],[3.3532,43.683],[3.3529,43.6832],[3.3529,43.6834],[3.3534,43.6834],[3.3537,43.6834],[3.3538,43.6834],[3.3541,43.6833],[3.3544,43.6829],[3.355,43.6826],[3.3552,43.6825],[3.3557,43.6826],[3.3572,43.6826],[3.3575,43.6826],[3.3576,43.6825]]]}},{"type":"Feature","properties":{"MI_PRINX":3674668.0,"CARTE":264,"CODE":1009,"CODE_LEG":201,"NOTATION":"c6Vig","DESCR":"Marnes, grès, calcaires noduleux; grès de Villeveyrac (Maastrichtien supérieur)","C_FOND":25,"M_FOND":0,"J_FOND":100,"N_FOND":0,"NOM_SYMB":null,"C_SYMB":-1,"M_SYMB":-1,"J_SYMB":-1,"N_SYMB":-1,"ROT_SYMB":0,"score_potentiel":85,"niveau_potentiel":"Très élevé 🌟","pente_degres":31.9,"type_affleurement":"Affleurement Fort (Falaise / Ravine) 🔴","score_relieffiltered":100.0},"geometry":{"type":"Polygon","coordinates":[[[3.4575,43.4552],[3.4576,43.4549],[3.4576,43.4546],[3.4575,43.4545],[3.4573,43.4544],[3.4571,43.4544],[3.4569,43.4543],[3.4568,43.4542],[3.4567,43.4541],[3.4567,43.454],[3.4568,43.4538],[3.4569,43.4537],[3.4571,43.4536],[3.4574,43.4536],[3.4576,43.4537],[3.4578,43.4537],[3.4581,43.4536],[3.4583,43.4535],[3.4585,43.4535],[3.4586,43.4536],[3.4587,43.4536],[3.459,43.4534],[3.4591,43.4532],[3.4593,43.4529],[3.4593,43.4525],[3.4594,43.4522],[3.4595,43.452],[3.4597,43.4518],[3.4598,43.4518],[3.4608,43.4524],[3.4619,43.453],[3.4622,43.4529],[3.4624,43.4528],[3.4628,43.4528],[3.4634,43.4527],[3.4637,43.4527],[3.4638,43.4526],[3.4638,43.4525],[3.4635,43.4521],[3.4632,43.4518],[3.4632,43.4516],[3.4631,43.4514],[3.4631,43.4511],[3.4633,43.4508],[3.4634,43.4505],[3.4638,43.4504],[3.4641,43.4503],[3.4645,43.4502],[3.4647,43.4501],[3.4649,43.4499],[3.465,43.4497],[3.465,43.4495],[3.465,43.4492],[3.4649,43.4489],[3.4648,43.4487],[3.4649,43.4485],[3.465,43.4484],[3.4654,43.4483],[3.4659,43.4481],[3.4663,43.4479],[3.4666,43.4476],[3.4668,43.4473],[3.4669,43.447],[3.4669,43.4467],[3.4667,43.4463],[3.4665,43.446],[3.4662,43.4457],[3.4657,43.4452],[3.4655,43.4452],[3.4646,43.4456],[3.4639,43.4456],[3.4633,43.4456],[3.4629,43.4456],[3.4627,43.4455],[3.4625,43.4454],[3.4622,43.4453],[3.462,43.4452],[3.4618,43.445],[3.4616,43.4449],[3.4615,43.4448],[3.4614,43.4447],[3.4614,43.4447],[3.4613,43.4447],[3.4612,43.4447],[3.461,43.4448],[3.4608,43.445],[3.4606,43.4451],[3.4603,43.4451],[3.4601,43.4451],[3.4599,43.4451],[3.4596,43.445],[3.4593,43.4449],[3.459,43.4448],[3.4588,43.4447],[3.4586,43.4445],[3.4584,43.4443],[3.4582,43.4441],[3.458,43.4439],[3.4577,43.4437],[3.4575,43.4436],[3.4572,43.4435],[3.457,43.4433],[3.4568,43.443],[3.4565,43.4428],[3.4563,43.4425],[3.4562,43.4422],[3.4561,43.4419],[3.456,43.4418],[3.456,43.4416],[3.4559,43.4414],[3.4559,43.4413],[3.4558,43.4411],[3.4557,43.441],[3.4554,43.4409],[3.4551,43.4408],[3.4547,43.4407],[3.4545,43.4405],[3.4544,43.4404],[3.4542,43.4402],[3.4539,43.4399],[3.4535,43.4394],[3.4529,43.4388],[3.4524,43.4382],[3.452,43.4378],[3.4517,43.4375],[3.4515,43.4374],[3.4513,43.4372],[3.4511,43.4371],[3.4509,43.4371],[3.4507,43.4371],[3.4503,43.437],[3.45,43.437],[3.4496,43.4369],[3.4492,43.4367],[3.4487,43.4365],[3.4482,43.4364],[3.4476,43.4362],[3.4471,43.4362],[3.4466,43.4361],[3.4462,43.4361],[3.4457,43.4361],[3.4451,43.4361],[3.4445,43.4362],[3.4439,43.4364],[3.4441,43.4366],[3.4444,43.4368],[3.4446,43.437],[3.4452,43.4372],[3.4458,43.4375],[3.446,43.4377],[3.4462,43.438],[3.4465,43.4382],[3.4468,43.4385],[3.4473,43.4387],[3.4477,43.4389],[3.4481,43.4391],[3.4484,43.4393],[3.4486,43.4395],[3.4487,43.4397],[3.4487,43.4401],[3.4489,43.4403],[3.4492,43.4405],[3.4495,43.4406],[3.4498,43.4407],[3.4501,43.4409],[3.4501,43.441],[3.4501,43.4412],[3.45,43.4414],[3.45,43.4416],[3.45,43.4418],[3.4498,43.4419],[3.4494,43.442],[3.4487,43.4419],[3.4482,43.4419],[3.4478,43.4419],[3.4475,43.442],[3.4472,43.442],[3.4469,43.442],[3.4467,43.4418],[3.4464,43.4415],[3.446,43.4412],[3.4457,43.4411],[3.4453,43.4411],[3.4449,43.441],[3.4446,43.4408],[3.4445,43.4406],[3.4446,43.4403],[3.4448,43.4398],[3.4448,43.4396],[3.4446,43.4395],[3.4444,43.4393],[3.444,43.4393],[3.4435,43.4393],[3.4432,43.4392],[3.4431,43.439],[3.4431,43.4387],[3.4431,43.4384],[3.443,43.4382],[3.4429,43.4379],[3.4426,43.4378],[3.4423,43.4377],[3.4419,43.4376],[3.4418,43.4374],[3.4417,43.4372],[3.4416,43.437],[3.4413,43.4369],[3.441,43.4368],[3.441,43.4368],[3.4406,43.4368],[3.4403,43.4368],[3.4399,43.4367],[3.4396,43.4365],[3.4392,43.4363],[3.4389,43.4361],[3.4388,43.4361],[3.4385,43.4361],[3.4383,43.436],[3.4382,43.4359],[3.4381,43.4356],[3.4379,43.4353],[3.4376,43.4351],[3.4372,43.4349],[3.4368,43.4348],[3.4364,43.4348],[3.4361,43.4348],[3.4362,43.4349],[3.4362,43.4351],[3.4361,43.4353],[3.4359,43.4354],[3.4359,43.4356],[3.4361,43.4358],[3.4363,43.4358],[3.4366,43.4358],[3.4369,43.4359],[3.4373,43.4361],[3.4375,43.4363],[3.4376,43.4365],[3.4377,43.4368],[3.438,43.4369],[3.4384,43.4371],[3.4388,43.4374],[3.4393,43.4379],[3.4397,43.4385],[3.4401,43.4389],[3.4406,43.4391],[3.441,43.4393],[3.4411,43.4396],[3.4412,43.4401],[3.4413,43.4404],[3.4416,43.4406],[3.4419,43.441],[3.4421,43.4416],[3.4422,43.442],[3.4424,43.4425],[3.4427,43.4429],[3.443,43.4432],[3.4435,43.4434],[3.4444,43.4436],[3.4452,43.4437],[3.4458,43.4437],[3.446,43.4438],[3.446,43.4439],[3.446,43.444],[3.4458,43.444],[3.4452,43.444],[3.4448,43.4441],[3.4447,43.4443],[3.4444,43.4444],[3.4441,43.4444],[3.4439,43.4444],[3.4436,43.4445],[3.4433,43.4447],[3.443,43.4449],[3.4426,43.4448],[3.4419,43.4449],[3.4418,43.4449],[3.4417,43.4451],[3.4416,43.4453],[3.4415,43.4455],[3.4414,43.4456],[3.4411,43.4459],[3.441,43.4461],[3.441,43.4465],[3.4411,43.4468],[3.4413,43.4471],[3.4417,43.4475],[3.4417,43.4476],[3.4418,43.4477],[3.4419,43.4479],[3.442,43.448],[3.4422,43.448],[3.4423,43.4481],[3.4424,43.4481],[3.4426,43.4483],[3.4428,43.4484],[3.443,43.4485],[3.4432,43.4486],[3.4433,43.4487],[3.4434,43.4488],[3.4435,43.449],[3.4436,43.4492],[3.4437,43.4495],[3.4439,43.4497],[3.4441,43.45],[3.4443,43.4503],[3.4444,43.4505],[3.4445,43.4506],[3.4447,43.4504],[3.4448,43.4502],[3.4448,43.4499],[3.4448,43.4496],[3.4447,43.4492],[3.4444,43.4489],[3.444,43.4485],[3.4437,43.4483],[3.4436,43.4482],[3.4434,43.4481],[3.4433,43.4479],[3.4432,43.4477],[3.4433,43.4475],[3.4436,43.4473],[3.4437,43.4473],[3.4438,43.4473],[3.4439,43.4471],[3.4441,43.4468],[3.4442,43.4466],[3.4444,43.4464],[3.4447,43.4464],[3.445,43.4463],[3.4452,43.4462],[3.4455,43.4461],[3.4457,43.446],[3.4459,43.446],[3.4461,43.446],[3.4463,43.4461],[3.4464,43.4463],[3.4465,43.4464],[3.4468,43.4464],[3.4473,43.4466],[3.4479,43.4467],[3.4481,43.4468],[3.4482,43.447],[3.4483,43.4473],[3.4483,43.4476],[3.4483,43.4479],[3.4483,43.4481],[3.4483,43.4482],[3.4481,43.4483],[3.4478,43.4486],[3.4474,43.4488],[3.447,43.4489],[3.4467,43.449],[3.4466,43.4491],[3.4465,43.4491],[3.4465,43.4492],[3.4469,43.4492],[3.4472,43.4492],[3.4472,43.4494],[3.4467,43.4501],[3.4465,43.4506],[3.4465,43.4507],[3.4465,43.4507],[3.4467,43.4507],[3.4471,43.4506],[3.4477,43.4506],[3.4479,43.4506],[3.4486,43.4506],[3.4494,43.4505],[3.4502,43.4506],[3.4508,43.4506],[3.4515,43.4506],[3.4522,43.4506],[3.4525,43.4507],[3.4527,43.4508],[3.4528,43.451],[3.4529,43.4512],[3.4529,43.4514],[3.4529,43.4516],[3.4528,43.452],[3.4525,43.4522],[3.4523,43.4524],[3.4521,43.4527],[3.452,43.4531],[3.452,43.4535],[3.452,43.4538],[3.452,43.454],[3.452,43.4542],[3.452,43.4545],[3.452,43.4546],[3.452,43.4547],[3.4521,43.4548],[3.4521,43.4548],[3.4521,43.4549],[3.4522,43.4549],[3.4522,43.4549],[3.4523,43.4548],[3.4523,43.4548],[3.4524,43.4548],[3.4525,43.4548],[3.4527,43.4547],[3.4529,43.4547],[3.4532,43.4547],[3.4534,43.4548],[3.4536,43.4548],[3.4538,43.4548],[3.4539,43.4548],[3.4541,43.4549],[3.4543,43.455],[3.4544,43.4551],[3.4547,43.4552],[3.4549,43.4553],[3.4551,43.4554],[3.4554,43.4554],[3.4556,43.4555],[3.4558,43.4555],[3.4561,43.4555],[3.4563,43.4555],[3.4565,43.4554],[3.4567,43.4554],[3.4569,43.4553],[3.4571,43.4553],[3.4573,43.4553],[3.4575,43.4552]]]}},{"type":"Feature","properties":{"MI_PRINX":3662883.0,"CARTE":264,"CODE":50,"CODE_LEG":50,"NOTATION":"Fy","DESCR":"Blocs, galets et graviers de calcaires siliceux, de grès, de quartz, de lydiennes, de porphyrites et de débris basaltiques (Terrasses glaciaires Würm)","C_FOND":10,"M_FOND":0,"J_FOND":10,"N_FOND":0,"NOM_SYMB":null,"C_SYMB":-1,"M_SYMB":-1,"J_SYMB":-1,"N_SYMB":-1,"ROT_SYMB":0,"score_potentiel":70,"niveau_potentiel":"Très élevé 🌟","pente_degres":20.1,"type_affleurement":"Affleurement Moyen (Escarpement) 🟠","score_relieffiltered":84.1},"geometry":{"type":"Polygon","coordinates":[[[3.3687,43.6843],[3.3688,43.6844],[3.3696,43.6845],[3.3706,43.6845],[3.3708,43.6845],[3.3712,43.6844],[3.3713,43.6844],[3.3719,43.6842],[3.3729,43.6838],[3.3739,43.6831],[3.3743,43.6829],[3.3746,43.683],[3.375,43.683],[3.3751,43.6828],[3.3751,43.6826],[3.3747,43.6822],[3.3741,43.6822],[3.3737,43.682],[3.373,43.6821],[3.3729,43.6821],[3.3716,43.6823],[3.3715,43.6823],[3.3708,43.6824],[3.3699,43.6824],[3.3696,43.6826],[3.3696,43.6826],[3.3699,43.683],[3.3696,43.6833],[3.3692,43.6831],[3.369,43.6829],[3.3686,43.6824],[3.3682,43.6821],[3.3678,43.682],[3.3678,43.6821],[3.3677,43.682],[3.3676,43.682],[3.3672,43.6822],[3.3667,43.6825],[3.3664,43.6829],[3.3664,43.6829],[3.3666,43.6829],[3.3669,43.6829],[3.3678,43.6833],[3.3685,43.6833],[3.3686,43.6834],[3.3689,43.6836],[3.369,43.6839],[3.3688,43.6842],[3.3687,43.6843]]]}},{"type":"Feature","properties":{"MI_PRINX":3662983.0,"CARTE":264,"CODE":50,"CODE_LEG":50,"NOTATION":"Fy","DESCR":"Blocs, galets et graviers de calcaires siliceux, de grès, de quartz, de lydiennes, de porphyrites et de débris basaltiques (Terrasses glaciaires Würm)","C_FOND":10,"M_FOND":0,"J_FOND":10,"N_FOND":0,"NOM_SYMB":null,"C_SYMB":-1,"M_SYMB":-1,"J_SYMB":-1,"N_SYMB":-1,"ROT_SYMB":0,"score_potentiel":70,"niveau_potentiel":"Très élevé 🌟","pente_degres":32.0,"type_affleurement":"Affleurement Fort (Falaise / Ravine) 🔴","score_relieffiltered":100.0},"geometry":{"type":"Polygon","coordinates":[[[3.3848,43.6803],[3.3839,43.6805],[3.3826,43.6805],[3.3822,43.6807],[3.3822,43.6807],[3.3824,43.6808],[3.3838,43.6808],[3.3844,43.6809],[3.3847,43.6808],[3.385,43.6808],[3.3853,43.6808],[3.3855,43.6807],[3.3863,43.6807],[3.3871,43.6809],[3.3876,43.681],[3.3881,43.6809],[3.3892,43.6809],[3.3894,43.6807],[3.3893,43.6805],[3.3889,43.6804],[3.3883,43.6805],[3.3876,43.6805],[3.3875,43.6805],[3.3873,43.6806],[3.386,43.6803],[3.3854,43.6803],[3.3848,43.6803]]]}},{"type":"Feature","properties":{"MI_PRINX":3663106.0,"CARTE":264,"CODE":50,"CODE_LEG":50,"NOTATION":"Fy","DESCR":"Blocs, galets et graviers de calcaires siliceux, de grès, de quartz, de lydiennes, de porphyrites et de débris basaltiques (Terrasses glaciaires Würm)","C_FOND":10,"M_FOND":0,"J_FOND":10,"N_FOND":0,"NOM_SYMB":null,"C_SYMB":-1,"M_SYMB":-1,"J_SYMB":-1,"N_SYMB":-1,"ROT_SYMB":0,"score_potentiel":70,"niveau_potentiel":"Très élevé 🌟","pente_degres":17.5,"type_affleurement":"Affleurement Moyen (Escarpement) 🟠","score_relieffiltered":80.5},"geometry":{"type":"Polygon","coordinates":[[[3.161,43.6778],[3.1613,43.6775],[3.1627,43.677],[3.1637,43.6769],[3.1644,43.6769],[3.1651,43.6771],[3.1658,43.6774],[3.1663,43.6774],[3.1669,43.6774],[3.1673,43.6773],[3.1679,43.6775],[3.1685,43.6776],[3.1691,43.6775],[3.1698,43.6772],[3.1702,43.6767],[3.171,43.6762],[3.1717,43.6754],[3.1718,43.6749],[3.1719,43.6748],[3.1718,43.6742],[3.1716,43.6737],[3.171,43.6732],[3.17,43.6725],[3.1689,43.672],[3.1689,43.672],[3.1684,43.6718],[3.1669,43.671],[3.1653,43.6698],[3.1641,43.6687],[3.163,43.6675],[3.1616,43.666],[3.1604,43.6651],[3.158,43.6637],[3.1563,43.6629],[3.156,43.6629],[3.1558,43.663],[3.1553,43.6635],[3.1547,43.6639],[3.154,43.6645],[3.1538,43.665],[3.1539,43.6653],[3.1544,43.666],[3.1546,43.6664],[3.1546,43.6665],[3.1544,43.6668],[3.1541,43.6672],[3.1533,43.6675],[3.1529,43.6677],[3.1522,43.6686],[3.1514,43.6689],[3.1509,43.6691],[3.1507,43.6695],[3.1498,43.6702],[3.1498,43.6705],[3.1504,43.6709],[3.151,43.6709],[3.1514,43.6708],[3.1523,43.6706],[3.1526,43.6706],[3.1534,43.6705],[3.1539,43.6706],[3.1547,43.6712],[3.1553,43.672],[3.1559,43.6725],[3.1559,43.673],[3.1559,43.6735],[3.1564,43.6743],[3.1567,43.6747],[3.1578,43.6753],[3.1581,43.6759],[3.1581,43.6763],[3.1585,43.6766],[3.1589,43.6771],[3.1591,43.6776],[3.159,43.6778],[3.1588,43.6785],[3.1589,43.6786],[3.1596,43.6784],[3.1609,43.6778],[3.161,43.6778]]]}},{"type":"Feature","properties":{"MI_PRINX":3675892.0,"CARTE":264,"CODE":50,"CODE_LEG":50,"NOTATION":"Fy","DESCR":"Blocs, galets et graviers de calcaires siliceux, de grès, de quartz, de lydiennes, de porphyrites et de débris basaltiques (Terrasses glaciaires Würm)","C_FOND":10,"M_FOND":0,"J_FOND":10,"N_FOND":0,"NOM_SYMB":null,"C_SYMB":-1,"M_SYMB":-1,"J_SYMB":-1,"N_SYMB":-1,"ROT_SYMB":0,"score_potentiel":70,"niveau_potentiel":"Très élevé 🌟","pente_degres":32.1,"type_affleurement":"Affleurement Fort (Falaise / Ravine) 🔴","score_relieffiltered":100.0},"geometry":{"type":"Polygon","coordinates":[[[3.3534,43.4079],[3.3537,43.4081],[3.354,43.4082],[3.3544,43.4084],[3.3549,43.4087],[3.3555,43.4089],[3.356,43.4091],[3.3565,43.4092],[3.3568,43.4093],[3.3571,43.4094],[3.3573,43.4094],[3.3577,43.4094],[3.3582,43.4094],[3.359,43.4094],[3.3597,43.4093],[3.3602,43.4093],[3.3605,43.4093],[3.3608,43.4093],[3.3611,43.4093],[3.3614,43.4094],[3.3617,43.4094],[3.362,43.4094],[3.3622,43.4093],[3.3625,43.4093],[3.3628,43.4092],[3.3631,43.4091],[3.3634,43.409],[3.3637,43.4088],[3.364,43.4086],[3.3644,43.4085],[3.3647,43.4083],[3.3651,43.4081],[3.3654,43.4079],[3.3656,43.4077],[3.3659,43.4076],[3.3663,43.4074],[3.3666,43.4073],[3.367,43.4072],[3.3673,43.4072],[3.3676,43.4071],[3.3678,43.4071],[3.3681,43.4071],[3.3684,43.4071],[3.3688,43.4072],[3.3693,43.4073],[3.3697,43.4074],[3.3701,43.4074],[3.3703,43.4075],[3.3705,43.4076],[3.3708,43.4077],[3.3711,43.4078],[3.3715,43.4079],[3.3718,43.4079],[3.3721,43.4079],[3.3724,43.4079],[3.3728,43.4079],[3.3731,43.4079],[3.3735,43.4078],[3.3738,43.4077],[3.3741,43.4076],[3.3744,43.4074],[3.3747,43.4073],[3.375,43.4071],[3.3753,43.407],[3.3755,43.4069],[3.3758,43.4068],[3.3761,43.4068],[3.3764,43.4067],[3.3767,43.4067],[3.3771,43.4067],[3.3775,43.4068],[3.378,43.4068],[3.3784,43.4068],[3.3787,43.4068],[3.379,43.4067],[3.3793,43.4067],[3.3796,43.4066],[3.3798,43.4064],[3.38,43.4063],[3.3802,43.4062],[3.3805,43.406],[3.3809,43.4057],[3.3812,43.4055],[3.3815,43.4053],[3.3817,43.4052],[3.3818,43.4052],[3.382,43.4051],[3.3822,43.4051],[3.3825,43.4051],[3.3828,43.4051],[3.3833,43.4051],[3.3838,43.4051],[3.3844,43.4051],[3.3849,43.4051],[3.3854,43.4052],[3.3858,43.4052],[3.3861,43.4051],[3.3863,43.4051],[3.3866,43.4051],[3.3869,43.405],[3.3874,43.4048],[3.388,43.4047],[3.3886,43.4045],[3.389,43.4044],[3.3891,43.4044],[3.3893,43.4044],[3.3897,43.4043],[3.3902,43.4043],[3.3907,43.4042],[3.3911,43.4041],[3.3914,43.404],[3.3917,43.4039],[3.392,43.4038],[3.3924,43.4037],[3.3927,43.4035],[3.3931,43.4034],[3.3934,43.4032],[3.3937,43.403],[3.394,43.4028],[3.3943,43.4027],[3.3946,43.4025],[3.3948,43.4023],[3.395,43.4021],[3.3953,43.4018],[3.3955,43.4016],[3.3957,43.4013],[3.3959,43.4011],[3.3961,43.4009],[3.3961,43.4008],[3.3964,43.4005],[3.3965,43.4003],[3.3963,43.4004],[3.396,43.4005],[3.3956,43.4006],[3.3952,43.4006],[3.3949,43.4007],[3.3946,43.4007],[3.3944,43.4008],[3.3942,43.4009],[3.394,43.401],[3.3938,43.4012],[3.3935,43.4013],[3.3933,43.4015],[3.3931,43.4016],[3.3924,43.4018],[3.392,43.4019],[3.3917,43.4019],[3.3915,43.4019],[3.3913,43.4019],[3.3911,43.4019],[3.3909,43.402],[3.3904,43.4021],[3.3899,43.4023],[3.3895,43.4025],[3.3893,43.4026],[3.3891,43.4027],[3.3888,43.4027],[3.3881,43.4027],[3.3873,43.4027],[3.3867,43.4026],[3.3864,43.4026],[3.3861,43.4026],[3.3858,43.4026],[3.3854,43.4027],[3.3851,43.4027],[3.3847,43.4028],[3.3843,43.4029],[3.3839,43.403],[3.3835,43.4029],[3.383,43.4028],[3.3827,43.4028],[3.3824,43.4028],[3.3821,43.4029],[3.3817,43.403],[3.3814,43.403],[3.3811,43.4031],[3.3809,43.4032],[3.3807,43.4033],[3.3804,43.4035],[3.3801,43.4037],[3.3797,43.4039],[3.3795,43.4041],[3.3792,43.4042],[3.3789,43.4043],[3.3786,43.4044],[3.3783,43.4044],[3.378,43.4044],[3.3778,43.4044],[3.3775,43.4044],[3.3769,43.4046],[3.3763,43.4047],[3.3757,43.4047],[3.3751,43.4047],[3.3745,43.4046],[3.3741,43.4045],[3.3737,43.4044],[3.3734,43.4043],[3.3732,43.4042],[3.3729,43.4042],[3.3724,43.4041],[3.3719,43.404],[3.3714,43.4039],[3.371,43.4039],[3.3707,43.4038],[3.3703,43.4039],[3.3699,43.4039],[3.3695,43.404],[3.369,43.4041],[3.3684,43.4042],[3.3678,43.4044],[3.3673,43.4045],[3.3667,43.4045],[3.3661,43.4046],[3.3655,43.4046],[3.3649,43.4045],[3.3644,43.4044],[3.364,43.4043],[3.3637,43.4042],[3.3634,43.4041],[3.363,43.404],[3.3626,43.4039],[3.3623,43.4039],[3.3622,43.4039],[3.3616,43.4041],[3.3609,43.404],[3.3596,43.4039],[3.3586,43.4038],[3.3579,43.4039],[3.3577,43.4039],[3.3572,43.4041],[3.357,43.4042],[3.3567,43.4044],[3.3564,43.4046],[3.3562,43.4048],[3.3561,43.4049],[3.356,43.4052],[3.3558,43.4054],[3.3557,43.4056],[3.3556,43.4058],[3.3554,43.4059],[3.3553,43.406],[3.355,43.4061],[3.3547,43.4063],[3.3544,43.4065],[3.3541,43.4066],[3.354,43.4066],[3.3539,43.4066],[3.3537,43.4066],[3.3536,43.4065],[3.3535,43.4064],[3.3535,43.4062],[3.3535,43.406],[3.3536,43.4058],[3.3537,43.4055],[3.3538,43.4053],[3.3539,43.4051],[3.3538,43.405],[3.3538,43.4049],[3.3537,43.4048],[3.3536,43.4047],[3.3534,43.4046],[3.3532,43.4046],[3.3529,43.4045],[3.3525,43.4045],[3.3521,43.4046],[3.3516,43.4046],[3.351,43.4048],[3.3503,43.405],[3.3497,43.4052],[3.3493,43.4053],[3.3489,43.4054],[3.3494,43.4055],[3.3498,43.4057],[3.3503,43.4058],[3.3508,43.406],[3.3513,43.4063],[3.3517,43.4065],[3.352,43.4068],[3.3524,43.4071],[3.3528,43.4075],[3.3532,43.4078],[3.3534,43.4079]]]}},{"type":"Feature","properties":{"MI_PRINX":3676118.0,"CARTE":264,"CODE":1015,"CODE_LEG":207,"NOTATION":"c6SCm","DESCR":"Formations gréso-limoneuses de Cruzy (Maastrichtien)","C_FOND":10,"M_FOND":0,"J_FOND":50,"N_FOND":0,"NOM_SYMB":"S01_002","C_SYMB":100,"M_SYMB":100,"J_SYMB":0,"N_SYMB":0,"ROT_SYMB":0,"score_potentiel":55,"niveau_potentiel":"Élevé 🟢","pente_degres":20.4,"type_affleurement":"Affleurement Moyen (Escarpement) 🟠","score_relieffiltered":66.4},"geometry":{"type":"Polygon","coordinates":[[[2.9335,43.4038],[2.9337,43.404],[2.9339,43.4041],[2.9342,43.4042],[2.9345,43.4043],[2.9349,43.4045],[2.9352,43.4046],[2.9355,43.4047],[2.9357,43.4047],[2.9354,43.4045],[2.9351,43.4043],[2.9349,43.4041],[2.9347,43.404],[2.9345,43.4038],[2.9335,43.4038]]]}},{"type":"Feature","properties":{"MI_PRINX":3663085.0,"CARTE":264,"CODE":50,"CODE_LEG":50,"NOTATION":"Fy","DESCR":"Blocs, galets et graviers de calcaires siliceux, de grès, de quartz, de lydiennes, de porphyrites et de débris basaltiques (Terrasses glaciaires Würm)","C_FOND":10,"M_FOND":0,"J_FOND":10,"N_FOND":0,"NOM_SYMB":null,"C_SYMB":-1,"M_SYMB":-1,"J_SYMB":-1,"N_SYMB":-1,"ROT_SYMB":0,"score_potentiel":70,"niveau_potentiel":"Très élevé 🌟","pente_degres":17.2,"type_affleurement":"Affleurement Moyen (Escarpement) 🟠","score_relieffiltered":80.1},"geometry":{"type":"Polygon","coordinates":[[[3.4304,43.6757],[3.4297,43.676],[3.4294,43.6762],[3.43,43.6765],[3.4308,43.677],[3.4313,43.6771],[3.4315,43.677],[3.4313,43.6767],[3.4308,43.6762],[3.4307,43.6758],[3.4304,43.6757]]]}},{"type":"Feature","properties":{"MI_PRINX":3663103.0,"CARTE":264,"CODE":50,"CODE_LEG":50,"NOTATION":"Fy","DESCR":"Blocs, galets et graviers de calcaires siliceux, de grès, de quartz, de lydiennes, de porphyrites et de débris basaltiques (Terrasses glaciaires Würm)","C_FOND":10,"M_FOND":0,"J_FOND":10,"N_FOND":0,"NOM_SYMB":null,"C_SYMB":-1,"M_SYMB":-1,"J_SYMB":-1,"N_SYMB":-1,"ROT_SYMB":0,"score_potentiel":70,"niveau_potentiel":"Très élevé 🌟","pente_degres":18.4,"type_affleurement":"Affleurement Moyen (Escarpement) 🟠","score_relieffiltered":81.8},"geometry":{"type":"Polygon","coordinates":[[[3.4023,43.6751],[3.402,43.6751],[3.4006,43.676],[3.4002,43.6762],[3.4,43.6763],[3.4003,43.6765],[3.4013,43.6765],[3.4014,43.6765],[3.4019,43.6766],[3.4025,43.6766],[3.4025,43.6766],[3.4027,43.6765],[3.4029,43.6763],[3.4028,43.6761],[3.4024,43.6759],[3.4021,43.6759],[3.402,43.6758],[3.4023,43.6757],[3.4026,43.6755],[3.4026,43.6752],[3.4023,43.6751]]]}},{"type":"Feature","properties":{"MI_PRINX":3663204.0,"CARTE":264,"CODE":50,"CODE_LEG":50,"NOTATION":"Fy","DESCR":"Blocs, galets et graviers de calcaires siliceux, de grès, de quartz, de lydiennes, de porphyrites et de débris basaltiques (Terrasses glaciaires Würm)","C_FOND":10,"M_FOND":0,"J_FOND":10,"N_FOND":0,"NOM_SYMB":null,"C_SYMB":-1,"M_SYMB":-1,"J_SYMB":-1,"N_SYMB":-1,"ROT_SYMB":0,"score_potentiel":70,"niveau_potentiel":"Très élevé 🌟","pente_degres":16.8,"type_affleurement":"Affleurement Moyen (Escarpement) 🟠","score_relieffiltered":79.5},"geometry":{"type":"Polygon","coordinates":[[[3.5387,43.6699],[3.5389,43.6699],[3.5398,43.67],[3.5399,43.67],[3.5405,43.6702],[3.5421,43.6708],[3.5422,43.6708],[3.5424,43.6708],[3.5432,43.671],[3.5438,43.6712],[3.544,43.6712],[3.5443,43.6712],[3.5444,43.6712],[3.5458,43.6712],[3.5463,43.6712],[3.5468,43.6712],[3.5468,43.6712],[3.5472,43.6711],[3.548,43.6711],[3.5486,43.6712],[3.5491,43.6714],[3.5492,43.6709],[3.5494,43.6705],[3.5496,43.6697],[3.5496,43.6694],[3.5492,43.6688],[3.5475,43.6674],[3.5454,43.666],[3.5453,43.666],[3.5452,43.666],[3.5452,43.666],[3.5448,43.6658],[3.5446,43.6658],[3.5446,43.6658],[3.5441,43.6656],[3.5428,43.6653],[3.542,43.665],[3.5407,43.6641],[3.5406,43.6641],[3.5404,43.664],[3.5403,43.664],[3.5396,43.664],[3.5385,43.6644],[3.5385,43.6644],[3.5379,43.6645],[3.5378,43.6645],[3.5373,43.6646],[3.5365,43.6646],[3.5359,43.6649],[3.5358,43.6652],[3.5357,43.6653],[3.5358,43.6656],[3.5364,43.6662],[3.5367,43.6667],[3.5368,43.6669],[3.537,43.6669],[3.5374,43.6667],[3.5378,43.6668],[3.5383,43.6675],[3.5383,43.6678],[3.5383,43.668],[3.5378,43.6684],[3.5375,43.6686],[3.5375,43.6687],[3.5385,43.6694],[3.5387,43.6699]]]}},{"type":"Feature","properties":{"MI_PRINX":3663160.0,"CARTE":264,"CODE":50,"CODE_LEG":50,"NOTATION":"Fy","DESCR":"Blocs, galets et graviers de calcaires siliceux, de grès, de quartz, de lydiennes, de porphyrites et de débris basaltiques (Terrasses glaciaires Würm)","C_FOND":10,"M_FOND":0,"J_FOND":10,"N_FOND":0,"NOM_SYMB":null,"C_SYMB":-1,"M_SYMB":-1,"J_SYMB":-1,"N_SYMB":-1,"ROT_SYMB":0,"score_potentiel":70,"niveau_potentiel":"Très élevé 🌟","pente_degres":32.0,"type_affleurement":"Affleurement Fort (Falaise / Ravine) 🔴","score_relieffiltered":100.0},"geometry":{"type":"Polygon","coordinates":[[[3.4027,43.6742],[3.4027,43.6743],[3.4033,43.6745],[3.4037,43.6745],[3.4042,43.6743],[3.4047,43.6739],[3.4051,43.6738],[3.4054,43.6737],[3.4058,43.6732],[3.4059,43.6732],[3.4061,43.6733],[3.4061,43.6735],[3.4061,43.6738],[3.4064,43.6739],[3.4068,43.6738],[3.4075,43.6733],[3.408,43.6733],[3.4081,43.6733],[3.4083,43.6734],[3.4084,43.6734],[3.4092,43.6734],[3.4099,43.6736],[3.4104,43.6737],[3.4111,43.6735],[3.4117,43.6734],[3.4119,43.6734],[3.4122,43.6734],[3.413,43.6737],[3.4136,43.6738],[3.4138,43.6739],[3.4139,43.6739],[3.4143,43.6739],[3.4149,43.6738],[3.4157,43.6736],[3.4158,43.6736],[3.4161,43.6736],[3.4169,43.6731],[3.4177,43.6723],[3.4179,43.672],[3.4178,43.6718],[3.4174,43.6714],[3.4166,43.6713],[3.4159,43.6711],[3.4157,43.6711],[3.4149,43.6712],[3.4148,43.6711],[3.4142,43.671],[3.414,43.671],[3.4139,43.671],[3.4138,43.671],[3.4137,43.671],[3.4135,43.6711],[3.414,43.6716],[3.4141,43.6719],[3.4135,43.6724],[3.4131,43.6725],[3.413,43.6725],[3.4127,43.6726],[3.4126,43.6726],[3.4122,43.6726],[3.4121,43.6726],[3.4113,43.6727],[3.4112,43.6727],[3.4107,43.6728],[3.4105,43.6729],[3.4097,43.673],[3.4089,43.673],[3.4083,43.6727],[3.4081,43.6725],[3.4079,43.6724],[3.4079,43.6725],[3.4076,43.6727],[3.4076,43.6729],[3.4072,43.6731],[3.4068,43.6731],[3.4065,43.6731],[3.4064,43.6731],[3.406,43.673],[3.4059,43.6729],[3.4056,43.6729],[3.4053,43.6729],[3.4053,43.6729],[3.405,43.6728],[3.4044,43.6729],[3.404,43.6731],[3.4042,43.6732],[3.4041,43.6734],[3.4034,43.6739],[3.4028,43.6741],[3.4027,43.6742]]]}},{"type":"Feature","properties":{"MI_PRINX":3663352.0,"CARTE":264,"CODE":50,"CODE_LEG":50,"NOTATION":"Fy","DESCR":"Blocs, galets et graviers de calcaires siliceux, de grès, de quartz, de lydiennes, de porphyrites et de débris basaltiques (Terrasses glaciaires Würm)","C_FOND":10,"M_FOND":0,"J_FOND":10,"N_FOND":0,"NOM_SYMB":null,"C_SYMB":-1,"M_SYMB":-1,"J_SYMB":-1,"N_SYMB":-1,"ROT_SYMB":0,"score_potentiel":70,"niveau_potentiel":"Très élevé 🌟","pente_degres":20.0,"type_affleurement":"Affleurement Moyen (Escarpement) 🟠","score_relieffiltered":84.0},"geometry":{"type":"Polygon","coordinates":[[[3.4107,43.6607],[3.4105,43.6607],[3.4103,43.661],[3.4103,43.661],[3.4104,43.6613],[3.4107,43.6618],[3.4108,43.6622],[3.4106,43.6625],[3.4103,43.6625],[3.4101,43.6625],[3.4098,43.6628],[3.4092,43.6636],[3.4092,43.6641],[3.4091,43.6643],[3.4092,43.6646],[3.4094,43.6652],[3.4101,43.6668],[3.4104,43.6677],[3.4106,43.668],[3.4106,43.668],[3.4107,43.668],[3.4107,43.6676],[3.4108,43.6672],[3.4108,43.6671],[3.4109,43.6668],[3.4108,43.6666],[3.4106,43.6663],[3.4106,43.6662],[3.4108,43.6653],[3.4104,43.6648],[3.4104,43.6648],[3.4107,43.6644],[3.411,43.6641],[3.4107,43.6638],[3.4107,43.6637],[3.4109,43.6637],[3.4114,43.6637],[3.4117,43.6637],[3.4122,43.663],[3.4124,43.6626],[3.4122,43.6622],[3.4117,43.6616],[3.4109,43.6607],[3.4107,43.6607],[3.4107,43.6607]]]}},{"type":"Feature","properties":{"MI_PRINX":3663356.0,"CARTE":264,"CODE":50,"CODE_LEG":50,"NOTATION":"Fy","DESCR":"Blocs, galets et graviers de calcaires siliceux, de grès, de quartz, de lydiennes, de porphyrites et de débris basaltiques (Terrasses glaciaires Würm)","C_FOND":10,"M_FOND":0,"J_FOND":10,"N_FOND":0,"NOM_SYMB":null,"C_SYMB":-1,"M_SYMB":-1,"J_SYMB":-1,"N_SYMB":-1,"ROT_SYMB":0,"score_potentiel":70,"niveau_potentiel":"Très élevé 🌟","pente_degres":15.7,"type_affleurement":"Affleurement Moyen (Escarpement) 🟠","score_relieffiltered":78.0},"geometry":{"type":"Polygon","coordinates":[[[3.335,43.666],[3.3344,43.6661],[3.3343,43.6661],[3.3342,43.6661],[3.3342,43.6661],[3.3338,43.6661],[3.3333,43.6663],[3.3333,43.6665],[3.334,43.6673],[3.3342,43.6679],[3.3345,43.6683],[3.3348,43.6684],[3.3356,43.6683],[3.3363,43.6685],[3.3367,43.6686],[3.337,43.6683],[3.337,43.6682],[3.3365,43.6677],[3.3365,43.6676],[3.3362,43.6672],[3.3359,43.667],[3.3359,43.6664],[3.3355,43.6661],[3.335,43.666]]]}},{"type":"Feature","properties":{"MI_PRINX":3663500.0,"CARTE":264,"CODE":50,"CODE_LEG":50,"NOTATION":"Fy","DESCR":"Blocs, galets et graviers de calcaires siliceux, de grès, de quartz, de lydiennes, de porphyrites et de débris basaltiques (Terrasses glaciaires Würm)","C_FOND":10,"M_FOND":0,"J_FOND":10,"N_FOND":0,"NOM_SYMB":null,"C_SYMB":-1,"M_SYMB":-1,"J_SYMB":-1,"N_SYMB":-1,"ROT_SYMB":0,"score_potentiel":70,"niveau_potentiel":"Très élevé 🌟","pente_degres":31.2,"type_affleurement":"Affleurement Fort (Falaise / Ravine) 🔴","score_relieffiltered":99.7},"geometry":{"type":"Polygon","coordinates":[[[3.5907,43.6603],[3.5907,43.6603],[3.5914,43.6606],[3.592,43.6611],[3.592,43.6607],[3.5917,43.6602],[3.5917,43.66],[3.5918,43.6595],[3.5918,43.6592],[3.5912,43.6585],[3.5909,43.6579],[3.5909,43.6576],[3.5908,43.6569],[3.5907,43.6568],[3.59,43.6562],[3.5898,43.6562],[3.5895,43.6562],[3.589,43.6564],[3.5883,43.657],[3.588,43.657],[3.5876,43.6569],[3.5873,43.6564],[3.5872,43.6559],[3.5864,43.6553],[3.5856,43.655],[3.5849,43.6548],[3.5839,43.6547],[3.5826,43.6544],[3.582,43.6544],[3.5816,43.6542],[3.5815,43.654],[3.5815,43.6538],[3.5816,43.6536],[3.5815,43.6536],[3.5804,43.6541],[3.5803,43.6541],[3.5801,43.6542],[3.5796,43.6543],[3.5794,43.6546],[3.5794,43.6546],[3.5797,43.6548],[3.5816,43.6553],[3.5825,43.6553],[3.5834,43.6556],[3.5843,43.6563],[3.5843,43.6567],[3.5844,43.6569],[3.5847,43.657],[3.5851,43.657],[3.5859,43.6575],[3.5864,43.6576],[3.5866,43.6576],[3.5872,43.6574],[3.5875,43.6574],[3.5876,43.6574],[3.5881,43.6577],[3.5883,43.6581],[3.5886,43.6585],[3.5891,43.6588],[3.5898,43.6592],[3.59,43.6597],[3.5907,43.6603]]]}},{"type":"Feature","properties":{"MI_PRINX":3663501.0,"CARTE":264,"CODE":50,"CODE_LEG":50,"NOTATION":"Fy","DESCR":"Blocs, galets et graviers de calcaires siliceux, de grès, de quartz, de lydiennes, de porphyrites et de débris basaltiques (Terrasses glaciaires Würm)","C_FOND":10,"M_FOND":0,"J_FOND":10,"N_FOND":0,"NOM_SYMB":null,"C_SYMB":-1,"M_SYMB":-1,"J_SYMB":-1,"N_SYMB":-1,"ROT_SYMB":0,"score_potentiel":70,"niveau_potentiel":"Très élevé 🌟","pente_degres":33.2,"type_affleurement":"Affleurement Fort (Falaise / Ravine) 🔴","score_relieffiltered":100.0},"geometry":{"type":"Polygon","coordinates":[[[3.3426,43.6611],[3.3427,43.6613],[3.3429,43.6613],[3.3431,43.6611],[3.3431,43.66],[3.3436,43.66],[3.3449,43.6606],[3.346,43.6609],[3.347,43.661],[3.3481,43.6612],[3.3493,43.6615],[3.3509,43.6621],[3.3525,43.6625],[3.3534,43.6629],[3.3543,43.6632],[3.3549,43.6632],[3.356,43.6632],[3.3571,43.6632],[3.3584,43.6631],[3.3602,43.663],[3.361,43.6629],[3.3625,43.6626],[3.3639,43.6623],[3.3652,43.6619],[3.3662,43.6614],[3.3674,43.6607],[3.3682,43.6601],[3.3689,43.6597],[3.3696,43.6595],[3.3708,43.6592],[3.3713,43.659],[3.3716,43.6588],[3.3717,43.6585],[3.3715,43.6584],[3.3709,43.6581],[3.3697,43.6579],[3.3688,43.6576],[3.3682,43.6574],[3.3671,43.6574],[3.3656,43.6574],[3.3647,43.6575],[3.3641,43.6578],[3.3636,43.6581],[3.3629,43.6587],[3.3623,43.6595],[3.3619,43.6599],[3.3613,43.6602],[3.3605,43.6604],[3.3599,43.6604],[3.3587,43.6601],[3.3574,43.6598],[3.3568,43.6596],[3.3557,43.6597],[3.3549,43.6596],[3.3545,43.6594],[3.3538,43.659],[3.3535,43.6585],[3.353,43.6577],[3.3527,43.6569],[3.3522,43.6559],[3.352,43.6552],[3.3517,43.655],[3.3514,43.655],[3.3511,43.6553],[3.351,43.6557],[3.3511,43.6567],[3.3511,43.6576],[3.3511,43.6581],[3.3507,43.6586],[3.3502,43.659],[3.3497,43.6593],[3.349,43.6595],[3.3486,43.6595],[3.348,43.6594],[3.3473,43.6592],[3.3467,43.659],[3.3458,43.659],[3.345,43.6589],[3.3443,43.6587],[3.3439,43.6586],[3.344,43.6579],[3.3436,43.6578],[3.3435,43.6577],[3.3435,43.6586],[3.3431,43.6587],[3.3427,43.6587],[3.3422,43.6585],[3.3409,43.6578],[3.3384,43.6565],[3.3378,43.6563],[3.3372,43.656],[3.3357,43.6554],[3.3352,43.6552],[3.3346,43.655],[3.3339,43.6545],[3.3333,43.6541],[3.3325,43.6538],[3.332,43.6537],[3.3312,43.6537],[3.3308,43.6535],[3.3306,43.6535],[3.3304,43.6516],[3.3302,43.6516],[3.3299,43.6515],[3.3298,43.6514],[3.3296,43.6512],[3.3295,43.651],[3.3295,43.6507],[3.3298,43.6502],[3.3298,43.6497],[3.33,43.6493],[3.33,43.6489],[3.3297,43.6486],[3.3293,43.6482],[3.3292,43.6473],[3.3291,43.6473],[3.3288,43.6466],[3.3283,43.646],[3.3279,43.6457],[3.328,43.6461],[3.3282,43.6467],[3.3266,43.6452],[3.3264,43.6447],[3.3264,43.6446],[3.3262,43.6443],[3.3258,43.644],[3.326,43.6437],[3.3262,43.6432],[3.3262,43.6427],[3.3258,43.6422],[3.3251,43.6417],[3.3242,43.6412],[3.3239,43.6414],[3.3239,43.6415],[3.324,43.642],[3.3241,43.6425],[3.3238,43.6428],[3.3232,43.643],[3.3224,43.6431],[3.3222,43.6431],[3.322,43.6432],[3.3216,43.6432],[3.3211,43.6432],[3.3204,43.6432],[3.32,43.6432],[3.3193,43.6432],[3.3192,43.6432],[3.3191,43.6433],[3.3188,43.6433],[3.3186,43.6434],[3.3186,43.6434],[3.3181,43.6436],[3.3174,43.6437],[3.3173,43.6437],[3.3163,43.6439],[3.3161,43.6439],[3.3155,43.644],[3.314,43.6439],[3.3133,43.6439],[3.3129,43.6439],[3.3122,43.6439],[3.3121,43.6441],[3.3119,43.6441],[3.3118,43.6441],[3.3117,43.6439],[3.3117,43.6437],[3.3105,43.6437],[3.3103,43.6437],[3.3101,43.6436],[3.3093,43.6436],[3.3088,43.6436],[3.3087,43.6436],[3.3069,43.6436],[3.3066,43.6437],[3.3064,43.6437],[3.3059,43.6438],[3.3052,43.6442],[3.3046,43.6447],[3.304,43.6448],[3.3036,43.6448],[3.3034,43.6448],[3.3018,43.6444],[3.3018,43.6443],[3.3016,43.6443],[3.3015,43.6443],[3.3013,43.6443],[3.3012,43.6443],[3.3009,43.6443],[3.3006,43.6445],[3.3007,43.6448],[3.3011,43.6449],[3.3014,43.6449],[3.302,43.645],[3.302,43.645],[3.3022,43.645],[3.3025,43.645],[3.3028,43.6451],[3.3029,43.6451],[3.3033,43.6451],[3.3033,43.6451],[3.3034,43.6452],[3.3035,43.6452],[3.3039,43.6454],[3.304,43.6457],[3.304,43.6461],[3.3038,43.6466],[3.3038,43.6468],[3.3037,43.6474],[3.3036,43.6475],[3.3037,43.6478],[3.3037,43.648],[3.3037,43.6482],[3.3037,43.6483],[3.304,43.6489],[3.3038,43.6492],[3.3034,43.6496],[3.3034,43.6501],[3.303,43.6503],[3.3026,43.6505],[3.3024,43.6509],[3.3018,43.6515],[3.3017,43.6518],[3.3018,43.652],[3.3022,43.6528],[3.3021,43.653],[3.3012,43.6534],[3.2996,43.6545],[3.2988,43.6549],[3.2989,43.655],[3.2994,43.655],[3.2999,43.655],[3.3,43.655],[3.3006,43.6548],[3.3023,43.6541],[3.3027,43.654],[3.303,43.654],[3.3035,43.6545],[3.304,43.6549],[3.3042,43.655],[3.3045,43.655],[3.3053,43.655],[3.3058,43.655],[3.3062,43.6552],[3.3065,43.6557],[3.3066,43.6562],[3.3065,43.6569],[3.3065,43.6569],[3.3066,43.6571],[3.3067,43.6571],[3.3073,43.6568],[3.3087,43.6561],[3.3102,43.6555],[3.311,43.6553],[3.3115,43.6553],[3.3119,43.6552],[3.3129,43.6549],[3.3138,43.6546],[3.3148,43.6543],[3.316,43.6543],[3.3161,43.6543],[3.3161,43.6544],[3.3166,43.6544],[3.3172,43.6544],[3.3177,43.6542],[3.3181,43.6539],[3.3179,43.6536],[3.3179,43.6535],[3.318,43.6534],[3.3185,43.6534],[3.319,43.6536],[3.3194,43.6539],[3.3199,43.6539],[3.32,43.6539],[3.3202,43.654],[3.3206,43.6543],[3.3208,43.6544],[3.321,43.6541],[3.3213,43.6537],[3.3217,43.6535],[3.3221,43.6537],[3.3224,43.6545],[3.3226,43.6545],[3.3231,43.6543],[3.3234,43.6543],[3.3236,43.6542],[3.3238,43.6539],[3.3241,43.6539],[3.3245,43.6537],[3.3249,43.6536],[3.3252,43.6537],[3.3253,43.654],[3.3255,43.6542],[3.3258,43.6545],[3.3261,43.6546],[3.3264,43.6544],[3.3269,43.6542],[3.3273,43.6541],[3.3278,43.6543],[3.3282,43.6542],[3.3289,43.6542],[3.3293,43.6543],[3.3308,43.6549],[3.332,43.6555],[3.3328,43.6559],[3.3341,43.6564],[3.3349,43.6569],[3.3365,43.6577],[3.3376,43.6583],[3.3385,43.6588],[3.3398,43.6593],[3.3406,43.6595],[3.3404,43.6596],[3.3403,43.6597],[3.3403,43.66],[3.3404,43.6603],[3.3402,43.6604],[3.3399,43.6607],[3.3393,43.661],[3.3392,43.6612],[3.3392,43.6617],[3.339,43.6618],[3.3386,43.6618],[3.3385,43.662],[3.3388,43.6622],[3.34,43.6617],[3.3402,43.6613],[3.3406,43.661],[3.3409,43.661],[3.3411,43.6613],[3.3412,43.6616],[3.341,43.6619],[3.3404,43.6621],[3.34,43.6622],[3.3396,43.6626],[3.3396,43.6629],[3.3396,43.6632],[3.3398,43.6634],[3.3401,43.6635],[3.3402,43.6635],[3.3409,43.6637],[3.3412,43.6637],[3.3415,43.6635],[3.3416,43.6629],[3.3421,43.6625],[3.3426,43.6619],[3.3426,43.6614],[3.3426,43.6611]],[[3.3426,43.6611],[3.3421,43.661],[3.3417,43.6609],[3.3413,43.6607],[3.3408,43.6603],[3.3409,43.66],[3.3409,43.6598],[3.3409,43.6596],[3.3413,43.6597],[3.342,43.6599],[3.3425,43.6599],[3.3426,43.66],[3.3426,43.6603],[3.3426,43.6611]],[[3.322,43.6438],[3.3228,43.6439],[3.3231,43.6439],[3.3233,43.644],[3.324,43.644],[3.3242,43.644],[3.3243,43.644],[3.3244,43.644],[3.3244,43.644],[3.3245,43.644],[3.3246,43.644],[3.325,43.644],[3.3251,43.644],[3.3252,43.6441],[3.3256,43.6444],[3.3257,43.6447],[3.3255,43.6451],[3.3251,43.6457],[3.3251,43.6459],[3.3254,43.6466],[3.3255,43.6471],[3.3254,43.6474],[3.325,43.6478],[3.3243,43.648],[3.3241,43.6482],[3.3243,43.6486],[3.324,43.6488],[3.3236,43.6487],[3.323,43.6486],[3.3224,43.6484],[3.322,43.6481],[3.3219,43.6479],[3.3219,43.6476],[3.3217,43.6474],[3.3213,43.6472],[3.3212,43.6472],[3.3203,43.6471],[3.3201,43.647],[3.3199,43.647],[3.3196,43.647],[3.3193,43.647],[3.3188,43.6469],[3.3186,43.6469],[3.3181,43.6469],[3.318,43.6469],[3.3173,43.6469],[3.3166,43.6468],[3.3156,43.6465],[3.3155,43.6465],[3.3149,43.6463],[3.3146,43.6463],[3.3145,43.6463],[3.314,43.6464],[3.3139,43.6464],[3.3129,43.6468],[3.3118,43.6475],[3.3109,43.6484],[3.3107,43.6489],[3.3108,43.6492],[3.3114,43.6495],[3.3122,43.6496],[3.3126,43.6496],[3.3129,43.6498],[3.3126,43.65],[3.3119,43.65],[3.3114,43.65],[3.3103,43.6504],[3.3096,43.6507],[3.3094,43.6507],[3.309,43.6507],[3.3089,43.6507],[3.3088,43.6506],[3.309,43.6504],[3.3093,43.6501],[3.3089,43.6498],[3.3085,43.6498],[3.3077,43.65],[3.3074,43.6501],[3.3071,43.6501],[3.3069,43.65],[3.307,43.6499],[3.3078,43.6494],[3.3094,43.6484],[3.3101,43.6473],[3.3109,43.6462],[3.3112,43.6458],[3.312,43.6452],[3.3121,43.6452],[3.3129,43.6449],[3.3134,43.6448],[3.3135,43.6448],[3.3136,43.6447],[3.314,43.6447],[3.3141,43.6447],[3.3145,43.6448],[3.3153,43.645],[3.3165,43.6455],[3.3172,43.6458],[3.3175,43.6458],[3.318,43.6458],[3.3181,43.6458],[3.3186,43.6456],[3.3208,43.6441],[3.3215,43.6438],[3.322,43.6438]]]}},{"type":"Feature","properties":{"MI_PRINX":3663346.0,"CARTE":264,"CODE":50,"CODE_LEG":50,"NOTATION":"Fy","DESCR":"Blocs, galets et graviers de calcaires siliceux, de grès, de quartz, de lydiennes, de porphyrites et de débris basaltiques (Terrasses glaciaires Würm)","C_FOND":10,"M_FOND":0,"J_FOND":10,"N_FOND":0,"NOM_SYMB":null,"C_SYMB":-1,"M_SYMB":-1,"J_SYMB":-1,"N_SYMB":-1,"ROT_SYMB":0,"score_potentiel":70,"niveau_potentiel":"Très élevé 🌟","pente_degres":19.8,"type_affleurement":"Affleurement Moyen (Escarpement) 🟠","score_relieffiltered":83.7},"geometry":{"type":"Polygon","coordinates":[[[3.5606,43.6583],[3.5605,43.6583],[3.5597,43.6588],[3.5587,43.6597],[3.558,43.6604],[3.558,43.6605],[3.5582,43.6607],[3.5585,43.6606],[3.5588,43.6608],[3.5586,43.6611],[3.5576,43.6622],[3.5576,43.6623],[3.5576,43.6623],[3.5576,43.6626],[3.558,43.663],[3.5591,43.6634],[3.5596,43.6638],[3.561,43.6649],[3.5613,43.6654],[3.5617,43.6659],[3.5624,43.6665],[3.5626,43.6665],[3.563,43.6656],[3.5628,43.6654],[3.5624,43.665],[3.5624,43.6648],[3.5628,43.6644],[3.5637,43.6641],[3.5646,43.6636],[3.5661,43.6628],[3.5672,43.6624],[3.5678,43.6622],[3.5681,43.6616],[3.5689,43.6611],[3.5699,43.6607],[3.5704,43.6603],[3.5704,43.6599],[3.5706,43.6594],[3.5712,43.6587],[3.5717,43.658],[3.5717,43.6577],[3.5712,43.6578],[3.5705,43.6578],[3.57,43.6578],[3.5692,43.6579],[3.5689,43.658],[3.5683,43.6584],[3.568,43.6592],[3.5678,43.6598],[3.5676,43.6601],[3.5672,43.6606],[3.5667,43.6609],[3.5663,43.661],[3.5661,43.661],[3.5656,43.661],[3.5656,43.661],[3.5655,43.6609],[3.5648,43.6607],[3.5631,43.6598],[3.5629,43.6598],[3.5624,43.6598],[3.5621,43.6597],[3.5619,43.6595],[3.5619,43.6593],[3.5614,43.659],[3.5607,43.6586],[3.5606,43.6584],[3.5606,43.6583]]]}},{"type":"Feature","properties":{"MI_PRINX":3662226.0,"CARTE":264,"CODE":50,"CODE_LEG":50,"NOTATION":"Fy","DESCR":"Blocs, galets et graviers de calcaires siliceux, de grès, de quartz, de lydiennes, de porphyrites et de débris basaltiques (Terrasses glaciaires Würm)","C_FOND":10,"M_FOND":0,"J_FOND":10,"N_FOND":0,"NOM_SYMB":null,"C_SYMB":-1,"M_SYMB":-1,"J_SYMB":-1,"N_SYMB":-1,"ROT_SYMB":0,"score_potentiel":70,"niveau_potentiel":"Très élevé 🌟","pente_degres":18.1,"type_affleurement":"Affleurement Moyen (Escarpement) 🟠","score_relieffiltered":81.3},"geometry":{"type":"Polygon","coordinates":[[[3.4242,43.7103],[3.4248,43.7098],[3.4251,43.7094],[3.4253,43.709],[3.4252,43.7089],[3.4251,43.7085],[3.4247,43.7076],[3.4244,43.7071],[3.4237,43.7065],[3.4229,43.7061],[3.4228,43.7061],[3.422,43.7058],[3.4217,43.706],[3.4217,43.7061],[3.4225,43.707],[3.4226,43.7071],[3.4227,43.7074],[3.4227,43.7077],[3.4229,43.7081],[3.4229,43.7081],[3.4232,43.7085],[3.4237,43.7087],[3.4243,43.7092],[3.4243,43.7095],[3.4241,43.7101],[3.4241,43.7102],[3.4242,43.7103]]]}},{"type":"Feature","properties":{"MI_PRINX":3675030.0,"CARTE":264,"CODE":1014,"CODE_LEG":206,"NOTATION":"c6SC","DESCR":"Formations calcaires de Cruzy (Maastrichtien)","C_FOND":10,"M_FOND":0,"J_FOND":50,"N_FOND":0,"NOM_SYMB":"S01_002","C_SYMB":100,"M_SYMB":100,"J_SYMB":0,"N_SYMB":0,"ROT_SYMB":90,"score_potentiel":85,"niveau_potentiel":"Très élevé 🌟","pente_degres":16.9,"type_affleurement":"Affleurement Moyen (Escarpement) 🟠","score_relieffiltered":96.7},"geometry":{"type":"Polygon","coordinates":[[[3.0534,43.4418],[3.0532,43.4418],[3.0532,43.4419],[3.0533,43.4419],[3.0535,43.442],[3.0538,43.4419],[3.0539,43.4419],[3.0538,43.4418],[3.0537,43.4418],[3.0534,43.4418]]]}},{"type":"Feature","properties":{"MI_PRINX":3675034.0,"CARTE":264,"CODE":1014,"CODE_LEG":206,"NOTATION":"c6SC","DESCR":"Formations calcaires de Cruzy (Maastrichtien)","C_FOND":10,"M_FOND":0,"J_FOND":50,"N_FOND":0,"NOM_SYMB":"S01_002","C_SYMB":100,"M_SYMB":100,"J_SYMB":0,"N_SYMB":0,"ROT_SYMB":90,"score_potentiel":85,"niveau_potentiel":"Très élevé 🌟","pente_degres":16.5,"type_affleurement":"Affleurement Moyen (Escarpement) 🟠","score_relieffiltered":96.1},"geometry":{"type":"Polygon","coordinates":[[[3.0504,43.4416],[3.0503,43.4416],[3.0504,43.4417],[3.0506,43.4418],[3.0508,43.4419],[3.051,43.4419],[3.051,43.4419],[3.051,43.4418],[3.0508,43.4416],[3.0506,43.4416],[3.0504,43.4416]]]}},{"type":"Feature","properties":{"MI_PRINX":3675042.0,"CARTE":264,"CODE":1014,"CODE_LEG":206,"NOTATION":"c6SC","DESCR":"Formations calcaires de Cruzy (Maastrichtien)","C_FOND":10,"M_FOND":0,"J_FOND":50,"N_FOND":0,"NOM_SYMB":"S01_002","C_SYMB":100,"M_SYMB":100,"J_SYMB":0,"N_SYMB":0,"ROT_SYMB":90,"score_potentiel":85,"niveau_potentiel":"Très élevé 🌟","pente_degres":17.8,"type_affleurement":"Affleurement Moyen (Escarpement) 🟠","score_relieffiltered":98.3},"geometry":{"type":"Polygon","coordinates":[[[3.0549,43.4412],[3.0545,43.4413],[3.0541,43.4414],[3.0541,43.4415],[3.0542,43.4416],[3.0544,43.4416],[3.0546,43.4415],[3.055,43.4414],[3.0551,43.4413],[3.0551,43.4412],[3.0549,43.4412]]]}},{"type":"Feature","properties":{"MI_PRINX":3675045.0,"CARTE":264,"CODE":1014,"CODE_LEG":206,"NOTATION":"c6SC","DESCR":"Formations calcaires de Cruzy (Maastrichtien)","C_FOND":10,"M_FOND":0,"J_FOND":50,"N_FOND":0,"NOM_SYMB":"S01_002","C_SYMB":100,"M_SYMB":100,"J_SYMB":0,"N_SYMB":0,"ROT_SYMB":90,"score_potentiel":85,"niveau_potentiel":"Très élevé 🌟","pente_degres":19.5,"type_affleurement":"Affleurement Moyen (Escarpement) 🟠","score_relieffiltered":100.0},"geometry":{"type":"Polygon","coordinates":[[[3.0483,43.441],[3.0484,43.441],[3.0486,43.441],[3.0489,43.4411],[3.0492,43.4413],[3.0494,43.4414],[3.0496,43.4415],[3.0495,43.4413],[3.0494,43.441],[3.0493,43.4409],[3.0491,43.4408],[3.0486,43.4406],[3.0482,43.4405],[3.0477,43.4405],[3.0475,43.4404],[3.0477,43.4407],[3.048,43.441],[3.0482,43.4411],[3.0483,43.441]]]}},{"type":"Feature","properties":{"MI_PRINX":3675048.0,"CARTE":264,"CODE":1014,"CODE_LEG":206,"NOTATION":"c6SC","DESCR":"Formations calcaires de Cruzy (Maastrichtien)","C_FOND":10,"M_FOND":0,"J_FOND":50,"N_FOND":0,"NOM_SYMB":"S01_002","C_SYMB":100,"M_SYMB":100,"J_SYMB":0,"N_SYMB":0,"ROT_SYMB":90,"score_potentiel":85,"niveau_potentiel":"Très élevé 🌟","pente_degres":33.4,"type_affleurement":"Affleurement Fort (Falaise / Ravine) 🔴","score_relieffiltered":100.0},"geometry":{"type":"Polygon","coordinates":[[[3.0449,43.4396],[3.0453,43.4398],[3.0457,43.4399],[3.0461,43.44],[3.0464,43.4401],[3.0465,43.4402],[3.0468,43.4401],[3.047,43.4402],[3.0472,43.4402],[3.0475,43.4403],[3.0479,43.4403],[3.0483,43.4404],[3.0486,43.4404],[3.049,43.4405],[3.0493,43.4406],[3.0496,43.4408],[3.0499,43.441],[3.0502,43.4411],[3.0504,43.4412],[3.0506,43.4413],[3.0508,43.4414],[3.0509,43.4413],[3.0508,43.4412],[3.0506,43.4411],[3.0504,43.441],[3.0502,43.4408],[3.05,43.4406],[3.0499,43.4404],[3.0498,43.4401],[3.0497,43.44],[3.0496,43.4398],[3.0494,43.4397],[3.0491,43.4396],[3.0488,43.4394],[3.0486,43.4394],[3.0481,43.4393],[3.0475,43.4393],[3.047,43.4393],[3.0467,43.4393],[3.0465,43.4392],[3.0461,43.4391],[3.0455,43.4388],[3.0448,43.4385],[3.0441,43.4382],[3.0436,43.4381],[3.0432,43.438],[3.043,43.4379],[3.0428,43.4378],[3.0424,43.4376],[3.0419,43.4375],[3.0413,43.4374],[3.0407,43.4373],[3.0405,43.4374],[3.0402,43.4375],[3.04,43.4377],[3.0397,43.4378],[3.0395,43.4378],[3.0394,43.4378],[3.0392,43.4378],[3.0391,43.4378],[3.0389,43.4377],[3.0387,43.4376],[3.0385,43.4375],[3.0384,43.4375],[3.0383,43.4374],[3.0382,43.4374],[3.0378,43.4374],[3.0373,43.4374],[3.0366,43.4374],[3.0361,43.4374],[3.0357,43.4375],[3.0352,43.4375],[3.0347,43.4375],[3.0342,43.4376],[3.0337,43.4375],[3.0333,43.4375],[3.0329,43.4375],[3.0325,43.4374],[3.032,43.4373],[3.0314,43.4372],[3.0307,43.437],[3.03,43.4369],[3.0294,43.4368],[3.029,43.4367],[3.0287,43.4367],[3.0285,43.4367],[3.0283,43.4367],[3.0281,43.4368],[3.0281,43.4368],[3.0284,43.437],[3.0288,43.4371],[3.0291,43.4371],[3.0294,43.4371],[3.0298,43.4372],[3.0302,43.4372],[3.0306,43.4373],[3.0311,43.4374],[3.0316,43.4376],[3.0322,43.4378],[3.0329,43.438],[3.0331,43.438],[3.0336,43.4381],[3.0338,43.4381],[3.0341,43.438],[3.0345,43.438],[3.035,43.4379],[3.0354,43.4379],[3.0357,43.4379],[3.0361,43.4379],[3.0367,43.438],[3.0374,43.438],[3.0381,43.4381],[3.0386,43.4382],[3.0389,43.4382],[3.0391,43.4382],[3.0392,43.4382],[3.0394,43.438],[3.0395,43.438],[3.0405,43.4382],[3.0414,43.4384],[3.042,43.4385],[3.0431,43.4388],[3.0439,43.439],[3.0451,43.4392],[3.0459,43.4394],[3.0464,43.4395],[3.0471,43.4396],[3.0478,43.4397],[3.0489,43.4398],[3.0492,43.4399],[3.0493,43.4401],[3.0489,43.4402],[3.0483,43.4401],[3.0473,43.4399],[3.046,43.4397],[3.0454,43.4397],[3.0449,43.4396]]]}},{"type":"Feature","properties":{"MI_PRINX":3675053.0,"CARTE":264,"CODE":1014,"CODE_LEG":206,"NOTATION":"c6SC","DESCR":"Formations calcaires de Cruzy (Maastrichtien)","C_FOND":10,"M_FOND":0,"J_FOND":50,"N_FOND":0,"NOM_SYMB":"S01_002","C_SYMB":100,"M_SYMB":100,"J_SYMB":0,"N_SYMB":0,"ROT_SYMB":90,"score_potentiel":85,"niveau_potentiel":"Très élevé 🌟","pente_degres":19.5,"type_affleurement":"Affleurement Moyen (Escarpement) 🟠","score_relieffiltered":100.0},"geometry":{"type":"Polygon","coordinates":[[[3.0527,43.441],[3.0524,43.441],[3.0521,43.441],[3.0522,43.4412],[3.0525,43.4413],[3.0531,43.4413],[3.0535,43.4412],[3.0536,43.4411],[3.0533,43.441],[3.053,43.441],[3.0527,43.441]]]}},{"type":"Feature","properties":{"MI_PRINX":3675049.0,"CARTE":264,"CODE":1014,"CODE_LEG":206,"NOTATION":"c6SC","DESCR":"Formations calcaires de Cruzy (Maastrichtien)","C_FOND":10,"M_FOND":0,"J_FOND":50,"N_FOND":0,"NOM_SYMB":"S01_002","C_SYMB":100,"M_SYMB":100,"J_SYMB":0,"N_SYMB":0,"ROT_SYMB":90,"score_potentiel":85,"niveau_potentiel":"Très élevé 🌟","pente_degres":16.3,"type_affleurement":"Affleurement Moyen (Escarpement) 🟠","score_relieffiltered":95.7},"geometry":{"type":"Polygon","coordinates":[[[3.0511,43.441],[3.0511,43.441],[3.0511,43.4411],[3.0512,43.4412],[3.0513,43.4413],[3.0514,43.4413],[3.0517,43.4414],[3.0518,43.4413],[3.0517,43.4412],[3.0516,43.4411],[3.0513,43.441],[3.0511,43.441]]]}},{"type":"Feature","properties":{"MI_PRINX":3663414.0,"CARTE":264,"CODE":50,"CODE_LEG":50,"NOTATION":"Fy","DESCR":"Blocs, galets et graviers de calcaires siliceux, de grès, de quartz, de lydiennes, de porphyrites et de débris basaltiques (Terrasses glaciaires Würm)","C_FOND":10,"M_FOND":0,"J_FOND":10,"N_FOND":0,"NOM_SYMB":null,"C_SYMB":-1,"M_SYMB":-1,"J_SYMB":-1,"N_SYMB":-1,"ROT_SYMB":0,"score_potentiel":70,"niveau_potentiel":"Très élevé 🌟","pente_degres":18.5,"type_affleurement":"Affleurement Moyen (Escarpement) 🟠","score_relieffiltered":81.9},"geometry":{"type":"Polygon","coordinates":[[[3.5495,43.65],[3.5486,43.649],[3.5482,43.6484],[3.5482,43.6482],[3.5482,43.6478],[3.5485,43.6472],[3.5484,43.647],[3.5481,43.6466],[3.5475,43.6463],[3.5471,43.6465],[3.5469,43.6465],[3.5466,43.6461],[3.5464,43.6458],[3.5461,43.6457],[3.5457,43.646],[3.5455,43.6465],[3.5442,43.6477],[3.544,43.6477],[3.5436,43.6478],[3.5432,43.6478],[3.5431,43.6478],[3.5423,43.6474],[3.542,43.6471],[3.542,43.647],[3.5423,43.6466],[3.5422,43.6464],[3.5419,43.6464],[3.5414,43.6464],[3.5406,43.6462],[3.5404,43.6462],[3.5403,43.6462],[3.5397,43.6464],[3.5394,43.6465],[3.5388,43.6464],[3.5383,43.6465],[3.5374,43.6472],[3.5371,43.6472],[3.537,43.6471],[3.5369,43.6471],[3.536,43.6467],[3.5357,43.6466],[3.5354,43.6466],[3.5351,43.6466],[3.5347,43.6468],[3.5346,43.647],[3.5346,43.6471],[3.5353,43.6477],[3.5356,43.6481],[3.5353,43.6486],[3.5354,43.6488],[3.536,43.6491],[3.5369,43.6494],[3.5375,43.6495],[3.538,43.6498],[3.538,43.65],[3.5378,43.65],[3.5369,43.6498],[3.5357,43.6496],[3.5353,43.6497],[3.5353,43.6499],[3.5353,43.65],[3.5361,43.651],[3.5364,43.6514],[3.5363,43.6518],[3.5362,43.652],[3.5362,43.6522],[3.5362,43.6524],[3.5366,43.653],[3.537,43.6535],[3.5371,43.654],[3.5371,43.6544],[3.5376,43.655],[3.5381,43.6557],[3.5382,43.6561],[3.538,43.6565],[3.5376,43.6572],[3.5373,43.6581],[3.5369,43.6587],[3.5353,43.6596],[3.5341,43.6601],[3.5335,43.6605],[3.5331,43.6609],[3.533,43.6614],[3.533,43.6616],[3.5334,43.6622],[3.5342,43.6628],[3.5349,43.663],[3.5357,43.663],[3.5361,43.6629],[3.5369,43.6629],[3.5375,43.663],[3.5378,43.663],[3.5381,43.6629],[3.5384,43.6629],[3.5391,43.6627],[3.5409,43.6627],[3.5417,43.6626],[3.5426,43.6626],[3.5433,43.6627],[3.5443,43.6629],[3.5458,43.6636],[3.5459,43.6637],[3.5464,43.6638],[3.5472,43.6641],[3.5479,43.6641],[3.5488,43.6639],[3.5496,43.6638],[3.5506,43.6634],[3.5512,43.6633],[3.5512,43.6633],[3.5513,43.6633],[3.5515,43.6633],[3.5518,43.6632],[3.5522,43.6626],[3.5531,43.662],[3.5537,43.6617],[3.5542,43.6617],[3.5548,43.6613],[3.555,43.6614],[3.5556,43.6615],[3.5562,43.6615],[3.5567,43.6609],[3.557,43.6606],[3.557,43.6602],[3.5568,43.6598],[3.5568,43.6597],[3.5568,43.6596],[3.5571,43.6592],[3.5577,43.6591],[3.5582,43.659],[3.5591,43.6579],[3.5589,43.6579],[3.5587,43.6579],[3.5581,43.6575],[3.5574,43.6564],[3.5566,43.6556],[3.5553,43.6547],[3.5543,43.6542],[3.5539,43.6541],[3.5525,43.6536],[3.5522,43.6535],[3.5507,43.6529],[3.5499,43.6523],[3.5495,43.6518],[3.5494,43.6516],[3.5495,43.6514],[3.5497,43.6509],[3.5497,43.6504],[3.5495,43.65]]]}},{"type":"Feature","properties":{"MI_PRINX":3663525.0,"CARTE":264,"CODE":50,"CODE_LEG":50,"NOTATION":"Fy","DESCR":"Blocs, galets et graviers de calcaires siliceux, de grès, de quartz, de lydiennes, de porphyrites et de débris basaltiques (Terrasses glaciaires Würm)","C_FOND":10,"M_FOND":0,"J_FOND":10,"N_FOND":0,"NOM_SYMB":null,"C_SYMB":-1,"M_SYMB":-1,"J_SYMB":-1,"N_SYMB":-1,"ROT_SYMB":0,"score_potentiel":70,"niveau_potentiel":"Très élevé 🌟","pente_degres":15.7,"type_affleurement":"Affleurement Moyen (Escarpement) 🟠","score_relieffiltered":78.0},"geometry":{"type":"Polygon","coordinates":[[[3.4368,43.6613],[3.4368,43.6612],[3.4364,43.6606],[3.4362,43.6609],[3.4363,43.661],[3.4363,43.6612],[3.4368,43.6613]]]}},{"type":"Feature","properties":{"MI_PRINX":3663556.0,"CARTE":264,"CODE":50,"CODE_LEG":50,"NOTATION":"Fy","DESCR":"Blocs, galets et graviers de calcaires siliceux, de grès, de quartz, de lydiennes, de porphyrites et de débris basaltiques (Terrasses glaciaires Würm)","C_FOND":10,"M_FOND":0,"J_FOND":10,"N_FOND":0,"NOM_SYMB":null,"C_SYMB":-1,"M_SYMB":-1,"J_SYMB":-1,"N_SYMB":-1,"ROT_SYMB":0,"score_potentiel":70,"niveau_potentiel":"Très élevé 🌟","pente_degres":19.8,"type_affleurement":"Affleurement Moyen (Escarpement) 🟠","score_relieffiltered":83.7},"geometry":{"type":"Polygon","coordinates":[[[3.4318,43.6601],[3.432,43.6602],[3.4323,43.6602],[3.4327,43.66],[3.4332,43.6597],[3.4336,43.6596],[3.4343,43.6592],[3.4346,43.6587],[3.4345,43.6585],[3.434,43.658],[3.434,43.6579],[3.4342,43.6578],[3.4346,43.6577],[3.4349,43.6575],[3.4348,43.6573],[3.435,43.657],[3.4348,43.657],[3.4339,43.6573],[3.4335,43.6578],[3.4335,43.658],[3.4335,43.658],[3.4333,43.6584],[3.4333,43.6586],[3.4329,43.659],[3.4319,43.6596],[3.4316,43.6597],[3.4315,43.6598],[3.4318,43.6601]]]}},{"type":"Feature","properties":{"MI_PRINX":3663563.0,"CARTE":264,"CODE":50,"CODE_LEG":50,"NOTATION":"Fy","DESCR":"Blocs, galets et graviers de calcaires siliceux, de grès, de quartz, de lydiennes, de porphyrites et de débris basaltiques (Terrasses glaciaires Würm)","C_FOND":10,"M_FOND":0,"J_FOND":10,"N_FOND":0,"NOM_SYMB":null,"C_SYMB":-1,"M_SYMB":-1,"J_SYMB":-1,"N_SYMB":-1,"ROT_SYMB":0,"score_potentiel":70,"niveau_potentiel":"Très élevé 🌟","pente_degres":18.3,"type_affleurement":"Affleurement Moyen (Escarpement) 🟠","score_relieffiltered":81.6},"geometry":{"type":"Polygon","coordinates":[[[3.4094,43.6591],[3.4094,43.6586],[3.4093,43.6583],[3.4085,43.6577],[3.4081,43.6576],[3.408,43.6576],[3.4074,43.6575],[3.4067,43.6574],[3.4065,43.6575],[3.4065,43.6576],[3.4071,43.6578],[3.4073,43.6582],[3.4075,43.6587],[3.4082,43.6592],[3.4089,43.6595],[3.4093,43.6597],[3.4094,43.6601],[3.4096,43.6603],[3.4099,43.6601],[3.4098,43.6597],[3.4094,43.6591]]]}},{"type":"Feature","properties":{"MI_PRINX":3662215.0,"CARTE":264,"CODE":50,"CODE_LEG":50,"NOTATION":"Fy","DESCR":"Blocs, galets et graviers de calcaires siliceux, de grès, de quartz, de lydiennes, de porphyrites et de débris basaltiques (Terrasses glaciaires Würm)","C_FOND":10,"M_FOND":0,"J_FOND":10,"N_FOND":0,"NOM_SYMB":null,"C_SYMB":-1,"M_SYMB":-1,"J_SYMB":-1,"N_SYMB":-1,"ROT_SYMB":0,"score_potentiel":70,"niveau_potentiel":"Très élevé 🌟","pente_degres":14.6,"type_affleurement":"Affleurement Moyen (Escarpement) 🟠","score_relieffiltered":76.4},"geometry":{"type":"Polygon","coordinates":[[[3.4138,43.709],[3.4134,43.709],[3.413,43.7089],[3.4124,43.7089],[3.412,43.7089],[3.4119,43.709],[3.4122,43.7099],[3.4122,43.71],[3.4126,43.7107],[3.4131,43.7113],[3.4132,43.7111],[3.4138,43.7102],[3.4139,43.7097],[3.4138,43.7091],[3.4138,43.709]]]}},{"type":"Feature","properties":{"MI_PRINX":3675333.0,"CARTE":264,"CODE":1014,"CODE_LEG":206,"NOTATION":"c6SC","DESCR":"Formations calcaires de Cruzy (Maastrichtien)","C_FOND":10,"M_FOND":0,"J_FOND":50,"N_FOND":0,"NOM_SYMB":"S01_002","C_SYMB":100,"M_SYMB":100,"J_SYMB":0,"N_SYMB":0,"ROT_SYMB":90,"score_potentiel":85,"niveau_potentiel":"Très élevé 🌟","pente_degres":19.8,"type_affleurement":"Affleurement Moyen (Escarpement) 🟠","score_relieffiltered":100.0},"geometry":{"type":"Polygon","coordinates":[[[3.0051,43.4311],[3.0046,43.431],[3.0041,43.4309],[3.0037,43.4308],[3.0033,43.4307],[3.003,43.4307],[3.0027,43.4307],[3.0025,43.4307],[3.0023,43.4307],[3.0023,43.4308],[3.0024,43.4309],[3.0025,43.431],[3.0027,43.4312],[3.003,43.4312],[3.0032,43.4313],[3.0034,43.4313],[3.0036,43.4313],[3.004,43.4312],[3.0044,43.4312],[3.0047,43.4312],[3.0049,43.4312],[3.0051,43.4311]]]}},{"type":"Feature","properties":{"MI_PRINX":3662193.0,"CARTE":264,"CODE":50,"CODE_LEG":50,"NOTATION":"Fy","DESCR":"Blocs, galets et graviers de calcaires siliceux, de grès, de quartz, de lydiennes, de porphyrites et de débris basaltiques (Terrasses glaciaires Würm)","C_FOND":10,"M_FOND":0,"J_FOND":10,"N_FOND":0,"NOM_SYMB":null,"C_SYMB":-1,"M_SYMB":-1,"J_SYMB":-1,"N_SYMB":-1,"ROT_SYMB":0,"score_potentiel":70,"niveau_potentiel":"Très élevé 🌟","pente_degres":19.8,"type_affleurement":"Affleurement Moyen (Escarpement) 🟠","score_relieffiltered":83.7},"geometry":{"type":"Polygon","coordinates":[[[3.398,43.7103],[3.3976,43.7098],[3.3976,43.7098],[3.3973,43.7091],[3.3972,43.7088],[3.3972,43.7087],[3.3969,43.708],[3.3969,43.7079],[3.3966,43.7074],[3.3966,43.7072],[3.3965,43.7069],[3.3964,43.7065],[3.3965,43.7065],[3.3964,43.7061],[3.3964,43.7061],[3.396,43.7058],[3.3957,43.7059],[3.3952,43.7061],[3.3951,43.7061],[3.3945,43.7066],[3.3944,43.7068],[3.3943,43.707],[3.3943,43.7071],[3.3941,43.7078],[3.3938,43.7081],[3.3934,43.7083],[3.3928,43.7086],[3.3924,43.7089],[3.3921,43.7095],[3.3919,43.7099],[3.392,43.71],[3.3921,43.71],[3.3922,43.7099],[3.3934,43.7088],[3.3938,43.7086],[3.3941,43.7086],[3.3942,43.7086],[3.3946,43.7088],[3.3956,43.7097],[3.3962,43.7104],[3.3963,43.7104],[3.3978,43.712],[3.3983,43.7122],[3.3984,43.7121],[3.3983,43.7119],[3.398,43.7114],[3.3979,43.7108],[3.398,43.7103]]]}},{"type":"Feature","properties":{"MI_PRINX":3662201.0,"CARTE":264,"CODE":50,"CODE_LEG":50,"NOTATION":"Fy","DESCR":"Blocs, galets et graviers de calcaires siliceux, de grès, de quartz, de lydiennes, de porphyrites et de débris basaltiques (Terrasses glaciaires Würm)","C_FOND":10,"M_FOND":0,"J_FOND":10,"N_FOND":0,"NOM_SYMB":null,"C_SYMB":-1,"M_SYMB":-1,"J_SYMB":-1,"N_SYMB":-1,"ROT_SYMB":0,"score_potentiel":70,"niveau_potentiel":"Très élevé 🌟","pente_degres":19.2,"type_affleurement":"Affleurement Moyen (Escarpement) 🟠","score_relieffiltered":82.9},"geometry":{"type":"Polygon","coordinates":[[[3.5867,43.7101],[3.5868,43.71],[3.5863,43.7096],[3.5856,43.7089],[3.5844,43.7081],[3.5835,43.7072],[3.5834,43.7068],[3.5834,43.7068],[3.5836,43.7066],[3.584,43.7068],[3.5848,43.7071],[3.5854,43.7072],[3.5856,43.7072],[3.5859,43.7072],[3.5862,43.7073],[3.5863,43.7073],[3.5862,43.707],[3.5863,43.7069],[3.5848,43.7063],[3.5836,43.7057],[3.5828,43.705],[3.5819,43.7038],[3.5808,43.703],[3.5807,43.7022],[3.5806,43.7019],[3.5806,43.7016],[3.5808,43.701],[3.581,43.7006],[3.5809,43.7003],[3.5808,43.6998],[3.5807,43.6993],[3.5801,43.6986],[3.5801,43.6984],[3.5802,43.6977],[3.5801,43.6972],[3.5799,43.6967],[3.58,43.6967],[3.5803,43.6961],[3.5801,43.6958],[3.579,43.6949],[3.5784,43.6944],[3.578,43.6937],[3.5771,43.6932],[3.5769,43.6929],[3.5768,43.6923],[3.5763,43.6922],[3.576,43.6921],[3.5756,43.6917],[3.5755,43.6917],[3.5753,43.692],[3.5749,43.6927],[3.5738,43.6934],[3.5724,43.6941],[3.5709,43.6946],[3.5705,43.6947],[3.5702,43.6947],[3.5701,43.6947],[3.5701,43.6948],[3.5697,43.6948],[3.5694,43.6948],[3.569,43.6948],[3.569,43.6949],[3.5689,43.6952],[3.5682,43.696],[3.5673,43.6966],[3.5663,43.697],[3.5656,43.6972],[3.5652,43.6972],[3.5646,43.6974],[3.5631,43.698],[3.5621,43.6986],[3.5617,43.6992],[3.5615,43.6999],[3.5615,43.7005],[3.5615,43.7006],[3.5618,43.7019],[3.5619,43.7027],[3.5618,43.7033],[3.5618,43.7034],[3.5613,43.7049],[3.5609,43.7054],[3.5604,43.7057],[3.5603,43.7064],[3.5602,43.7067],[3.5605,43.7067],[3.5609,43.7067],[3.5612,43.7067],[3.5615,43.7067],[3.562,43.7066],[3.5623,43.7065],[3.5633,43.7062],[3.5644,43.7057],[3.5649,43.7055],[3.5654,43.7055],[3.5656,43.7056],[3.5667,43.7056],[3.5673,43.7054],[3.5689,43.7048],[3.5695,43.7046],[3.5704,43.7046],[3.5706,43.7046],[3.5714,43.7048],[3.5717,43.7049],[3.5722,43.705],[3.5729,43.7052],[3.5732,43.7052],[3.5745,43.7054],[3.5756,43.7059],[3.5769,43.707],[3.578,43.7078],[3.5785,43.7078],[3.5787,43.7075],[3.5789,43.7073],[3.5796,43.7073],[3.5796,43.7073],[3.5797,43.7073],[3.5804,43.7078],[3.5809,43.7079],[3.5815,43.708],[3.5815,43.708],[3.5817,43.708],[3.5824,43.7082],[3.5832,43.7082],[3.5837,43.7082],[3.5841,43.7085],[3.5845,43.709],[3.5851,43.7095],[3.5867,43.7101]]]}},{"type":"Feature","properties":{"MI_PRINX":3662305.0,"CARTE":264,"CODE":50,"CODE_LEG":50,"NOTATION":"Fy","DESCR":"Blocs, galets et graviers de calcaires siliceux, de grès, de quartz, de lydiennes, de porphyrites et de débris basaltiques (Terrasses glaciaires Würm)","C_FOND":10,"M_FOND":0,"J_FOND":10,"N_FOND":0,"NOM_SYMB":null,"C_SYMB":-1,"M_SYMB":-1,"J_SYMB":-1,"N_SYMB":-1,"ROT_SYMB":0,"score_potentiel":70,"niveau_potentiel":"Très élevé 🌟","pente_degres":19.3,"type_affleurement":"Affleurement Moyen (Escarpement) 🟠","score_relieffiltered":83.0},"geometry":{"type":"Polygon","coordinates":[[[3.4483,43.703],[3.4482,43.7031],[3.4482,43.7032],[3.4483,43.7035],[3.4487,43.7044],[3.4487,43.7049],[3.449,43.7052],[3.4493,43.7053],[3.4499,43.7054],[3.4506,43.7057],[3.4512,43.7059],[3.4513,43.7059],[3.4518,43.7059],[3.452,43.7059],[3.4521,43.7059],[3.4523,43.7061],[3.4532,43.7069],[3.4536,43.7071],[3.4537,43.7071],[3.4545,43.7067],[3.4547,43.7065],[3.4547,43.7063],[3.4538,43.7056],[3.4534,43.7051],[3.4531,43.705],[3.453,43.705],[3.4524,43.705],[3.4522,43.705],[3.452,43.705],[3.4516,43.7048],[3.4511,43.7044],[3.4506,43.7039],[3.4503,43.7037],[3.4498,43.7039],[3.4497,43.7039],[3.4495,43.7039],[3.4491,43.7037],[3.4484,43.703],[3.4484,43.703],[3.4483,43.703]]]}},{"type":"Feature","properties":{"MI_PRINX":3675017.0,"CARTE":264,"CODE":1014,"CODE_LEG":206,"NOTATION":"c6SC","DESCR":"Formations calcaires de Cruzy (Maastrichtien)","C_FOND":10,"M_FOND":0,"J_FOND":50,"N_FOND":0,"NOM_SYMB":"S01_002","C_SYMB":100,"M_SYMB":100,"J_SYMB":0,"N_SYMB":0,"ROT_SYMB":90,"score_potentiel":85,"niveau_potentiel":"Très élevé 🌟","pente_degres":31.0,"type_affleurement":"Affleurement Fort (Falaise / Ravine) 🔴","score_relieffiltered":100.0},"geometry":{"type":"Polygon","coordinates":[[[3.0529,43.4426],[3.0532,43.4426],[3.0537,43.4425],[3.0543,43.4424],[3.0543,43.4424],[3.0541,43.4423],[3.0539,43.4422],[3.0535,43.4422],[3.053,43.4422],[3.0528,43.4421],[3.0526,43.442],[3.0524,43.4421],[3.0521,43.4422],[3.0516,43.4422],[3.051,43.4421],[3.0505,43.442],[3.05,43.442],[3.0502,43.4422],[3.0506,43.4424],[3.0512,43.4426],[3.052,43.4427],[3.0527,43.4427],[3.0529,43.4426]]]}},{"type":"Feature","properties":{"MI_PRINX":3662299.0,"CARTE":264,"CODE":50,"CODE_LEG":50,"NOTATION":"Fy","DESCR":"Blocs, galets et graviers de calcaires siliceux, de grès, de quartz, de lydiennes, de porphyrites et de débris basaltiques (Terrasses glaciaires Würm)","C_FOND":10,"M_FOND":0,"J_FOND":10,"N_FOND":0,"NOM_SYMB":null,"C_SYMB":-1,"M_SYMB":-1,"J_SYMB":-1,"N_SYMB":-1,"ROT_SYMB":0,"score_potentiel":70,"niveau_potentiel":"Très élevé 🌟","pente_degres":19.8,"type_affleurement":"Affleurement Moyen (Escarpement) 🟠","score_relieffiltered":83.7},"geometry":{"type":"Polygon","coordinates":[[[3.4477,43.7051],[3.4476,43.7052],[3.4478,43.7057],[3.4479,43.7058],[3.4483,43.706],[3.4487,43.7064],[3.4491,43.7066],[3.4494,43.7066],[3.4502,43.7071],[3.4503,43.7071],[3.4504,43.7072],[3.4508,43.7072],[3.4509,43.7071],[3.4509,43.7068],[3.4505,43.7065],[3.4501,43.7064],[3.4494,43.706],[3.4485,43.7057],[3.4477,43.7051]]]}},{"type":"Feature","properties":{"MI_PRINX":3662302.0,"CARTE":264,"CODE":50,"CODE_LEG":50,"NOTATION":"Fy","DESCR":"Blocs, galets et graviers de calcaires siliceux, de grès, de quartz, de lydiennes, de porphyrites et de débris basaltiques (Terrasses glaciaires Würm)","C_FOND":10,"M_FOND":0,"J_FOND":10,"N_FOND":0,"NOM_SYMB":null,"C_SYMB":-1,"M_SYMB":-1,"J_SYMB":-1,"N_SYMB":-1,"ROT_SYMB":0,"score_potentiel":70,"niveau_potentiel":"Très élevé 🌟","pente_degres":31.2,"type_affleurement":"Affleurement Fort (Falaise / Ravine) 🔴","score_relieffiltered":99.7},"geometry":{"type":"Polygon","coordinates":[[[3.5591,43.695],[3.559,43.6952],[3.5588,43.6957],[3.5581,43.6964],[3.5575,43.697],[3.557,43.6979],[3.556,43.6987],[3.555,43.6994],[3.5544,43.7],[3.5538,43.7018],[3.5534,43.7023],[3.553,43.7025],[3.5523,43.7025],[3.5522,43.7025],[3.5517,43.7024],[3.5512,43.7023],[3.5503,43.7018],[3.5498,43.7015],[3.5494,43.7015],[3.5493,43.7017],[3.5496,43.7023],[3.5502,43.7031],[3.5513,43.7037],[3.5513,43.7037],[3.5521,43.704],[3.5528,43.7045],[3.5536,43.7056],[3.5543,43.7061],[3.5551,43.7061],[3.5554,43.7058],[3.5555,43.7055],[3.5555,43.7051],[3.5553,43.7048],[3.5555,43.7043],[3.5557,43.7033],[3.5558,43.7027],[3.5558,43.7025],[3.5562,43.7017],[3.556,43.7015],[3.5552,43.7018],[3.5552,43.7018],[3.5552,43.7019],[3.5548,43.7019],[3.5547,43.7019],[3.5546,43.7017],[3.5551,43.7013],[3.556,43.7011],[3.5565,43.7006],[3.5582,43.6989],[3.5585,43.6984],[3.5585,43.6982],[3.5584,43.698],[3.5585,43.6974],[3.559,43.6964],[3.5593,43.6956],[3.5592,43.6951],[3.5591,43.695]]]}},{"type":"Feature","properties":{"MI_PRINX":3662311.0,"CARTE":264,"CODE":50,"CODE_LEG":50,"NOTATION":"Fy","DESCR":"Blocs, galets et graviers de calcaires siliceux, de grès, de quartz, de lydiennes, de porphyrites et de débris basaltiques (Terrasses glaciaires Würm)","C_FOND":10,"M_FOND":0,"J_FOND":10,"N_FOND":0,"NOM_SYMB":null,"C_SYMB":-1,"M_SYMB":-1,"J_SYMB":-1,"N_SYMB":-1,"ROT_SYMB":0,"score_potentiel":70,"niveau_potentiel":"Très élevé 🌟","pente_degres":32.1,"type_affleurement":"Affleurement Fort (Falaise / Ravine) 🔴","score_relieffiltered":100.0},"geometry":{"type":"Polygon","coordinates":[[[3.1907,43.7089],[3.1917,43.7084],[3.1925,43.7081],[3.1927,43.7081],[3.1927,43.708],[3.1921,43.708],[3.1913,43.708],[3.191,43.708],[3.1906,43.7081],[3.1903,43.708],[3.1896,43.7079],[3.1872,43.7071],[3.186,43.7066],[3.1849,43.7062],[3.1835,43.7059],[3.1823,43.7055],[3.182,43.7054],[3.1823,43.7057],[3.1832,43.7061],[3.1853,43.7071],[3.1867,43.7076],[3.1875,43.7077],[3.1882,43.7081],[3.1888,43.7085],[3.1894,43.7092],[3.1898,43.7093],[3.1902,43.7092],[3.1907,43.7091],[3.1907,43.7089]]]}},{"type":"Feature","properties":{"MI_PRINX":3662276.0,"CARTE":264,"CODE":50,"CODE_LEG":50,"NOTATION":"Fy","DESCR":"Blocs, galets et graviers de calcaires siliceux, de grès, de quartz, de lydiennes, de porphyrites et de débris basaltiques (Terrasses glaciaires Würm)","C_FOND":10,"M_FOND":0,"J_FOND":10,"N_FOND":0,"NOM_SYMB":null,"C_SYMB":-1,"M_SYMB":-1,"J_SYMB":-1,"N_SYMB":-1,"ROT_SYMB":0,"score_potentiel":70,"niveau_potentiel":"Très élevé 🌟","pente_degres":18.6,"type_affleurement":"Affleurement Moyen (Escarpement) 🟠","score_relieffiltered":82.0},"geometry":{"type":"Polygon","coordinates":[[[3.4261,43.7079],[3.4264,43.7074],[3.4266,43.707],[3.4264,43.7066],[3.4252,43.7057],[3.4245,43.7054],[3.4241,43.7051],[3.4237,43.705],[3.4231,43.705],[3.4228,43.7052],[3.4226,43.7054],[3.4224,43.7054],[3.4225,43.7056],[3.4234,43.7059],[3.4238,43.706],[3.4249,43.7068],[3.4253,43.7073],[3.4257,43.7081],[3.4259,43.7083],[3.426,43.7081],[3.4261,43.7079]]]}},{"type":"Feature","properties":{"MI_PRINX":3662383.0,"CARTE":264,"CODE":50,"CODE_LEG":50,"NOTATION":"Fy","DESCR":"Blocs, galets et graviers de calcaires siliceux, de grès, de quartz, de lydiennes, de porphyrites et de débris basaltiques (Terrasses glaciaires Würm)","C_FOND":10,"M_FOND":0,"J_FOND":10,"N_FOND":0,"NOM_SYMB":null,"C_SYMB":-1,"M_SYMB":-1,"J_SYMB":-1,"N_SYMB":-1,"ROT_SYMB":0,"score_potentiel":70,"niveau_potentiel":"Très élevé 🌟","pente_degres":20.5,"type_affleurement":"Affleurement Moyen (Escarpement) 🟠","score_relieffiltered":84.7},"geometry":{"type":"Polygon","coordinates":[[[3.4219,43.7019],[3.4217,43.7017],[3.4219,43.7015],[3.4214,43.7007],[3.4214,43.7005],[3.4214,43.7004],[3.4218,43.6999],[3.422,43.6995],[3.4218,43.6992],[3.4214,43.6991],[3.4213,43.6993],[3.4214,43.6995],[3.4209,43.7],[3.4208,43.7003],[3.4211,43.7008],[3.4211,43.7011],[3.421,43.7012],[3.421,43.7015],[3.4213,43.7019],[3.4213,43.7021],[3.4208,43.7024],[3.4206,43.7026],[3.4206,43.7027],[3.4207,43.7029],[3.4212,43.7033],[3.4221,43.7038],[3.4222,43.7037],[3.4221,43.7034],[3.4218,43.703],[3.4217,43.7027],[3.4221,43.7023],[3.4219,43.7019]]]}},{"type":"Feature","properties":{"MI_PRINX":3662387.0,"CARTE":264,"CODE":50,"CODE_LEG":50,"NOTATION":"Fy","DESCR":"Blocs, galets et graviers de calcaires siliceux, de grès, de quartz, de lydiennes, de porphyrites et de débris basaltiques (Terrasses glaciaires Würm)","C_FOND":10,"M_FOND":0,"J_FOND":10,"N_FOND":0,"NOM_SYMB":null,"C_SYMB":-1,"M_SYMB":-1,"J_SYMB":-1,"N_SYMB":-1,"ROT_SYMB":0,"score_potentiel":70,"niveau_potentiel":"Très élevé 🌟","pente_degres":32.7,"type_affleurement":"Affleurement Fort (Falaise / Ravine) 🔴","score_relieffiltered":100.0},"geometry":{"type":"Polygon","coordinates":[[[3.439,43.6949],[3.4388,43.6949],[3.4382,43.6949],[3.438,43.6948],[3.4379,43.6948],[3.4375,43.6947],[3.4374,43.6947],[3.4366,43.6945],[3.4364,43.6945],[3.4363,43.6945],[3.4359,43.6946],[3.4357,43.6949],[3.4359,43.6951],[3.4363,43.695],[3.4366,43.695],[3.4367,43.695],[3.4372,43.6954],[3.4372,43.6956],[3.437,43.6958],[3.4365,43.696],[3.4359,43.696],[3.4351,43.6957],[3.4346,43.6956],[3.4342,43.6959],[3.4342,43.696],[3.4344,43.6963],[3.4348,43.6965],[3.435,43.6965],[3.4352,43.6965],[3.4355,43.6965],[3.4357,43.6966],[3.4358,43.6966],[3.436,43.6967],[3.4368,43.6971],[3.4374,43.6973],[3.4377,43.6973],[3.4381,43.6974],[3.4388,43.6977],[3.4396,43.6978],[3.4405,43.6983],[3.4413,43.6983],[3.4418,43.6986],[3.4422,43.6989],[3.4425,43.6992],[3.4425,43.6993],[3.4427,43.6996],[3.4429,43.7003],[3.4429,43.7003],[3.443,43.7005],[3.4431,43.7007],[3.4429,43.7011],[3.4426,43.7015],[3.4426,43.7018],[3.4436,43.703],[3.4442,43.7034],[3.4444,43.7034],[3.4446,43.7035],[3.4449,43.7034],[3.4455,43.7025],[3.4455,43.7021],[3.4456,43.7017],[3.4473,43.7003],[3.4476,43.6999],[3.4478,43.699],[3.4477,43.6983],[3.4477,43.6979],[3.4478,43.6975],[3.4481,43.6973],[3.4484,43.697],[3.448,43.6961],[3.448,43.6959],[3.4479,43.6954],[3.4475,43.6947],[3.4471,43.6942],[3.447,43.694],[3.4466,43.6936],[3.4455,43.6932],[3.4441,43.6924],[3.4441,43.6923],[3.4441,43.6921],[3.4444,43.692],[3.4447,43.6918],[3.4445,43.6916],[3.4439,43.6912],[3.4438,43.691],[3.4436,43.6907],[3.4432,43.6904],[3.443,43.6902],[3.443,43.69],[3.4431,43.6896],[3.4431,43.689],[3.4427,43.6886],[3.4421,43.688],[3.4421,43.6878],[3.4422,43.6877],[3.4425,43.6873],[3.4423,43.6868],[3.4418,43.6862],[3.4418,43.6856],[3.4412,43.6845],[3.4411,43.6842],[3.4412,43.6839],[3.4409,43.6836],[3.4406,43.6834],[3.4402,43.6832],[3.44,43.6832],[3.4395,43.6835],[3.4393,43.6835],[3.4391,43.6835],[3.4386,43.6829],[3.4381,43.6824],[3.4379,43.6823],[3.4369,43.6817],[3.4367,43.6818],[3.4366,43.6819],[3.4367,43.6824],[3.4367,43.6825],[3.437,43.6831],[3.437,43.6832],[3.437,43.6834],[3.4373,43.6842],[3.4376,43.6846],[3.4376,43.685],[3.4375,43.6853],[3.4374,43.6854],[3.4375,43.6857],[3.4375,43.6858],[3.4379,43.6864],[3.4388,43.6873],[3.4388,43.6876],[3.4386,43.6882],[3.4386,43.6882],[3.4386,43.6884],[3.4391,43.689],[3.4388,43.6892],[3.4387,43.6891],[3.4383,43.6892],[3.438,43.6898],[3.4377,43.6903],[3.4377,43.6904],[3.4378,43.6908],[3.4384,43.6914],[3.4385,43.6917],[3.4384,43.6921],[3.4383,43.6924],[3.4382,43.6924],[3.4383,43.6925],[3.4385,43.6927],[3.4388,43.6927],[3.4393,43.6926],[3.4396,43.6927],[3.4399,43.6928],[3.4404,43.6933],[3.4406,43.6941],[3.4409,43.6944],[3.4413,43.6945],[3.4416,43.6945],[3.4419,43.6945],[3.4422,43.6944],[3.4425,43.694],[3.4424,43.6937],[3.4421,43.693],[3.4421,43.6929],[3.4424,43.692],[3.4421,43.6916],[3.4403,43.6902],[3.4405,43.6901],[3.4407,43.6902],[3.441,43.6902],[3.4414,43.6904],[3.442,43.6908],[3.4423,43.6913],[3.4429,43.6917],[3.4431,43.692],[3.4429,43.6925],[3.4431,43.6928],[3.4435,43.693],[3.4441,43.6931],[3.4445,43.6933],[3.4448,43.6938],[3.4448,43.6939],[3.4453,43.6946],[3.4465,43.696],[3.447,43.6966],[3.447,43.6969],[3.4468,43.6972],[3.4465,43.6974],[3.4464,43.6976],[3.4466,43.6981],[3.4469,43.6987],[3.4467,43.6988],[3.4466,43.6987],[3.4465,43.6988],[3.4464,43.6988],[3.4462,43.6989],[3.4461,43.699],[3.446,43.699],[3.4456,43.6988],[3.4455,43.6989],[3.4455,43.6995],[3.4454,43.6995],[3.4453,43.6995],[3.4448,43.6991],[3.4446,43.6986],[3.4446,43.6983],[3.4445,43.698],[3.4445,43.6978],[3.4441,43.6966],[3.4441,43.6966],[3.4438,43.6963],[3.4436,43.6965],[3.4435,43.6967],[3.4431,43.6967],[3.4426,43.6965],[3.4425,43.6965],[3.4417,43.6968],[3.4409,43.6968],[3.4406,43.6966],[3.4405,43.6966],[3.44,43.6962],[3.4399,43.696],[3.4401,43.6956],[3.44,43.6953],[3.4396,43.695],[3.4393,43.695],[3.4391,43.695],[3.439,43.6949]]]}},{"type":"Feature","properties":{"MI_PRINX":3662407.0,"CARTE":264,"CODE":50,"CODE_LEG":50,"NOTATION":"Fy","DESCR":"Blocs, galets et graviers de calcaires siliceux, de grès, de quartz, de lydiennes, de porphyrites et de débris basaltiques (Terrasses glaciaires Würm)","C_FOND":10,"M_FOND":0,"J_FOND":10,"N_FOND":0,"NOM_SYMB":null,"C_SYMB":-1,"M_SYMB":-1,"J_SYMB":-1,"N_SYMB":-1,"ROT_SYMB":0,"score_potentiel":70,"niveau_potentiel":"Très élevé 🌟","pente_degres":19.3,"type_affleurement":"Affleurement Moyen (Escarpement) 🟠","score_relieffiltered":83.0},"geometry":{"type":"Polygon","coordinates":[[[3.4497,43.6999],[3.4493,43.7001],[3.4494,43.7006],[3.449,43.7013],[3.449,43.7018],[3.4486,43.7022],[3.4485,43.7024],[3.4487,43.7024],[3.4493,43.7021],[3.4501,43.7016],[3.4501,43.7013],[3.4499,43.7012],[3.4497,43.7013],[3.4497,43.7012],[3.4499,43.7007],[3.4498,43.7001],[3.4497,43.6999]]]}},{"type":"Feature","properties":{"MI_PRINX":3662412.0,"CARTE":264,"CODE":50,"CODE_LEG":50,"NOTATION":"Fy","DESCR":"Blocs, galets et graviers de calcaires siliceux, de grès, de quartz, de lydiennes, de porphyrites et de débris basaltiques (Terrasses glaciaires Würm)","C_FOND":10,"M_FOND":0,"J_FOND":10,"N_FOND":0,"NOM_SYMB":null,"C_SYMB":-1,"M_SYMB":-1,"J_SYMB":-1,"N_SYMB":-1,"ROT_SYMB":0,"score_potentiel":70,"niveau_potentiel":"Très élevé 🌟","pente_degres":31.6,"type_affleurement":"Affleurement Fort (Falaise / Ravine) 🔴","score_relieffiltered":100.0},"geometry":{"type":"Polygon","coordinates":[[[3.3987,43.7007],[3.3985,43.7],[3.3984,43.6997],[3.3985,43.6994],[3.3987,43.6989],[3.3991,43.6987],[3.3996,43.6984],[3.4,43.6979],[3.4001,43.6977],[3.4007,43.6969],[3.401,43.6962],[3.4005,43.6963],[3.4003,43.6968],[3.4001,43.6969],[3.4,43.6969],[3.3998,43.6967],[3.3996,43.6967],[3.3995,43.6967],[3.3994,43.6967],[3.3994,43.6969],[3.3994,43.6972],[3.3994,43.6974],[3.3992,43.6975],[3.399,43.6975],[3.3986,43.6973],[3.3984,43.6974],[3.3984,43.6975],[3.3984,43.6978],[3.3984,43.6982],[3.3982,43.6985],[3.398,43.6987],[3.3982,43.6988],[3.3985,43.699],[3.398,43.6997],[3.3978,43.7],[3.3978,43.7004],[3.3978,43.7006],[3.3978,43.7008],[3.3978,43.7012],[3.3977,43.7014],[3.3976,43.7016],[3.3972,43.702],[3.3965,43.7026],[3.3964,43.7027],[3.3965,43.7028],[3.3966,43.7028],[3.3974,43.7024],[3.3976,43.7024],[3.398,43.7023],[3.3983,43.7022],[3.3985,43.7018],[3.3985,43.7014],[3.3986,43.7009],[3.3987,43.7007]]]}},{"type":"Feature","properties":{"MI_PRINX":3662506.0,"CARTE":264,"CODE":50,"CODE_LEG":50,"NOTATION":"Fy","DESCR":"Blocs, galets et graviers de calcaires siliceux, de grès, de quartz, de lydiennes, de porphyrites et de débris basaltiques (Terrasses glaciaires Würm)","C_FOND":10,"M_FOND":0,"J_FOND":10,"N_FOND":0,"NOM_SYMB":null,"C_SYMB":-1,"M_SYMB":-1,"J_SYMB":-1,"N_SYMB":-1,"ROT_SYMB":0,"score_potentiel":70,"niveau_potentiel":"Très élevé 🌟","pente_degres":17.1,"type_affleurement":"Affleurement Moyen (Escarpement) 🟠","score_relieffiltered":79.9},"geometry":{"type":"Polygon","coordinates":[[[3.4456,43.6963],[3.4454,43.6963],[3.4453,43.6965],[3.4452,43.6966],[3.4453,43.6966],[3.4454,43.6971],[3.4455,43.6974],[3.4453,43.6979],[3.4454,43.6981],[3.4456,43.6983],[3.4458,43.6984],[3.4459,43.6982],[3.4459,43.6978],[3.446,43.6975],[3.4461,43.6969],[3.4461,43.6966],[3.4458,43.6963],[3.4456,43.6963]]]}},{"type":"Feature","properties":{"MI_PRINX":3662502.0,"CARTE":264,"CODE":50,"CODE_LEG":50,"NOTATION":"Fy","DESCR":"Blocs, galets et graviers de calcaires siliceux, de grès, de quartz, de lydiennes, de porphyrites et de débris basaltiques (Terrasses glaciaires Würm)","C_FOND":10,"M_FOND":0,"J_FOND":10,"N_FOND":0,"NOM_SYMB":null,"C_SYMB":-1,"M_SYMB":-1,"J_SYMB":-1,"N_SYMB":-1,"ROT_SYMB":0,"score_potentiel":70,"niveau_potentiel":"Très élevé 🌟","pente_degres":31.5,"type_affleurement":"Affleurement Fort (Falaise / Ravine) 🔴","score_relieffiltered":100.0},"geometry":{"type":"Polygon","coordinates":[[[3.3246,43.6993],[3.3247,43.6992],[3.3251,43.6989],[3.3256,43.6987],[3.3261,43.6987],[3.3262,43.6987],[3.3262,43.6987],[3.3267,43.6988],[3.3277,43.6992],[3.328,43.6992],[3.3281,43.6992],[3.3286,43.699],[3.329,43.6981],[3.3293,43.6978],[3.33,43.6976],[3.3313,43.6974],[3.3329,43.697],[3.3337,43.6966],[3.3344,43.6963],[3.3352,43.6963],[3.336,43.6963],[3.3368,43.6963],[3.3374,43.6962],[3.3381,43.6962],[3.3388,43.6962],[3.3396,43.696],[3.34,43.6957],[3.3405,43.695],[3.341,43.6945],[3.3413,43.6941],[3.3414,43.6937],[3.3414,43.6933],[3.3413,43.6931],[3.3411,43.6924],[3.3411,43.6916],[3.3411,43.6912],[3.3408,43.6914],[3.3401,43.6918],[3.3397,43.6921],[3.3394,43.6928],[3.3389,43.6934],[3.3389,43.6934],[3.3388,43.6942],[3.3388,43.6943],[3.3386,43.6944],[3.3384,43.6948],[3.3379,43.695],[3.3374,43.6951],[3.3361,43.6951],[3.3358,43.6951],[3.3354,43.6951],[3.3352,43.695],[3.335,43.695],[3.3349,43.695],[3.3348,43.695],[3.3346,43.6949],[3.3344,43.6949],[3.334,43.6949],[3.3338,43.6948],[3.3335,43.6948],[3.3334,43.6948],[3.333,43.6948],[3.3326,43.6947],[3.332,43.6947],[3.3319,43.6948],[3.3315,43.6948],[3.331,43.6949],[3.3301,43.6953],[3.3296,43.6955],[3.3294,43.6955],[3.3293,43.6955],[3.3288,43.6957],[3.3282,43.6956],[3.3277,43.6959],[3.3268,43.6962],[3.325,43.6967],[3.3248,43.6968],[3.3253,43.6972],[3.3254,43.6974],[3.3253,43.6975],[3.3251,43.6976],[3.3245,43.698],[3.3236,43.6983],[3.3233,43.6983],[3.3232,43.6983],[3.3231,43.6983],[3.3226,43.6982],[3.3216,43.6978],[3.3213,43.6978],[3.3211,43.6981],[3.321,43.6984],[3.3211,43.6987],[3.3215,43.6991],[3.3214,43.6992],[3.3221,43.6992],[3.3221,43.6993],[3.3222,43.6994],[3.3225,43.6995],[3.3225,43.6995],[3.3231,43.6997],[3.3237,43.6997],[3.3239,43.6997],[3.3246,43.6993]]]}},{"type":"Feature","properties":{"MI_PRINX":3662519.0,"CARTE":264,"CODE":50,"CODE_LEG":50,"NOTATION":"Fy","DESCR":"Blocs, galets et graviers de calcaires siliceux, de grès, de quartz, de lydiennes, de porphyrites et de débris basaltiques (Terrasses glaciaires Würm)","C_FOND":10,"M_FOND":0,"J_FOND":10,"N_FOND":0,"NOM_SYMB":null,"C_SYMB":-1,"M_SYMB":-1,"J_SYMB":-1,"N_SYMB":-1,"ROT_SYMB":0,"score_potentiel":70,"niveau_potentiel":"Très élevé 🌟","pente_degres":13.7,"type_affleurement":"Faible Pente (Plaine / Couvert) 🟢","score_relieffiltered":75.2},"geometry":{"type":"Polygon","coordinates":[[[3.3202,43.6991],[3.3202,43.6989],[3.3203,43.6989],[3.3205,43.6986],[3.3204,43.6979],[3.3202,43.6976],[3.3199,43.6974],[3.3197,43.6974],[3.3195,43.6974],[3.3192,43.6974],[3.319,43.6975],[3.3188,43.6975],[3.3185,43.6976],[3.3183,43.6979],[3.3182,43.6982],[3.3187,43.6989],[3.319,43.699],[3.3193,43.699],[3.3197,43.699],[3.3202,43.6991]]]}},{"type":"Feature","properties":{"MI_PRINX":3662593.0,"CARTE":264,"CODE":50,"CODE_LEG":50,"NOTATION":"Fy","DESCR":"Blocs, galets et graviers de calcaires siliceux, de grès, de quartz, de lydiennes, de porphyrites et de débris basaltiques (Terrasses glaciaires Würm)","C_FOND":10,"M_FOND":0,"J_FOND":10,"N_FOND":0,"NOM_SYMB":null,"C_SYMB":-1,"M_SYMB":-1,"J_SYMB":-1,"N_SYMB":-1,"ROT_SYMB":0,"score_potentiel":70,"niveau_potentiel":"Très élevé 🌟","pente_degres":17.4,"type_affleurement":"Affleurement Moyen (Escarpement) 🟠","score_relieffiltered":80.4},"geometry":{"type":"Polygon","coordinates":[[[3.3742,43.6919],[3.374,43.6921],[3.3739,43.6925],[3.3736,43.693],[3.3737,43.6932],[3.3739,43.6936],[3.3742,43.6942],[3.3742,43.6948],[3.374,43.6954],[3.3738,43.6955],[3.374,43.6957],[3.3741,43.6957],[3.3745,43.6951],[3.3752,43.6942],[3.3757,43.6935],[3.3756,43.6931],[3.3747,43.6924],[3.3745,43.6919],[3.3742,43.6919]]]}},{"type":"Feature","properties":{"MI_PRINX":3662712.0,"CARTE":264,"CODE":50,"CODE_LEG":50,"NOTATION":"Fy","DESCR":"Blocs, galets et graviers de calcaires siliceux, de grès, de quartz, de lydiennes, de porphyrites et de débris basaltiques (Terrasses glaciaires Würm)","C_FOND":10,"M_FOND":0,"J_FOND":10,"N_FOND":0,"NOM_SYMB":null,"C_SYMB":-1,"M_SYMB":-1,"J_SYMB":-1,"N_SYMB":-1,"ROT_SYMB":0,"score_potentiel":70,"niveau_potentiel":"Très élevé 🌟","pente_degres":17.9,"type_affleurement":"Affleurement Moyen (Escarpement) 🟠","score_relieffiltered":81.1},"geometry":{"type":"Polygon","coordinates":[[[3.3471,43.6921],[3.3472,43.6921],[3.3477,43.692],[3.3481,43.692],[3.3484,43.692],[3.3492,43.6919],[3.3509,43.6919],[3.351,43.6919],[3.3518,43.6921],[3.3525,43.6921],[3.3532,43.692],[3.3534,43.6916],[3.3533,43.691],[3.3533,43.6909],[3.3532,43.6903],[3.3532,43.6902],[3.3531,43.6901],[3.3532,43.6897],[3.3534,43.6896],[3.3538,43.6893],[3.3541,43.6886],[3.3543,43.6882],[3.3543,43.688],[3.3536,43.688],[3.3535,43.6879],[3.3535,43.6879],[3.3532,43.6879],[3.3528,43.6879],[3.3522,43.6879],[3.3515,43.6879],[3.3514,43.688],[3.3511,43.688],[3.3508,43.6881],[3.3502,43.6885],[3.35,43.689],[3.35,43.6892],[3.3498,43.6901],[3.3496,43.6905],[3.3489,43.6911],[3.348,43.6917],[3.3471,43.6921],[3.3471,43.6921]]]}},{"type":"Feature","properties":{"MI_PRINX":3662732.0,"CARTE":264,"CODE":50,"CODE_LEG":50,"NOTATION":"Fy","DESCR":"Blocs, galets et graviers de calcaires siliceux, de grès, de quartz, de lydiennes, de porphyrites et de débris basaltiques (Terrasses glaciaires Würm)","C_FOND":10,"M_FOND":0,"J_FOND":10,"N_FOND":0,"NOM_SYMB":null,"C_SYMB":-1,"M_SYMB":-1,"J_SYMB":-1,"N_SYMB":-1,"ROT_SYMB":0,"score_potentiel":70,"niveau_potentiel":"Très élevé 🌟","pente_degres":17.9,"type_affleurement":"Affleurement Moyen (Escarpement) 🟠","score_relieffiltered":81.1},"geometry":{"type":"Polygon","coordinates":[[[3.3429,43.6911],[3.3433,43.6911],[3.3448,43.6914],[3.3449,43.6914],[3.3455,43.6915],[3.346,43.6915],[3.3466,43.6914],[3.3468,43.6914],[3.3473,43.6912],[3.3483,43.6904],[3.3488,43.6899],[3.349,43.6893],[3.349,43.6891],[3.3492,43.6887],[3.3492,43.6886],[3.3493,43.6881],[3.3496,43.6876],[3.3496,43.6875],[3.3493,43.6876],[3.3492,43.6876],[3.3487,43.6877],[3.3486,43.6877],[3.3485,43.6877],[3.3481,43.6877],[3.3477,43.6878],[3.346,43.6889],[3.3451,43.6895],[3.3447,43.6896],[3.3445,43.6896],[3.3439,43.6898],[3.3434,43.6903],[3.3427,43.6907],[3.3423,43.6908],[3.3421,43.6908],[3.3419,43.6909],[3.3419,43.6909],[3.3421,43.691],[3.3422,43.691],[3.3427,43.6911],[3.3429,43.6911]]]}},{"type":"Feature","properties":{"MI_PRINX":3662831.0,"CARTE":264,"CODE":50,"CODE_LEG":50,"NOTATION":"Fy","DESCR":"Blocs, galets et graviers de calcaires siliceux, de grès, de quartz, de lydiennes, de porphyrites et de débris basaltiques (Terrasses glaciaires Würm)","C_FOND":10,"M_FOND":0,"J_FOND":10,"N_FOND":0,"NOM_SYMB":null,"C_SYMB":-1,"M_SYMB":-1,"J_SYMB":-1,"N_SYMB":-1,"ROT_SYMB":0,"score_potentiel":70,"niveau_potentiel":"Très élevé 🌟","pente_degres":32.4,"type_affleurement":"Affleurement Fort (Falaise / Ravine) 🔴","score_relieffiltered":100.0},"geometry":{"type":"Polygon","coordinates":[[[3.3788,43.6795],[3.3788,43.6797],[3.3783,43.6801],[3.3778,43.6804],[3.3777,43.6807],[3.3779,43.6814],[3.3777,43.6815],[3.3768,43.6809],[3.3765,43.6809],[3.3754,43.6815],[3.3749,43.6818],[3.3749,43.6818],[3.375,43.6819],[3.3754,43.6822],[3.3764,43.6826],[3.3768,43.6826],[3.3777,43.6823],[3.3786,43.6822],[3.3794,43.6821],[3.3796,43.6821],[3.3802,43.6821],[3.3806,43.6821],[3.3809,43.6821],[3.3811,43.6822],[3.381,43.6824],[3.3807,43.6825],[3.3797,43.6827],[3.379,43.6829],[3.3781,43.6834],[3.3776,43.6836],[3.3772,43.6843],[3.3763,43.685],[3.3759,43.6852],[3.3754,43.6854],[3.3753,43.6857],[3.3753,43.6858],[3.3761,43.6862],[3.3766,43.6862],[3.3769,43.6861],[3.3773,43.6861],[3.3774,43.686],[3.3779,43.686],[3.3779,43.686],[3.3784,43.686],[3.3788,43.686],[3.3792,43.6857],[3.3797,43.6851],[3.3803,43.6842],[3.3805,43.6837],[3.3808,43.6834],[3.3812,43.6834],[3.3816,43.6837],[3.3822,43.6841],[3.3826,43.6842],[3.3829,43.6841],[3.3835,43.684],[3.3836,43.6838],[3.3836,43.6835],[3.3832,43.683],[3.3824,43.6823],[3.3823,43.6821],[3.3824,43.682],[3.3826,43.6819],[3.3827,43.682],[3.3827,43.6819],[3.3833,43.6821],[3.3837,43.6821],[3.3838,43.6821],[3.3839,43.682],[3.3843,43.6818],[3.3837,43.6813],[3.3831,43.6811],[3.3828,43.681],[3.3819,43.6811],[3.3815,43.6812],[3.3809,43.6812],[3.3804,43.6813],[3.3797,43.6813],[3.3796,43.6812],[3.3796,43.6811],[3.3798,43.6809],[3.3806,43.6806],[3.3817,43.6803],[3.3823,43.6803],[3.383,43.68],[3.3836,43.6797],[3.3844,43.6797],[3.3852,43.68],[3.3858,43.6801],[3.3862,43.68],[3.3871,43.68],[3.3876,43.68],[3.3883,43.68],[3.3884,43.6799],[3.3881,43.6797],[3.3881,43.6797],[3.3879,43.6796],[3.3877,43.6796],[3.3869,43.6795],[3.3868,43.6795],[3.3862,43.6795],[3.386,43.6794],[3.386,43.6794],[3.3856,43.6794],[3.3851,43.6791],[3.3841,43.6784],[3.3835,43.6782],[3.3831,43.6782],[3.3817,43.6785],[3.3813,43.6787],[3.3808,43.6788],[3.38,43.6789],[3.3795,43.6791],[3.3791,43.6792],[3.3788,43.6795]]]}},{"type":"Feature","properties":{"MI_PRINX":3662832.0,"CARTE":264,"CODE":50,"CODE_LEG":50,"NOTATION":"Fy","DESCR":"Blocs, galets et graviers de calcaires siliceux, de grès, de quartz, de lydiennes, de porphyrites et de débris basaltiques (Terrasses glaciaires Würm)","C_FOND":10,"M_FOND":0,"J_FOND":10,"N_FOND":0,"NOM_SYMB":null,"C_SYMB":-1,"M_SYMB":-1,"J_SYMB":-1,"N_SYMB":-1,"ROT_SYMB":0,"score_potentiel":70,"niveau_potentiel":"Très élevé 🌟","pente_degres":18.2,"type_affleurement":"Affleurement Moyen (Escarpement) 🟠","score_relieffiltered":81.5},"geometry":{"type":"Polygon","coordinates":[[[3.301,43.6838],[3.3009,43.684],[3.301,43.6842],[3.3015,43.6851],[3.3016,43.6854],[3.3016,43.6863],[3.302,43.6866],[3.3025,43.6866],[3.3031,43.6868],[3.3034,43.6867],[3.3033,43.6865],[3.3029,43.686],[3.3027,43.6855],[3.3026,43.6852],[3.3013,43.684],[3.3013,43.684],[3.301,43.6838]]]}},{"type":"Feature","properties":{"MI_PRINX":3662827.0,"CARTE":264,"CODE":50,"CODE_LEG":50,"NOTATION":"Fy","DESCR":"Blocs, galets et graviers de calcaires siliceux, de grès, de quartz, de lydiennes, de porphyrites et de débris basaltiques (Terrasses glaciaires Würm)","C_FOND":10,"M_FOND":0,"J_FOND":10,"N_FOND":0,"NOM_SYMB":null,"C_SYMB":-1,"M_SYMB":-1,"J_SYMB":-1,"N_SYMB":-1,"ROT_SYMB":0,"score_potentiel":70,"niveau_potentiel":"Très élevé 🌟","pente_degres":17.3,"type_affleurement":"Affleurement Moyen (Escarpement) 🟠","score_relieffiltered":80.2},"geometry":{"type":"Polygon","coordinates":[[[3.4342,43.68],[3.434,43.68],[3.4339,43.6802],[3.4339,43.6811],[3.4335,43.6818],[3.4334,43.682],[3.4335,43.682],[3.4335,43.6821],[3.4337,43.6825],[3.4349,43.6837],[3.4353,43.6843],[3.4353,43.6846],[3.4361,43.6852],[3.4362,43.6854],[3.4366,43.6858],[3.437,43.6858],[3.4372,43.6856],[3.4371,43.6852],[3.437,43.6851],[3.437,43.6848],[3.437,43.6845],[3.4368,43.6838],[3.4361,43.6827],[3.4358,43.682],[3.4358,43.6818],[3.4358,43.6815],[3.4358,43.6813],[3.4356,43.681],[3.4353,43.6805],[3.4346,43.68],[3.4342,43.68]]]}},{"type":"Feature","properties":{"MI_PRINX":3662927.0,"CARTE":264,"CODE":50,"CODE_LEG":50,"NOTATION":"Fy","DESCR":"Blocs, galets et graviers de calcaires siliceux, de grès, de quartz, de lydiennes, de porphyrites et de débris basaltiques (Terrasses glaciaires Würm)","C_FOND":10,"M_FOND":0,"J_FOND":10,"N_FOND":0,"NOM_SYMB":null,"C_SYMB":-1,"M_SYMB":-1,"J_SYMB":-1,"N_SYMB":-1,"ROT_SYMB":0,"score_potentiel":70,"niveau_potentiel":"Très élevé 🌟","pente_degres":32.0,"type_affleurement":"Affleurement Fort (Falaise / Ravine) 🔴","score_relieffiltered":100.0},"geometry":{"type":"Polygon","coordinates":[[[3.4387,43.6809],[3.4383,43.6809],[3.4378,43.6808],[3.4376,43.6804],[3.4376,43.68],[3.4374,43.6798],[3.4371,43.6798],[3.4367,43.6798],[3.4367,43.6798],[3.4363,43.6798],[3.4358,43.6794],[3.4354,43.6789],[3.4348,43.6785],[3.4345,43.678],[3.4344,43.6778],[3.4345,43.6774],[3.4342,43.6771],[3.4342,43.677],[3.4345,43.6768],[3.4347,43.6766],[3.4345,43.6764],[3.4342,43.6763],[3.434,43.6763],[3.434,43.6763],[3.4338,43.6763],[3.4335,43.6762],[3.4333,43.676],[3.4336,43.6756],[3.4342,43.6751],[3.4351,43.6743],[3.4353,43.6739],[3.4353,43.6737],[3.4354,43.6734],[3.436,43.6728],[3.4357,43.6723],[3.4357,43.6723],[3.4359,43.672],[3.4361,43.6717],[3.4361,43.6715],[3.4355,43.671],[3.4357,43.6707],[3.4356,43.6705],[3.4354,43.6705],[3.4347,43.6709],[3.4345,43.6715],[3.434,43.6725],[3.4336,43.6729],[3.4336,43.6729],[3.4338,43.6731],[3.434,43.6731],[3.434,43.6731],[3.4343,43.6732],[3.4344,43.6734],[3.4342,43.6735],[3.4337,43.6734],[3.4335,43.6734],[3.4329,43.6736],[3.432,43.6744],[3.4315,43.6746],[3.4314,43.6746],[3.4311,43.6748],[3.4311,43.6748],[3.4314,43.6752],[3.4315,43.6757],[3.4317,43.676],[3.4318,43.6763],[3.4318,43.6769],[3.4319,43.6772],[3.4328,43.6779],[3.433,43.6786],[3.4329,43.6787],[3.433,43.6797],[3.4331,43.68],[3.4334,43.68],[3.4336,43.6796],[3.4336,43.6794],[3.4339,43.6792],[3.4342,43.6792],[3.4353,43.6799],[3.4359,43.6802],[3.4361,43.6806],[3.4363,43.6808],[3.4364,43.6809],[3.4365,43.6809],[3.4367,43.6809],[3.4369,43.6807],[3.4371,43.6805],[3.4373,43.6806],[3.4372,43.6809],[3.4371,43.681],[3.4373,43.6812],[3.4387,43.6819],[3.4391,43.682],[3.4395,43.6821],[3.4398,43.682],[3.4406,43.682],[3.4407,43.6819],[3.4404,43.6816],[3.4394,43.681],[3.4391,43.681],[3.4387,43.6809]]]}},{"type":"Feature","properties":{"MI_PRINX":3662902.0,"CARTE":264,"CODE":50,"CODE_LEG":50,"NOTATION":"Fy","DESCR":"Blocs, galets et graviers de calcaires siliceux, de grès, de quartz, de lydiennes, de porphyrites et de débris basaltiques (Terrasses glaciaires Würm)","C_FOND":10,"M_FOND":0,"J_FOND":10,"N_FOND":0,"NOM_SYMB":null,"C_SYMB":-1,"M_SYMB":-1,"J_SYMB":-1,"N_SYMB":-1,"ROT_SYMB":0,"score_potentiel":70,"niveau_potentiel":"Très élevé 🌟","pente_degres":32.6,"type_affleurement":"Affleurement Fort (Falaise / Ravine) 🔴","score_relieffiltered":100.0},"geometry":{"type":"Polygon","coordinates":[[[3.3605,43.6832],[3.361,43.6836],[3.3615,43.6838],[3.3619,43.6838],[3.3622,43.6837],[3.3624,43.6835],[3.3632,43.6827],[3.3639,43.6823],[3.3648,43.6815],[3.3655,43.6812],[3.3658,43.6812],[3.3663,43.6811],[3.3664,43.6811],[3.3668,43.681],[3.3668,43.681],[3.3672,43.681],[3.3676,43.6812],[3.368,43.6813],[3.3681,43.6813],[3.3683,43.6814],[3.3685,43.6813],[3.3687,43.6812],[3.3679,43.6807],[3.3673,43.6805],[3.367,43.6804],[3.3664,43.6804],[3.3655,43.6803],[3.3651,43.6803],[3.3649,43.6803],[3.3649,43.6802],[3.3641,43.6801],[3.3633,43.6799],[3.3627,43.6797],[3.3621,43.6796],[3.3617,43.6796],[3.3611,43.6796],[3.3604,43.6797],[3.3603,43.6797],[3.3596,43.6798],[3.3594,43.6798],[3.3589,43.6798],[3.358,43.6798],[3.3573,43.6797],[3.3562,43.6792],[3.3553,43.6788],[3.3547,43.6785],[3.3545,43.6785],[3.3543,43.6786],[3.3543,43.6791],[3.354,43.6792],[3.3538,43.6792],[3.3536,43.6793],[3.3544,43.68],[3.3543,43.6802],[3.3541,43.6802],[3.3537,43.68],[3.3524,43.6795],[3.3523,43.6794],[3.3513,43.6791],[3.35,43.6785],[3.3493,43.6782],[3.3486,43.678],[3.3482,43.6781],[3.3475,43.678],[3.3474,43.678],[3.347,43.678],[3.3468,43.6781],[3.3469,43.6783],[3.3467,43.6783],[3.3465,43.6783],[3.3456,43.6779],[3.3455,43.6779],[3.3454,43.6779],[3.3453,43.6779],[3.3453,43.6779],[3.3452,43.6779],[3.3451,43.6779],[3.345,43.678],[3.345,43.6781],[3.3448,43.6782],[3.3441,43.6778],[3.3437,43.6779],[3.3437,43.678],[3.3437,43.678],[3.3439,43.6782],[3.345,43.6787],[3.3453,43.6789],[3.3457,43.6794],[3.3457,43.6796],[3.3458,43.6799],[3.3461,43.6801],[3.3464,43.68],[3.3469,43.6799],[3.3472,43.68],[3.3476,43.68],[3.3479,43.6796],[3.3481,43.6795],[3.3483,43.6798],[3.3487,43.6801],[3.349,43.6801],[3.3493,43.6802],[3.3497,43.6804],[3.3505,43.6808],[3.3531,43.6808],[3.3541,43.6808],[3.3543,43.6808],[3.3552,43.681],[3.3552,43.681],[3.3559,43.6811],[3.3563,43.6812],[3.3566,43.6812],[3.3575,43.6813],[3.3586,43.6812],[3.359,43.6815],[3.3598,43.6823],[3.3605,43.6832]],[[3.3614,43.6814],[3.3617,43.6816],[3.3621,43.6819],[3.3626,43.6819],[3.3626,43.6819],[3.3631,43.6818],[3.3634,43.6819],[3.3631,43.6822],[3.3627,43.6826],[3.3627,43.6829],[3.3623,43.683],[3.3616,43.683],[3.3609,43.6833],[3.3606,43.6831],[3.3605,43.683],[3.3607,43.6827],[3.3612,43.6821],[3.3611,43.6817],[3.3612,43.6815],[3.3614,43.6814]]]}},{"type":"Feature","properties":{"MI_PRINX":3662813.0,"CARTE":264,"CODE":50,"CODE_LEG":50,"NOTATION":"Fy","DESCR":"Blocs, galets et graviers de calcaires siliceux, de grès, de quartz, de lydiennes, de porphyrites et de débris basaltiques (Terrasses glaciaires Würm)","C_FOND":10,"M_FOND":0,"J_FOND":10,"N_FOND":0,"NOM_SYMB":null,"C_SYMB":-1,"M_SYMB":-1,"J_SYMB":-1,"N_SYMB":-1,"ROT_SYMB":0,"score_potentiel":70,"niveau_potentiel":"Très élevé 🌟","pente_degres":18.1,"type_affleurement":"Affleurement Moyen (Escarpement) 🟠","score_relieffiltered":81.3},"geometry":{"type":"Polygon","coordinates":[[[3.3525,43.6875],[3.3537,43.6875],[3.3537,43.6875],[3.3538,43.6875],[3.3545,43.6871],[3.3552,43.6863],[3.3552,43.6857],[3.3549,43.6854],[3.3549,43.6854],[3.3547,43.6853],[3.3544,43.6855],[3.354,43.6857],[3.3538,43.6858],[3.3536,43.6858],[3.3536,43.6858],[3.3529,43.6862],[3.3522,43.6868],[3.3513,43.687],[3.3512,43.687],[3.3507,43.6872],[3.3512,43.6873],[3.3525,43.6875]]]}},{"type":"Feature","properties":{"MI_PRINX":3674514.0,"CARTE":264,"CODE":50,"CODE_LEG":50,"NOTATION":"Fy","DESCR":"Blocs, galets et graviers de calcaires siliceux, de grès, de quartz, de lydiennes, de porphyrites et de débris basaltiques (Terrasses glaciaires Würm)","C_FOND":10,"M_FOND":0,"J_FOND":10,"N_FOND":0,"NOM_SYMB":null,"C_SYMB":-1,"M_SYMB":-1,"J_SYMB":-1,"N_SYMB":-1,"ROT_SYMB":0,"score_potentiel":70,"niveau_potentiel":"Très élevé 🌟","pente_degres":32.7,"type_affleurement":"Affleurement Fort (Falaise / Ravine) 🔴","score_relieffiltered":100.0},"geometry":{"type":"Polygon","coordinates":[[[3.2854,43.44],[3.285,43.4406],[3.2845,43.4412],[3.2841,43.4417],[3.2837,43.4422],[3.2835,43.4425],[3.2832,43.4427],[3.283,43.4429],[3.2828,43.4431],[3.2825,43.4433],[3.282,43.4435],[3.2814,43.4437],[3.2809,43.4439],[3.2805,43.4441],[3.2802,43.4443],[3.2798,43.4445],[3.2792,43.4449],[3.2785,43.4454],[3.2779,43.4459],[3.2776,43.4461],[3.2773,43.4463],[3.277,43.4466],[3.2766,43.447],[3.2762,43.4475],[3.2759,43.4479],[3.2757,43.4482],[3.2755,43.4484],[3.2752,43.4486],[3.275,43.4488],[3.2746,43.449],[3.2741,43.4493],[3.2736,43.4495],[3.2733,43.4497],[3.2731,43.4498],[3.273,43.4499],[3.2729,43.4501],[3.2728,43.4502],[3.2727,43.4505],[3.2727,43.4507],[3.2727,43.4508],[3.2726,43.4508],[3.2725,43.4509],[3.2723,43.451],[3.2721,43.4513],[3.2718,43.4517],[3.2715,43.4523],[3.2711,43.4528],[3.2707,43.4533],[3.2704,43.4537],[3.2702,43.4541],[3.27,43.4544],[3.2699,43.4547],[3.2698,43.4549],[3.2697,43.4551],[3.2695,43.4553],[3.2694,43.4554],[3.2691,43.4556],[3.2688,43.4558],[3.2685,43.4559],[3.2681,43.4561],[3.2677,43.4562],[3.2675,43.4563],[3.2673,43.4564],[3.2672,43.4565],[3.267,43.4567],[3.2669,43.4568],[3.2668,43.457],[3.2668,43.4573],[3.2667,43.4576],[3.2667,43.4579],[3.2667,43.4581],[3.2666,43.4583],[3.2664,43.4586],[3.2663,43.4588],[3.2662,43.459],[3.2662,43.4591],[3.2662,43.4593],[3.2662,43.4594],[3.2663,43.4595],[3.2663,43.4595],[3.2664,43.4595],[3.2665,43.4595],[3.2666,43.4595],[3.2667,43.4594],[3.2668,43.4593],[3.2668,43.4591],[3.2669,43.4591],[3.267,43.459],[3.2671,43.459],[3.2672,43.459],[3.2673,43.4591],[3.2674,43.4591],[3.2675,43.4592],[3.2675,43.4593],[3.2676,43.4594],[3.2677,43.4597],[3.2678,43.46],[3.2679,43.4604],[3.2679,43.4608],[3.2679,43.4612],[3.2678,43.4615],[3.2678,43.4617],[3.2677,43.4619],[3.2676,43.4621],[3.2675,43.4623],[3.2675,43.4624],[3.2674,43.4626],[3.2674,43.4627],[3.2675,43.4627],[3.2676,43.4627],[3.2677,43.4626],[3.2679,43.4625],[3.2681,43.4622],[3.2684,43.4619],[3.2686,43.4616],[3.2687,43.4614],[3.2688,43.4612],[3.2689,43.4609],[3.2689,43.4607],[3.269,43.4603],[3.269,43.4598],[3.269,43.4595],[3.269,43.4591],[3.2689,43.4588],[3.2688,43.4584],[3.2687,43.4581],[3.2687,43.4579],[3.2688,43.4577],[3.2689,43.4575],[3.269,43.4573],[3.2691,43.4571],[3.2692,43.4568],[3.2695,43.4564],[3.2699,43.4558],[3.2702,43.4554],[3.2704,43.4553],[3.2705,43.4552],[3.2706,43.4552],[3.2707,43.455],[3.2708,43.4549],[3.2709,43.4547],[3.271,43.4546],[3.271,43.4545],[3.2711,43.4544],[3.2712,43.4543],[3.2714,43.4542],[3.2717,43.4541],[3.272,43.454],[3.2723,43.454],[3.2725,43.4539],[3.2727,43.4538],[3.2729,43.4537],[3.2731,43.4536],[3.2732,43.4535],[3.2733,43.4533],[3.2734,43.4531],[3.2734,43.4529],[3.2735,43.4527],[3.2735,43.4525],[3.2736,43.4523],[3.2737,43.4523],[3.2739,43.4522],[3.2741,43.452],[3.2743,43.4519],[3.2744,43.4518],[3.2745,43.4516],[3.2746,43.4515],[3.2746,43.4513],[3.2747,43.4512],[3.2749,43.4511],[3.275,43.451],[3.2753,43.4508],[3.2757,43.4506],[3.2762,43.4504],[3.2765,43.4502],[3.2767,43.4501],[3.2768,43.45],[3.2769,43.4498],[3.2771,43.4497],[3.2772,43.4495],[3.2774,43.4494],[3.2777,43.4493],[3.278,43.4492],[3.2783,43.4491],[3.2786,43.4489],[3.2789,43.4487],[3.2791,43.4485],[3.2793,43.4483],[3.2796,43.448],[3.2798,43.4478],[3.28,43.4475],[3.2801,43.4472],[3.2802,43.4469],[3.2804,43.4466],[3.2805,43.4464],[3.2807,43.4461],[3.2809,43.4459],[3.2812,43.4457],[3.2813,43.4455],[3.2814,43.4454],[3.2819,43.4452],[3.283,43.4448],[3.2843,43.4444],[3.2852,43.4441],[3.2855,43.4439],[3.2858,43.4438],[3.2862,43.4436],[3.2866,43.4434],[3.2869,43.4432],[3.2871,43.443],[3.2874,43.4428],[3.2877,43.4425],[3.2879,43.4423],[3.288,43.4421],[3.2882,43.4418],[3.2884,43.4414],[3.2886,43.441],[3.2887,43.4407],[3.289,43.4403],[3.2894,43.4398],[3.2899,43.4394],[3.2901,43.4391],[3.2903,43.4389],[3.2909,43.4385],[3.2916,43.4379],[3.2921,43.4375],[3.2924,43.4373],[3.2927,43.4371],[3.2932,43.4368],[3.2936,43.4365],[3.2939,43.4363],[3.2941,43.4362],[3.2942,43.4361],[3.2942,43.436],[3.2943,43.4359],[3.2943,43.4357],[3.2944,43.4355],[3.2945,43.4353],[3.2945,43.4352],[3.2946,43.4352],[3.2948,43.435],[3.2953,43.4347],[3.2959,43.4343],[3.2962,43.4341],[3.2964,43.4339],[3.2966,43.4337],[3.2969,43.4334],[3.2972,43.4331],[3.2974,43.4328],[3.2977,43.4325],[3.2979,43.4322],[3.2982,43.4318],[3.2984,43.4315],[3.2986,43.4312],[3.2987,43.4309],[3.2987,43.4306],[3.2987,43.4304],[3.2988,43.4301],[3.2988,43.4299],[3.2988,43.4297],[3.2987,43.4294],[3.2986,43.4292],[3.2985,43.429],[3.2983,43.4287],[3.298,43.4284],[3.2976,43.4281],[3.2972,43.4277],[3.2969,43.4275],[3.2968,43.4273],[3.2968,43.4272],[3.2967,43.4271],[3.2966,43.4269],[3.2966,43.4268],[3.2967,43.4267],[3.2968,43.4266],[3.2969,43.4265],[3.297,43.4263],[3.2973,43.4262],[3.2976,43.426],[3.2979,43.4259],[3.2983,43.4257],[3.2985,43.4257],[3.2987,43.4256],[3.299,43.4255],[3.2993,43.4255],[3.2996,43.4255],[3.2998,43.4254],[3.2999,43.4254],[3.3,43.4253],[3.3001,43.4253],[3.2999,43.4253],[3.2998,43.4252],[3.2998,43.4251],[3.2998,43.425],[3.2999,43.4249],[3.3001,43.4247],[3.2989,43.4251],[3.2975,43.4256],[3.2967,43.4259],[3.296,43.4261],[3.2956,43.4264],[3.2953,43.4266],[3.2952,43.4269],[3.2952,43.4271],[3.2954,43.4273],[3.2959,43.4276],[3.2963,43.4278],[3.2968,43.4282],[3.2968,43.4285],[3.2968,43.4288],[3.2965,43.4291],[3.2962,43.4294],[3.2957,43.4298],[3.2949,43.4301],[3.2944,43.4304],[3.2939,43.4307],[3.2933,43.4313],[3.2928,43.4317],[3.2923,43.4321],[3.2919,43.4325],[3.2909,43.4337],[3.2906,43.4343],[3.2906,43.4347],[3.2904,43.4354],[3.2902,43.4357],[3.2898,43.4361],[3.2894,43.4367],[3.289,43.4373],[3.2886,43.4376],[3.2875,43.4383],[3.2863,43.4391],[3.2858,43.4396],[3.2854,43.44]]]}},{"type":"Feature","properties":{"MI_PRINX":3674518.0,"CARTE":264,"CODE":50,"CODE_LEG":50,"NOTATION":"Fy","DESCR":"Blocs, galets et graviers de calcaires siliceux, de grès, de quartz, de lydiennes, de porphyrites et de débris basaltiques (Terrasses glaciaires Würm)","C_FOND":10,"M_FOND":0,"J_FOND":10,"N_FOND":0,"NOM_SYMB":null,"C_SYMB":-1,"M_SYMB":-1,"J_SYMB":-1,"N_SYMB":-1,"ROT_SYMB":0,"score_potentiel":70,"niveau_potentiel":"Très élevé 🌟","pente_degres":16.1,"type_affleurement":"Affleurement Moyen (Escarpement) 🟠","score_relieffiltered":78.5},"geometry":{"type":"Polygon","coordinates":[[[3.4246,43.461],[3.4247,43.4609],[3.4249,43.4606],[3.4252,43.4604],[3.4255,43.4602],[3.4257,43.46],[3.4259,43.4599],[3.4262,43.4598],[3.4265,43.4596],[3.4269,43.4594],[3.4274,43.4592],[3.4277,43.459],[3.428,43.4588],[3.4282,43.4586],[3.4284,43.4584],[3.4286,43.4581],[3.4287,43.4578],[3.4288,43.4574],[3.4289,43.457],[3.4289,43.4566],[3.429,43.4562],[3.429,43.4557],[3.429,43.4552],[3.4289,43.4548],[3.4289,43.4544],[3.4288,43.4541],[3.4287,43.4538],[3.4287,43.4536],[3.4286,43.4534],[3.4286,43.4532],[3.4284,43.4529],[3.4283,43.4527],[3.428,43.4524],[3.4278,43.4522],[3.4276,43.452],[3.4274,43.4518],[3.4268,43.4515],[3.4258,43.4509],[3.4247,43.4502],[3.4241,43.4499],[3.4239,43.4497],[3.4238,43.4495],[3.4235,43.4493],[3.4233,43.4491],[3.4232,43.449],[3.4231,43.4487],[3.4229,43.4481],[3.4227,43.4474],[3.4225,43.4469],[3.4224,43.4468],[3.4224,43.4467],[3.4223,43.4465],[3.4221,43.4463],[3.4217,43.4459],[3.4212,43.4456],[3.4207,43.4454],[3.4204,43.4452],[3.4201,43.4451],[3.4199,43.4449],[3.4197,43.4448],[3.4195,43.4446],[3.4193,43.4444],[3.4192,43.4442],[3.4191,43.4441],[3.4191,43.4439],[3.419,43.4438],[3.4189,43.4441],[3.4188,43.4443],[3.4187,43.4444],[3.4186,43.4447],[3.4185,43.4451],[3.4185,43.4456],[3.4185,43.4459],[3.4185,43.4461],[3.4186,43.4466],[3.4187,43.4473],[3.4188,43.4479],[3.4188,43.4482],[3.4188,43.4484],[3.4187,43.4486],[3.4185,43.4489],[3.4183,43.4492],[3.418,43.4495],[3.4177,43.4498],[3.4174,43.45],[3.4171,43.4503],[3.4169,43.4506],[3.4168,43.4508],[3.4168,43.451],[3.4168,43.4511],[3.4169,43.4513],[3.417,43.4515],[3.4172,43.4517],[3.4174,43.452],[3.4176,43.4522],[3.4178,43.4525],[3.4179,43.4527],[3.4179,43.4529],[3.418,43.4531],[3.418,43.4534],[3.418,43.4538],[3.418,43.4542],[3.418,43.4546],[3.4179,43.455],[3.418,43.4553],[3.4181,43.4554],[3.4182,43.4556],[3.4184,43.4558],[3.4189,43.4561],[3.4195,43.4564],[3.4198,43.4566],[3.42,43.4568],[3.4202,43.4569],[3.4204,43.4571],[3.4205,43.4572],[3.4205,43.4573],[3.4205,43.4574],[3.4206,43.4576],[3.4207,43.4579],[3.4208,43.4582],[3.421,43.4584],[3.4212,43.4586],[3.4214,43.4587],[3.4217,43.4588],[3.422,43.4589],[3.4223,43.4589],[3.4225,43.459],[3.4227,43.4591],[3.4228,43.4593],[3.423,43.4594],[3.4233,43.4596],[3.4236,43.4598],[3.4239,43.4599],[3.4241,43.46],[3.4242,43.4601],[3.4244,43.4602],[3.4245,43.4604],[3.4246,43.4606],[3.4246,43.4608],[3.4246,43.461]]]}},{"type":"Feature","properties":{"MI_PRINX":3662548.0,"CARTE":264,"CODE":50,"CODE_LEG":50,"NOTATION":"Fy","DESCR":"Blocs, galets et graviers de calcaires siliceux, de grès, de quartz, de lydiennes, de porphyrites et de débris basaltiques (Terrasses glaciaires Würm)","C_FOND":10,"M_FOND":0,"J_FOND":10,"N_FOND":0,"NOM_SYMB":null,"C_SYMB":-1,"M_SYMB":-1,"J_SYMB":-1,"N_SYMB":-1,"ROT_SYMB":0,"score_potentiel":70,"niveau_potentiel":"Très élevé 🌟","pente_degres":14.8,"type_affleurement":"Affleurement Moyen (Escarpement) 🟠","score_relieffiltered":76.7},"geometry":{"type":"Polygon","coordinates":[[[3.4322,43.6956],[3.4321,43.6957],[3.4326,43.6965],[3.4332,43.6971],[3.4335,43.697],[3.4337,43.6964],[3.4336,43.6961],[3.4332,43.6958],[3.4328,43.6957],[3.4324,43.6957],[3.4323,43.6956],[3.4322,43.6956]]]}},{"type":"Feature","properties":{"MI_PRINX":3662564.0,"CARTE":264,"CODE":50,"CODE_LEG":50,"NOTATION":"Fy","DESCR":"Blocs, galets et graviers de calcaires siliceux, de grès, de quartz, de lydiennes, de porphyrites et de débris basaltiques (Terrasses glaciaires Würm)","C_FOND":10,"M_FOND":0,"J_FOND":10,"N_FOND":0,"NOM_SYMB":null,"C_SYMB":-1,"M_SYMB":-1,"J_SYMB":-1,"N_SYMB":-1,"ROT_SYMB":0,"score_potentiel":70,"niveau_potentiel":"Très élevé 🌟","pente_degres":31.6,"type_affleurement":"Affleurement Fort (Falaise / Ravine) 🔴","score_relieffiltered":100.0},"geometry":{"type":"Polygon","coordinates":[[[3.3141,43.6956],[3.3134,43.6958],[3.3125,43.6958],[3.3119,43.6954],[3.3115,43.6951],[3.3112,43.6951],[3.3104,43.6946],[3.3101,43.6946],[3.3096,43.6946],[3.3094,43.6945],[3.3082,43.6939],[3.3079,43.6939],[3.3074,43.6939],[3.307,43.694],[3.3068,43.694],[3.3073,43.6945],[3.3076,43.6947],[3.3077,43.6947],[3.3081,43.6947],[3.3081,43.6947],[3.3093,43.6948],[3.3094,43.6948],[3.3099,43.6949],[3.3105,43.6954],[3.3108,43.6962],[3.3113,43.6966],[3.312,43.6967],[3.3122,43.6968],[3.3123,43.6968],[3.3127,43.6968],[3.3136,43.6969],[3.314,43.6969],[3.3147,43.697],[3.3158,43.6976],[3.3164,43.6976],[3.3174,43.6975],[3.3175,43.6975],[3.3184,43.6973],[3.3185,43.6973],[3.319,43.6973],[3.3197,43.6971],[3.32,43.6969],[3.3197,43.6967],[3.3192,43.6966],[3.319,43.6966],[3.3184,43.6965],[3.318,43.6964],[3.3173,43.6965],[3.3168,43.6964],[3.316,43.6957],[3.3156,43.6955],[3.3149,43.6955],[3.3147,43.6956],[3.3141,43.6956]]]}},{"type":"Feature","properties":{"MI_PRINX":3662568.0,"CARTE":264,"CODE":50,"CODE_LEG":50,"NOTATION":"Fy","DESCR":"Blocs, galets et graviers de calcaires siliceux, de grès, de quartz, de lydiennes, de porphyrites et de débris basaltiques (Terrasses glaciaires Würm)","C_FOND":10,"M_FOND":0,"J_FOND":10,"N_FOND":0,"NOM_SYMB":null,"C_SYMB":-1,"M_SYMB":-1,"J_SYMB":-1,"N_SYMB":-1,"ROT_SYMB":0,"score_potentiel":70,"niveau_potentiel":"Très élevé 🌟","pente_degres":17.9,"type_affleurement":"Affleurement Moyen (Escarpement) 🟠","score_relieffiltered":81.1},"geometry":{"type":"Polygon","coordinates":[[[3.2962,43.6971],[3.2965,43.6972],[3.297,43.6975],[3.2975,43.6977],[3.2978,43.6977],[3.298,43.697],[3.2984,43.6967],[3.2995,43.696],[3.2996,43.6958],[3.2997,43.6954],[3.2999,43.6951],[3.3001,43.6949],[3.3002,43.6948],[3.3004,43.6943],[3.3004,43.6941],[3.3002,43.6939],[3.2997,43.6941],[3.2997,43.6943],[3.2991,43.6947],[3.2988,43.6951],[3.2985,43.6952],[3.2981,43.6951],[3.2975,43.6953],[3.2972,43.6956],[3.2969,43.6962],[3.2966,43.6964],[3.2966,43.6967],[3.2962,43.6971],[3.2962,43.6971]]]}},{"type":"Feature","properties":{"MI_PRINX":3674448.0,"CARTE":264,"CODE":50,"CODE_LEG":50,"NOTATION":"Fy","DESCR":"Blocs, galets et graviers de calcaires siliceux, de grès, de quartz, de lydiennes, de porphyrites et de débris basaltiques (Terrasses glaciaires Würm)","C_FOND":10,"M_FOND":0,"J_FOND":10,"N_FOND":0,"NOM_SYMB":null,"C_SYMB":-1,"M_SYMB":-1,"J_SYMB":-1,"N_SYMB":-1,"ROT_SYMB":0,"score_potentiel":70,"niveau_potentiel":"Très élevé 🌟","pente_degres":32.9,"type_affleurement":"Affleurement Fort (Falaise / Ravine) 🔴","score_relieffiltered":100.0},"geometry":{"type":"Polygon","coordinates":[[[3.5162,43.4586],[3.5164,43.4586],[3.5167,43.4584],[3.517,43.4584],[3.5173,43.4581],[3.5176,43.4578],[3.5178,43.4578],[3.5182,43.4578],[3.5184,43.4576],[3.5185,43.4574],[3.5186,43.4574],[3.5191,43.4572],[3.5197,43.4568],[3.5201,43.4564],[3.5203,43.4559],[3.5204,43.4556],[3.5207,43.4554],[3.5211,43.4554],[3.5233,43.4554],[3.5237,43.4553],[3.5241,43.4553],[3.5246,43.455],[3.525,43.4547],[3.5252,43.4547],[3.5256,43.4548],[3.5258,43.455],[3.5259,43.4553],[3.5258,43.4556],[3.5253,43.456],[3.5251,43.4563],[3.5251,43.4565],[3.5253,43.4568],[3.5258,43.4572],[3.5264,43.4574],[3.5272,43.4575],[3.5278,43.4578],[3.5283,43.4581],[3.5288,43.4586],[3.529,43.4589],[3.529,43.4594],[3.5289,43.4599],[3.5286,43.4603],[3.5283,43.4607],[3.528,43.461],[3.528,43.4614],[3.5282,43.4616],[3.5285,43.4617],[3.5291,43.4617],[3.5294,43.4618],[3.5299,43.4621],[3.53,43.4621],[3.5302,43.462],[3.5303,43.4619],[3.5304,43.4614],[3.5304,43.461],[3.5303,43.4606],[3.5304,43.4603],[3.5306,43.4599],[3.5308,43.4597],[3.5311,43.4595],[3.5313,43.4592],[3.5314,43.4588],[3.5313,43.4584],[3.5311,43.4579],[3.5308,43.4575],[3.5307,43.4572],[3.5308,43.4567],[3.5308,43.4564],[3.5307,43.4562],[3.5303,43.4555],[3.53,43.4551],[3.5299,43.4547],[3.53,43.4543],[3.5302,43.454],[3.5306,43.4536],[3.5308,43.4534],[3.5308,43.453],[3.5308,43.4527],[3.5309,43.4524],[3.531,43.4523],[3.5311,43.4523],[3.5315,43.4525],[3.5317,43.4527],[3.5318,43.453],[3.5319,43.4534],[3.5319,43.4537],[3.5319,43.4541],[3.5318,43.4545],[3.5317,43.4548],[3.5316,43.455],[3.5314,43.4554],[3.5313,43.4557],[3.5312,43.4559],[3.5312,43.4562],[3.5313,43.4564],[3.5314,43.4566],[3.5316,43.4568],[3.5318,43.4569],[3.5321,43.4569],[3.5323,43.4568],[3.5325,43.4567],[3.5326,43.4566],[3.5326,43.4563],[3.5325,43.456],[3.5324,43.4557],[3.5324,43.4556],[3.5325,43.4554],[3.5327,43.4553],[3.5329,43.4552],[3.5333,43.4551],[3.5336,43.4549],[3.5337,43.4548],[3.5338,43.4547],[3.5339,43.4546],[3.5338,43.4544],[3.5337,43.4543],[3.5335,43.4541],[3.5335,43.4539],[3.5335,43.4537],[3.5336,43.4536],[3.5335,43.4534],[3.5333,43.4532],[3.5332,43.453],[3.5331,43.4527],[3.5331,43.4522],[3.5332,43.4519],[3.5332,43.4517],[3.5331,43.4515],[3.5329,43.4512],[3.5327,43.451],[3.5326,43.4508],[3.5328,43.4505],[3.5331,43.4501],[3.5334,43.4497],[3.5336,43.4493],[3.5338,43.4489],[3.5339,43.4486],[3.5338,43.4483],[3.5339,43.4481],[3.5339,43.4479],[3.5341,43.4478],[3.5342,43.4476],[3.5345,43.4476],[3.5348,43.4476],[3.535,43.4477],[3.5353,43.4478],[3.5357,43.4481],[3.536,43.4483],[3.5363,43.4486],[3.5366,43.449],[3.5369,43.4493],[3.5373,43.4495],[3.5376,43.4497],[3.5379,43.4497],[3.5382,43.4498],[3.5384,43.4497],[3.5385,43.4496],[3.5386,43.4496],[3.5385,43.4494],[3.5384,43.4492],[3.5383,43.449],[3.538,43.4489],[3.5377,43.4487],[3.5374,43.4486],[3.5374,43.4485],[3.5374,43.4483],[3.5373,43.4481],[3.5373,43.4479],[3.5372,43.4477],[3.5369,43.4475],[3.5367,43.4474],[3.5364,43.4472],[3.5359,43.4471],[3.5355,43.447],[3.5353,43.4469],[3.5351,43.4467],[3.535,43.4464],[3.535,43.4462],[3.5351,43.4459],[3.5352,43.4456],[3.5352,43.4453],[3.5353,43.4445],[3.5353,43.4439],[3.5353,43.4436],[3.5354,43.4433],[3.5356,43.4428],[3.5358,43.4424],[3.536,43.4422],[3.5362,43.442],[3.5365,43.4418],[3.5369,43.4415],[3.5371,43.4412],[3.5373,43.441],[3.5375,43.4408],[3.5377,43.4405],[3.5377,43.4402],[3.5377,43.4399],[3.5374,43.4401],[3.5369,43.4403],[3.5366,43.4403],[3.5365,43.44],[3.5365,43.4401],[3.5363,43.4403],[3.5361,43.4404],[3.5359,43.4405],[3.5356,43.4406],[3.5353,43.4407],[3.5348,43.4407],[3.5342,43.4407],[3.5336,43.4408],[3.5331,43.4407],[3.5327,43.4407],[3.5322,43.4405],[3.5318,43.4403],[3.5316,43.4403],[3.5315,43.4402],[3.5315,43.4402],[3.5314,43.4402],[3.5314,43.4403],[3.5314,43.4404],[3.5314,43.4405],[3.5315,43.4406],[3.5315,43.4408],[3.5316,43.441],[3.5318,43.4411],[3.532,43.4414],[3.5322,43.4416],[3.5325,43.4418],[3.5328,43.442],[3.533,43.4422],[3.5333,43.4425],[3.5336,43.4428],[3.5339,43.443],[3.5339,43.4431],[3.534,43.4433],[3.534,43.4435],[3.534,43.4438],[3.534,43.444],[3.534,43.4442],[3.534,43.4445],[3.5339,43.4448],[3.5338,43.4451],[3.5336,43.4454],[3.5333,43.4457],[3.533,43.446],[3.5328,43.4462],[3.5327,43.4464],[3.5326,43.4466],[3.5325,43.4468],[3.5324,43.4471],[3.5324,43.4474],[3.5324,43.4478],[3.5324,43.4482],[3.5323,43.4486],[3.5321,43.4489],[3.5319,43.4493],[3.5316,43.4496],[3.5312,43.45],[3.5307,43.4503],[3.5302,43.4505],[3.53,43.4507],[3.5299,43.4508],[3.5298,43.4509],[3.5297,43.4511],[3.5297,43.4514],[3.5297,43.4517],[3.5296,43.4519],[3.5296,43.4521],[3.5294,43.4523],[3.5293,43.4525],[3.529,43.4528],[3.5287,43.453],[3.5283,43.4532],[3.528,43.4533],[3.5275,43.4535],[3.5268,43.4536],[3.526,43.4538],[3.5252,43.4539],[3.5241,43.454],[3.5226,43.4543],[3.5211,43.4545],[3.5203,43.4547],[3.5202,43.4547],[3.5202,43.4548],[3.52,43.455],[3.5197,43.4552],[3.5194,43.4556],[3.5192,43.4559],[3.519,43.4561],[3.5189,43.4563],[3.5187,43.4565],[3.5184,43.4566],[3.5181,43.4567],[3.5177,43.4568],[3.5176,43.4568],[3.5175,43.4569],[3.5174,43.4571],[3.5172,43.4573],[3.5171,43.4575],[3.5169,43.4576],[3.5167,43.4577],[3.5165,43.4577],[3.5162,43.4578],[3.5158,43.4579],[3.5155,43.458],[3.5154,43.4581],[3.5153,43.4582],[3.5152,43.4583],[3.5151,43.4584],[3.5151,43.4584],[3.5151,43.4585],[3.5151,43.4586],[3.5151,43.4586],[3.5152,43.4587],[3.5152,43.4587],[3.5153,43.4587],[3.5154,43.4587],[3.5156,43.4586],[3.5157,43.4586],[3.5159,43.4586],[3.5161,43.4586],[3.5162,43.4586]]]}},{"type":"Feature","properties":{"MI_PRINX":3662434.0,"CARTE":264,"CODE":50,"CODE_LEG":50,"NOTATION":"Fy","DESCR":"Blocs, galets et graviers de calcaires siliceux, de grès, de quartz, de lydiennes, de porphyrites et de débris basaltiques (Terrasses glaciaires Würm)","C_FOND":10,"M_FOND":0,"J_FOND":10,"N_FOND":0,"NOM_SYMB":null,"C_SYMB":-1,"M_SYMB":-1,"J_SYMB":-1,"N_SYMB":-1,"ROT_SYMB":0,"score_potentiel":70,"niveau_potentiel":"Très élevé 🌟","pente_degres":31.3,"type_affleurement":"Affleurement Fort (Falaise / Ravine) 🔴","score_relieffiltered":99.8},"geometry":{"type":"Polygon","coordinates":[[[3.4205,43.7011],[3.4203,43.7005],[3.4203,43.7004],[3.4202,43.7004],[3.4203,43.7002],[3.4206,43.6999],[3.4207,43.6996],[3.4203,43.6991],[3.4196,43.6986],[3.4193,43.6986],[3.4191,43.699],[3.4187,43.6991],[3.4184,43.699],[3.4184,43.6988],[3.4188,43.6982],[3.419,43.6979],[3.4189,43.6975],[3.4185,43.697],[3.4181,43.6964],[3.4179,43.696],[3.4177,43.6959],[3.4175,43.6961],[3.4175,43.6964],[3.4172,43.6967],[3.4171,43.697],[3.417,43.697],[3.4168,43.6969],[3.4167,43.6967],[3.4172,43.6962],[3.4172,43.6959],[3.4173,43.6955],[3.4166,43.6948],[3.4166,43.6947],[3.4162,43.6942],[3.4159,43.6941],[3.4152,43.6941],[3.4147,43.6942],[3.4146,43.6942],[3.4145,43.6942],[3.4143,43.6942],[3.4142,43.6942],[3.414,43.6942],[3.4138,43.6943],[3.4138,43.6944],[3.4141,43.6948],[3.4138,43.6951],[3.4135,43.6951],[3.4129,43.6945],[3.4127,43.6945],[3.4126,43.6946],[3.4127,43.6948],[3.4126,43.6951],[3.4124,43.6954],[3.4125,43.6956],[3.4126,43.696],[3.413,43.6963],[3.4132,43.6963],[3.4136,43.6961],[3.4139,43.6958],[3.4144,43.6957],[3.4153,43.6961],[3.4159,43.6967],[3.4164,43.6975],[3.4167,43.6984],[3.4167,43.6987],[3.4171,43.6989],[3.4179,43.6994],[3.4185,43.7002],[3.4194,43.7009],[3.4199,43.7015],[3.4199,43.7018],[3.42,43.702],[3.4201,43.702],[3.4204,43.7016],[3.4205,43.7011]]]}},{"type":"Feature","properties":{"MI_PRINX":3662521.0,"CARTE":264,"CODE":50,"CODE_LEG":50,"NOTATION":"Fy","DESCR":"Blocs, galets et graviers de calcaires siliceux, de grès, de quartz, de lydiennes, de porphyrites et de débris basaltiques (Terrasses glaciaires Würm)","C_FOND":10,"M_FOND":0,"J_FOND":10,"N_FOND":0,"NOM_SYMB":null,"C_SYMB":-1,"M_SYMB":-1,"J_SYMB":-1,"N_SYMB":-1,"ROT_SYMB":0,"score_potentiel":70,"niveau_potentiel":"Très élevé 🌟","pente_degres":15.1,"type_affleurement":"Affleurement Moyen (Escarpement) 🟠","score_relieffiltered":77.1},"geometry":{"type":"Polygon","coordinates":[[[3.3969,43.6965],[3.3966,43.6965],[3.3965,43.6967],[3.3967,43.6971],[3.3968,43.6976],[3.3967,43.6981],[3.3969,43.6983],[3.3975,43.6981],[3.3976,43.6979],[3.3977,43.6977],[3.3979,43.6975],[3.398,43.6973],[3.398,43.697],[3.3979,43.6968],[3.3977,43.6967],[3.3972,43.6966],[3.3969,43.6965]]]}},{"type":"Feature","properties":{"MI_PRINX":3662675.0,"CARTE":264,"CODE":50,"CODE_LEG":50,"NOTATION":"Fy","DESCR":"Blocs, galets et graviers de calcaires siliceux, de grès, de quartz, de lydiennes, de porphyrites et de débris basaltiques (Terrasses glaciaires Würm)","C_FOND":10,"M_FOND":0,"J_FOND":10,"N_FOND":0,"NOM_SYMB":null,"C_SYMB":-1,"M_SYMB":-1,"J_SYMB":-1,"N_SYMB":-1,"ROT_SYMB":0,"score_potentiel":70,"niveau_potentiel":"Très élevé 🌟","pente_degres":15.4,"type_affleurement":"Affleurement Moyen (Escarpement) 🟠","score_relieffiltered":77.6},"geometry":{"type":"Polygon","coordinates":[[[3.3058,43.6929],[3.3047,43.6917],[3.3038,43.6909],[3.3037,43.6911],[3.3036,43.6914],[3.3038,43.6922],[3.3037,43.6924],[3.3037,43.6928],[3.3039,43.6932],[3.3042,43.6935],[3.3048,43.6938],[3.3051,43.6937],[3.3053,43.6934],[3.3058,43.6929]]]}},{"type":"Feature","properties":{"MI_PRINX":3662679.0,"CARTE":264,"CODE":50,"CODE_LEG":50,"NOTATION":"Fy","DESCR":"Blocs, galets et graviers de calcaires siliceux, de grès, de quartz, de lydiennes, de porphyrites et de débris basaltiques (Terrasses glaciaires Würm)","C_FOND":10,"M_FOND":0,"J_FOND":10,"N_FOND":0,"NOM_SYMB":null,"C_SYMB":-1,"M_SYMB":-1,"J_SYMB":-1,"N_SYMB":-1,"ROT_SYMB":0,"score_potentiel":70,"niveau_potentiel":"Très élevé 🌟","pente_degres":18.8,"type_affleurement":"Affleurement Moyen (Escarpement) 🟠","score_relieffiltered":82.3},"geometry":{"type":"Polygon","coordinates":[[[3.3786,43.6906],[3.3781,43.6908],[3.3777,43.6909],[3.3774,43.6912],[3.3772,43.6916],[3.377,43.6917],[3.3764,43.6918],[3.3752,43.6918],[3.375,43.692],[3.375,43.6922],[3.3761,43.6931],[3.3764,43.693],[3.3769,43.6927],[3.3774,43.6927],[3.3777,43.6926],[3.3781,43.6927],[3.3787,43.693],[3.3788,43.6928],[3.3785,43.6924],[3.3785,43.6923],[3.3785,43.6922],[3.3787,43.6918],[3.3785,43.6914],[3.3785,43.6911],[3.3789,43.6906],[3.3786,43.6906]]]}},{"type":"Feature","properties":{"MI_PRINX":3662690.0,"CARTE":264,"CODE":50,"CODE_LEG":50,"NOTATION":"Fy","DESCR":"Blocs, galets et graviers de calcaires siliceux, de grès, de quartz, de lydiennes, de porphyrites et de débris basaltiques (Terrasses glaciaires Würm)","C_FOND":10,"M_FOND":0,"J_FOND":10,"N_FOND":0,"NOM_SYMB":null,"C_SYMB":-1,"M_SYMB":-1,"J_SYMB":-1,"N_SYMB":-1,"ROT_SYMB":0,"score_potentiel":70,"niveau_potentiel":"Très élevé 🌟","pente_degres":15.0,"type_affleurement":"Affleurement Moyen (Escarpement) 🟠","score_relieffiltered":77.0},"geometry":{"type":"Polygon","coordinates":[[[3.2738,43.6921],[3.2734,43.6922],[3.2725,43.6925],[3.2724,43.6927],[3.2724,43.6927],[3.2728,43.6929],[3.2729,43.693],[3.2733,43.6934],[3.2736,43.6934],[3.2737,43.6931],[3.2742,43.6926],[3.2742,43.6924],[3.2738,43.6921]]]}},{"type":"Feature","properties":{"MI_PRINX":3674608.0,"CARTE":264,"CODE":50,"CODE_LEG":50,"NOTATION":"Fy","DESCR":"Blocs, galets et graviers de calcaires siliceux, de grès, de quartz, de lydiennes, de porphyrites et de débris basaltiques (Terrasses glaciaires Würm)","C_FOND":10,"M_FOND":0,"J_FOND":10,"N_FOND":0,"NOM_SYMB":null,"C_SYMB":-1,"M_SYMB":-1,"J_SYMB":-1,"N_SYMB":-1,"ROT_SYMB":0,"score_potentiel":70,"niveau_potentiel":"Très élevé 🌟","pente_degres":18.9,"type_affleurement":"Affleurement Moyen (Escarpement) 🟠","score_relieffiltered":82.5},"geometry":{"type":"Polygon","coordinates":[[[3.3039,43.4589],[3.3044,43.4589],[3.3049,43.4589],[3.3052,43.4588],[3.3054,43.4587],[3.3055,43.4586],[3.3056,43.4583],[3.3057,43.458],[3.3058,43.4576],[3.3059,43.4572],[3.306,43.4569],[3.3062,43.4568],[3.3065,43.4566],[3.3069,43.4565],[3.3073,43.4563],[3.3075,43.456],[3.3078,43.4558],[3.3079,43.4556],[3.308,43.4554],[3.3081,43.4552],[3.3082,43.455],[3.3081,43.4545],[3.308,43.4537],[3.308,43.4534],[3.3081,43.4532],[3.3082,43.453],[3.3083,43.4527],[3.3086,43.4525],[3.309,43.4523],[3.3094,43.452],[3.3097,43.4518],[3.31,43.4515],[3.3101,43.4513],[3.3102,43.4511],[3.3101,43.4509],[3.31,43.4507],[3.31,43.4505],[3.31,43.4502],[3.3101,43.45],[3.3102,43.4498],[3.3104,43.4496],[3.3107,43.4493],[3.311,43.449],[3.3114,43.4488],[3.3116,43.4486],[3.3118,43.4484],[3.3118,43.4481],[3.3118,43.4479],[3.3116,43.4478],[3.3113,43.4476],[3.3111,43.4473],[3.3111,43.4472],[3.3111,43.447],[3.3112,43.4468],[3.3114,43.4466],[3.3117,43.4463],[3.3119,43.4461],[3.3121,43.4459],[3.3122,43.4457],[3.3122,43.4455],[3.3123,43.4455],[3.3123,43.4455],[3.3123,43.445],[3.3123,43.4446],[3.3124,43.4442],[3.313,43.4438],[3.3132,43.4436],[3.3136,43.4433],[3.3138,43.4428],[3.3138,43.4425],[3.3139,43.442],[3.3142,43.4416],[3.3145,43.4414],[3.3144,43.4414],[3.3143,43.4414],[3.3142,43.4413],[3.314,43.4414],[3.3138,43.4414],[3.3135,43.4417],[3.3133,43.4418],[3.313,43.4419],[3.3127,43.4419],[3.3124,43.442],[3.312,43.4421],[3.3116,43.4423],[3.3111,43.4426],[3.3106,43.4429],[3.3102,43.4432],[3.3098,43.4435],[3.3095,43.4437],[3.3092,43.4441],[3.309,43.4445],[3.3088,43.4448],[3.3086,43.445],[3.3082,43.4453],[3.3078,43.4455],[3.3074,43.4456],[3.3071,43.4457],[3.3069,43.4459],[3.3068,43.4463],[3.3067,43.4465],[3.3065,43.4467],[3.3062,43.4469],[3.3058,43.4471],[3.3054,43.4473],[3.3052,43.4474],[3.3051,43.4476],[3.3051,43.4479],[3.305,43.4482],[3.3048,43.4485],[3.3047,43.4486],[3.3045,43.4488],[3.3043,43.449],[3.3041,43.4491],[3.304,43.4493],[3.304,43.4495],[3.304,43.45],[3.304,43.4508],[3.3041,43.4513],[3.3041,43.4516],[3.304,43.452],[3.3039,43.4525],[3.3038,43.4529],[3.3036,43.4532],[3.3034,43.4535],[3.3031,43.4539],[3.3029,43.4542],[3.3028,43.4545],[3.3028,43.4547],[3.3028,43.455],[3.3029,43.4554],[3.3031,43.4558],[3.3033,43.4561],[3.3035,43.4565],[3.3035,43.4567],[3.3034,43.457],[3.3033,43.4572],[3.3032,43.4574],[3.3032,43.4576],[3.3033,43.4578],[3.3034,43.458],[3.3037,43.4582],[3.3039,43.4584],[3.3039,43.4586],[3.3039,43.4587],[3.3039,43.4589]]]}},{"type":"Feature","properties":{"MI_PRINX":3662635.0,"CARTE":264,"CODE":50,"CODE_LEG":50,"NOTATION":"Fy","DESCR":"Blocs, galets et graviers de calcaires siliceux, de grès, de quartz, de lydiennes, de porphyrites et de débris basaltiques (Terrasses glaciaires Würm)","C_FOND":10,"M_FOND":0,"J_FOND":10,"N_FOND":0,"NOM_SYMB":null,"C_SYMB":-1,"M_SYMB":-1,"J_SYMB":-1,"N_SYMB":-1,"ROT_SYMB":0,"score_potentiel":70,"niveau_potentiel":"Très élevé 🌟","pente_degres":31.7,"type_affleurement":"Affleurement Fort (Falaise / Ravine) 🔴","score_relieffiltered":100.0},"geometry":{"type":"Polygon","coordinates":[[[3.4145,43.6901],[3.4145,43.6901],[3.4145,43.6898],[3.4146,43.6893],[3.4148,43.689],[3.4149,43.6888],[3.416,43.6883],[3.4169,43.6877],[3.4178,43.6873],[3.4182,43.6873],[3.4183,43.6873],[3.4185,43.6873],[3.4189,43.6874],[3.4198,43.6882],[3.42,43.6881],[3.4197,43.6873],[3.4197,43.6869],[3.4194,43.6867],[3.4194,43.6868],[3.419,43.6869],[3.4189,43.6867],[3.419,43.6866],[3.4189,43.6864],[3.4188,43.6861],[3.4188,43.6859],[3.4185,43.6855],[3.4183,43.6853],[3.418,43.6854],[3.417,43.6863],[3.4156,43.6871],[3.4155,43.6873],[3.4152,43.6878],[3.415,43.6879],[3.4146,43.6881],[3.4142,43.6882],[3.4129,43.6891],[3.4124,43.6896],[3.412,43.6902],[3.412,43.6904],[3.412,43.6906],[3.4121,43.6909],[3.4127,43.6922],[3.4128,43.6926],[3.4126,43.6929],[3.4121,43.6935],[3.4121,43.6936],[3.4121,43.6936],[3.4124,43.6938],[3.4129,43.6938],[3.4137,43.6937],[3.4138,43.6937],[3.414,43.6936],[3.4141,43.6936],[3.4146,43.6936],[3.4149,43.6935],[3.4144,43.6933],[3.4142,43.6933],[3.4135,43.6929],[3.4133,43.6926],[3.4133,43.6925],[3.4133,43.6924],[3.4135,43.692],[3.4139,43.6915],[3.4137,43.6909],[3.4135,43.6905],[3.4136,43.6902],[3.4139,43.6899],[3.4142,43.69],[3.4145,43.6901]]]}},{"type":"Feature","properties":{"MI_PRINX":3662654.0,"CARTE":264,"CODE":50,"CODE_LEG":50,"NOTATION":"Fy","DESCR":"Blocs, galets et graviers de calcaires siliceux, de grès, de quartz, de lydiennes, de porphyrites et de débris basaltiques (Terrasses glaciaires Würm)","C_FOND":10,"M_FOND":0,"J_FOND":10,"N_FOND":0,"NOM_SYMB":null,"C_SYMB":-1,"M_SYMB":-1,"J_SYMB":-1,"N_SYMB":-1,"ROT_SYMB":0,"score_potentiel":70,"niveau_potentiel":"Très élevé 🌟","pente_degres":16.5,"type_affleurement":"Affleurement Moyen (Escarpement) 🟠","score_relieffiltered":79.1},"geometry":{"type":"Polygon","coordinates":[[[3.3022,43.6931],[3.3019,43.6931],[3.3012,43.6937],[3.3012,43.6937],[3.3014,43.694],[3.3024,43.6944],[3.3028,43.6944],[3.3034,43.6942],[3.304,43.6942],[3.3042,43.6941],[3.3041,43.6939],[3.3036,43.6936],[3.3029,43.6935],[3.3022,43.6931]]]}},{"type":"Feature","properties":{"MI_PRINX":3662752.0,"CARTE":264,"CODE":50,"CODE_LEG":50,"NOTATION":"Fy","DESCR":"Blocs, galets et graviers de calcaires siliceux, de grès, de quartz, de lydiennes, de porphyrites et de débris basaltiques (Terrasses glaciaires Würm)","C_FOND":10,"M_FOND":0,"J_FOND":10,"N_FOND":0,"NOM_SYMB":null,"C_SYMB":-1,"M_SYMB":-1,"J_SYMB":-1,"N_SYMB":-1,"ROT_SYMB":0,"score_potentiel":70,"niveau_potentiel":"Très élevé 🌟","pente_degres":16.8,"type_affleurement":"Affleurement Moyen (Escarpement) 🟠","score_relieffiltered":79.5},"geometry":{"type":"Polygon","coordinates":[[[3.3791,43.6896],[3.3791,43.689],[3.379,43.6888],[3.379,43.6886],[3.3789,43.6886],[3.3785,43.6889],[3.378,43.6894],[3.3776,43.6895],[3.3768,43.6896],[3.3766,43.6897],[3.377,43.6901],[3.3777,43.6903],[3.3781,43.6904],[3.3784,43.6903],[3.3787,43.6901],[3.3789,43.6898],[3.3791,43.6896]]]}},{"type":"Feature","properties":{"MI_PRINX":3662776.0,"CARTE":264,"CODE":50,"CODE_LEG":50,"NOTATION":"Fy","DESCR":"Blocs, galets et graviers de calcaires siliceux, de grès, de quartz, de lydiennes, de porphyrites et de débris basaltiques (Terrasses glaciaires Würm)","C_FOND":10,"M_FOND":0,"J_FOND":10,"N_FOND":0,"NOM_SYMB":null,"C_SYMB":-1,"M_SYMB":-1,"J_SYMB":-1,"N_SYMB":-1,"ROT_SYMB":0,"score_potentiel":70,"niveau_potentiel":"Très élevé 🌟","pente_degres":31.3,"type_affleurement":"Affleurement Fort (Falaise / Ravine) 🔴","score_relieffiltered":99.8},"geometry":{"type":"Polygon","coordinates":[[[3.5875,43.6817],[3.5879,43.6815],[3.5884,43.6813],[3.5882,43.681],[3.5881,43.6807],[3.5881,43.679],[3.5879,43.6789],[3.5866,43.6792],[3.5862,43.6792],[3.5856,43.6788],[3.5852,43.6784],[3.5848,43.6783],[3.584,43.6784],[3.5836,43.6781],[3.5835,43.6778],[3.5835,43.6777],[3.584,43.6767],[3.5843,43.6762],[3.5846,43.6756],[3.5845,43.6753],[3.584,43.6745],[3.583,43.6736],[3.5809,43.6722],[3.5808,43.6719],[3.5808,43.6719],[3.5812,43.6717],[3.5814,43.6714],[3.581,43.6713],[3.5802,43.6712],[3.5795,43.6709],[3.579,43.6704],[3.5781,43.6689],[3.5775,43.6683],[3.577,43.6681],[3.5762,43.668],[3.5761,43.668],[3.5761,43.668],[3.5759,43.668],[3.5758,43.668],[3.5757,43.6679],[3.5757,43.6679],[3.5752,43.6678],[3.5746,43.6672],[3.574,43.6667],[3.5733,43.6665],[3.5732,43.6665],[3.5731,43.6665],[3.5727,43.6661],[3.5719,43.6657],[3.5711,43.6655],[3.5709,43.6655],[3.5706,43.6655],[3.5702,43.6654],[3.5698,43.6653],[3.5697,43.6653],[3.5695,43.6652],[3.5694,43.6652],[3.5692,43.6652],[3.5683,43.665],[3.568,43.6647],[3.568,43.6645],[3.5684,43.664],[3.5697,43.6624],[3.5702,43.6621],[3.5706,43.6622],[3.571,43.6625],[3.5712,43.6625],[3.5715,43.6624],[3.5735,43.6613],[3.577,43.6587],[3.5787,43.6576],[3.5796,43.6572],[3.5798,43.6572],[3.5799,43.6572],[3.5805,43.6571],[3.581,43.6572],[3.5811,43.6572],[3.5815,43.6573],[3.582,43.6573],[3.5823,43.6574],[3.5834,43.6574],[3.5833,43.6571],[3.5833,43.657],[3.5834,43.6566],[3.5824,43.6562],[3.5816,43.6556],[3.5811,43.6556],[3.5802,43.6558],[3.5797,43.656],[3.5792,43.6559],[3.5787,43.6558],[3.5782,43.6558],[3.577,43.6564],[3.5766,43.6565],[3.576,43.6565],[3.5755,43.6564],[3.5754,43.6563],[3.5746,43.6563],[3.5741,43.6564],[3.5739,43.6567],[3.5738,43.6568],[3.5739,43.6575],[3.5737,43.6583],[3.5732,43.6589],[3.5721,43.6597],[3.572,43.6598],[3.5722,43.6604],[3.5717,43.661],[3.571,43.6613],[3.5705,43.6614],[3.5695,43.6615],[3.569,43.6618],[3.5679,43.6628],[3.5663,43.6638],[3.5656,43.6642],[3.5644,43.6648],[3.5641,43.6652],[3.5641,43.6654],[3.5637,43.6669],[3.5638,43.667],[3.5638,43.667],[3.5639,43.667],[3.564,43.667],[3.5644,43.6666],[3.5649,43.6662],[3.5652,43.6662],[3.5654,43.6664],[3.565,43.667],[3.565,43.667],[3.5652,43.6675],[3.5659,43.668],[3.5665,43.6682],[3.5675,43.6684],[3.5678,43.6685],[3.5681,43.6686],[3.5678,43.6688],[3.5673,43.6689],[3.5668,43.6689],[3.5659,43.6687],[3.5655,43.6689],[3.5645,43.67],[3.564,43.6703],[3.564,43.6704],[3.5642,43.6708],[3.5651,43.6714],[3.5659,43.6721],[3.5665,43.6733],[3.5666,43.674],[3.5666,43.6745],[3.567,43.6752],[3.5687,43.6776],[3.5697,43.6787],[3.5725,43.681],[3.5739,43.6823],[3.5745,43.6834],[3.5752,43.6853],[3.5752,43.6854],[3.5755,43.6864],[3.5756,43.6868],[3.576,43.687],[3.5765,43.6867],[3.5772,43.6864],[3.5777,43.6864],[3.5782,43.6865],[3.5784,43.6865],[3.5787,43.6866],[3.5789,43.6865],[3.579,43.6863],[3.5789,43.6862],[3.5777,43.6855],[3.5769,43.685],[3.5769,43.6846],[3.5769,43.6846],[3.5773,43.6842],[3.5791,43.6833],[3.5792,43.6833],[3.5806,43.6826],[3.5812,43.6825],[3.5818,43.6825],[3.5818,43.6825],[3.5823,43.6826],[3.5835,43.6834],[3.5842,43.6837],[3.5848,43.6838],[3.5849,43.6839],[3.5856,43.6839],[3.5861,43.6839],[3.5864,43.6837],[3.5865,43.6836],[3.5863,43.6831],[3.5863,43.683],[3.587,43.6821],[3.5872,43.682],[3.5874,43.6819],[3.5875,43.6817]]]}},{"type":"Feature","properties":{"MI_PRINX":3662777.0,"CARTE":264,"CODE":50,"CODE_LEG":50,"NOTATION":"Fy","DESCR":"Blocs, galets et graviers de calcaires siliceux, de grès, de quartz, de lydiennes, de porphyrites et de débris basaltiques (Terrasses glaciaires Würm)","C_FOND":10,"M_FOND":0,"J_FOND":10,"N_FOND":0,"NOM_SYMB":null,"C_SYMB":-1,"M_SYMB":-1,"J_SYMB":-1,"N_SYMB":-1,"ROT_SYMB":0,"score_potentiel":70,"niveau_potentiel":"Très élevé 🌟","pente_degres":20.7,"type_affleurement":"Affleurement Moyen (Escarpement) 🟠","score_relieffiltered":85.0},"geometry":{"type":"Polygon","coordinates":[[[3.4234,43.6804],[3.4232,43.6805],[3.4231,43.6809],[3.4231,43.6812],[3.4228,43.6813],[3.4226,43.6813],[3.4224,43.6815],[3.4224,43.6816],[3.423,43.6821],[3.4231,43.6823],[3.4229,43.6825],[3.4225,43.6826],[3.4224,43.6828],[3.4223,43.6829],[3.4225,43.6832],[3.4223,43.6837],[3.422,43.6838],[3.4219,43.6835],[3.4219,43.6829],[3.4222,43.6823],[3.4221,43.6819],[3.4219,43.6817],[3.4216,43.6816],[3.4213,43.6818],[3.4213,43.6819],[3.4214,43.682],[3.4212,43.6823],[3.421,43.6822],[3.4207,43.6821],[3.4204,43.6821],[3.4186,43.6831],[3.418,43.6834],[3.418,43.6836],[3.4188,43.6842],[3.419,43.6845],[3.4191,43.6847],[3.419,43.685],[3.419,43.6851],[3.4191,43.6857],[3.4194,43.6859],[3.42,43.6859],[3.4204,43.6862],[3.4207,43.6862],[3.4208,43.6862],[3.421,43.6863],[3.4207,43.6866],[3.4203,43.6869],[3.4203,43.6869],[3.4205,43.6872],[3.4208,43.6875],[3.4208,43.6879],[3.4208,43.688],[3.421,43.6882],[3.4216,43.6885],[3.4217,43.6884],[3.4215,43.6879],[3.4216,43.6878],[3.4219,43.6877],[3.4221,43.6874],[3.422,43.6863],[3.422,43.686],[3.4222,43.6853],[3.4229,43.6842],[3.4233,43.6835],[3.4235,43.6828],[3.4236,43.6822],[3.4235,43.6814],[3.4235,43.6813],[3.4235,43.6804],[3.4234,43.6804]]]}},{"type":"Feature","properties":{"MI_PRINX":3662641.0,"CARTE":264,"CODE":50,"CODE_LEG":50,"NOTATION":"Fy","DESCR":"Blocs, galets et graviers de calcaires siliceux, de grès, de quartz, de lydiennes, de porphyrites et de débris basaltiques (Terrasses glaciaires Würm)","C_FOND":10,"M_FOND":0,"J_FOND":10,"N_FOND":0,"NOM_SYMB":null,"C_SYMB":-1,"M_SYMB":-1,"J_SYMB":-1,"N_SYMB":-1,"ROT_SYMB":0,"score_potentiel":70,"niveau_potentiel":"Très élevé 🌟","pente_degres":16.0,"type_affleurement":"Affleurement Moyen (Escarpement) 🟠","score_relieffiltered":78.4},"geometry":{"type":"Polygon","coordinates":[[[3.306,43.6945],[3.3062,43.6944],[3.3066,43.6943],[3.3068,43.694],[3.3065,43.6936],[3.3064,43.6935],[3.3061,43.6932],[3.3056,43.6937],[3.3049,43.6946],[3.3049,43.6946],[3.3051,43.6947],[3.3056,43.6945],[3.306,43.6945]]]}},{"type":"Feature","properties":{"MI_PRINX":3662646.0,"CARTE":264,"CODE":50,"CODE_LEG":50,"NOTATION":"Fy","DESCR":"Blocs, galets et graviers de calcaires siliceux, de grès, de quartz, de lydiennes, de porphyrites et de débris basaltiques (Terrasses glaciaires Würm)","C_FOND":10,"M_FOND":0,"J_FOND":10,"N_FOND":0,"NOM_SYMB":null,"C_SYMB":-1,"M_SYMB":-1,"J_SYMB":-1,"N_SYMB":-1,"ROT_SYMB":0,"score_potentiel":70,"niveau_potentiel":"Très élevé 🌟","pente_degres":19.0,"type_affleurement":"Affleurement Moyen (Escarpement) 🟠","score_relieffiltered":82.6},"geometry":{"type":"Polygon","coordinates":[[[3.2989,43.6944],[3.2989,43.6943],[3.2989,43.6943],[3.2995,43.6939],[3.2996,43.6939],[3.2999,43.6938],[3.3005,43.6935],[3.3016,43.6931],[3.302,43.6928],[3.3018,43.6926],[3.3014,43.6925],[3.3009,43.6926],[3.3003,43.6928],[3.2998,43.6929],[3.2993,43.6929],[3.299,43.6928],[3.2987,43.6927],[3.2983,43.6926],[3.2982,43.6925],[3.2979,43.6925],[3.2973,43.6918],[3.2969,43.6916],[3.2965,43.6916],[3.2959,43.6919],[3.2955,43.6919],[3.2946,43.6914],[3.2939,43.691],[3.2937,43.6909],[3.2936,43.6911],[3.2936,43.6911],[3.2943,43.6922],[3.2945,43.6926],[3.2944,43.693],[3.2944,43.6931],[3.2944,43.6935],[3.2951,43.694],[3.2955,43.6943],[3.2956,43.6943],[3.2967,43.6947],[3.2972,43.6947],[3.2978,43.6945],[3.2983,43.6946],[3.2989,43.6944]]]}},{"type":"Feature","properties":{"MI_PRINX":3662854.0,"CARTE":264,"CODE":50,"CODE_LEG":50,"NOTATION":"Fy","DESCR":"Blocs, galets et graviers de calcaires siliceux, de grès, de quartz, de lydiennes, de porphyrites et de débris basaltiques (Terrasses glaciaires Würm)","C_FOND":10,"M_FOND":0,"J_FOND":10,"N_FOND":0,"NOM_SYMB":null,"C_SYMB":-1,"M_SYMB":-1,"J_SYMB":-1,"N_SYMB":-1,"ROT_SYMB":0,"score_potentiel":70,"niveau_potentiel":"Très élevé 🌟","pente_degres":16.1,"type_affleurement":"Affleurement Moyen (Escarpement) 🟠","score_relieffiltered":78.5},"geometry":{"type":"Polygon","coordinates":[[[3.385,43.6844],[3.3845,43.6845],[3.3839,43.6848],[3.384,43.6849],[3.3844,43.685],[3.3849,43.6853],[3.3855,43.6846],[3.3853,43.6844],[3.385,43.6844]]]}},{"type":"Feature","properties":{"MI_PRINX":3662851.0,"CARTE":264,"CODE":50,"CODE_LEG":50,"NOTATION":"Fy","DESCR":"Blocs, galets et graviers de calcaires siliceux, de grès, de quartz, de lydiennes, de porphyrites et de débris basaltiques (Terrasses glaciaires Würm)","C_FOND":10,"M_FOND":0,"J_FOND":10,"N_FOND":0,"NOM_SYMB":null,"C_SYMB":-1,"M_SYMB":-1,"J_SYMB":-1,"N_SYMB":-1,"ROT_SYMB":0,"score_potentiel":70,"niveau_potentiel":"Très élevé 🌟","pente_degres":14.1,"type_affleurement":"Affleurement Moyen (Escarpement) 🟠","score_relieffiltered":75.7},"geometry":{"type":"Polygon","coordinates":[[[3.3641,43.684],[3.3638,43.6843],[3.3635,43.6846],[3.3631,43.6849],[3.363,43.6851],[3.3632,43.6853],[3.3636,43.6855],[3.3643,43.6855],[3.3647,43.6852],[3.3645,43.6845],[3.3644,43.6841],[3.3641,43.684]]]}},{"type":"Feature","properties":{"MI_PRINX":3662859.0,"CARTE":264,"CODE":50,"CODE_LEG":50,"NOTATION":"Fy","DESCR":"Blocs, galets et graviers de calcaires siliceux, de grès, de quartz, de lydiennes, de porphyrites et de débris basaltiques (Terrasses glaciaires Würm)","C_FOND":10,"M_FOND":0,"J_FOND":10,"N_FOND":0,"NOM_SYMB":null,"C_SYMB":-1,"M_SYMB":-1,"J_SYMB":-1,"N_SYMB":-1,"ROT_SYMB":0,"score_potentiel":70,"niveau_potentiel":"Très élevé 🌟","pente_degres":20.5,"type_affleurement":"Affleurement Moyen (Escarpement) 🟠","score_relieffiltered":84.7},"geometry":{"type":"Polygon","coordinates":[[[3.5512,43.67],[3.552,43.6702],[3.5527,43.6706],[3.5531,43.671],[3.5533,43.6714],[3.554,43.6716],[3.5543,43.6718],[3.5546,43.6721],[3.5546,43.6722],[3.5546,43.6722],[3.5548,43.6722],[3.5549,43.6725],[3.5548,43.6727],[3.5542,43.6731],[3.554,43.6736],[3.554,43.6744],[3.5543,43.675],[3.556,43.6766],[3.5567,43.6773],[3.5568,43.6776],[3.5566,43.6781],[3.5561,43.6788],[3.5562,43.6789],[3.557,43.6785],[3.5575,43.6785],[3.5576,43.6785],[3.5581,43.6788],[3.5586,43.679],[3.5605,43.679],[3.5616,43.679],[3.562,43.6791],[3.5622,43.6791],[3.5623,43.6791],[3.5624,43.6791],[3.5628,43.6792],[3.5629,43.6791],[3.5631,43.6792],[3.5632,43.6792],[3.5641,43.6795],[3.5652,43.6802],[3.5668,43.6818],[3.5679,43.6826],[3.5693,43.6832],[3.5691,43.6829],[3.5679,43.6818],[3.5672,43.6807],[3.5668,43.6798],[3.5664,43.6788],[3.5646,43.6768],[3.5639,43.6759],[3.5639,43.6759],[3.5632,43.6745],[3.5624,43.6737],[3.5619,43.6729],[3.5613,43.6715],[3.5612,43.6707],[3.5609,43.6698],[3.5605,43.6691],[3.5601,43.6679],[3.5598,43.6675],[3.5593,43.6672],[3.5587,43.667],[3.5581,43.6671],[3.5578,43.6674],[3.5576,43.6678],[3.5572,43.6679],[3.5568,43.6678],[3.5561,43.6677],[3.5553,43.6673],[3.5552,43.6673],[3.5552,43.6673],[3.5546,43.6671],[3.554,43.6671],[3.5537,43.6673],[3.5537,43.6675],[3.5538,43.6677],[3.5539,43.6682],[3.554,43.6688],[3.5538,43.669],[3.5534,43.6689],[3.553,43.669],[3.5529,43.669],[3.553,43.6686],[3.5531,43.668],[3.5531,43.6675],[3.5526,43.667],[3.5518,43.6667],[3.5511,43.6664],[3.55,43.6661],[3.5497,43.666],[3.5496,43.666],[3.5492,43.6659],[3.5487,43.666],[3.5483,43.6662],[3.5483,43.6664],[3.5485,43.6668],[3.549,43.6671],[3.5491,43.6671],[3.5492,43.6672],[3.55,43.6674],[3.5502,43.6674],[3.5506,43.6679],[3.551,43.6681],[3.5516,43.6685],[3.5517,43.6688],[3.5513,43.6698],[3.5512,43.67],[3.5512,43.67]]]}},{"type":"Feature","properties":{"MI_PRINX":3673316.0,"CARTE":264,"CODE":50,"CODE_LEG":50,"NOTATION":"Fy","DESCR":"Blocs, galets et graviers de calcaires siliceux, de grès, de quartz, de lydiennes, de porphyrites et de débris basaltiques (Terrasses glaciaires Würm)","C_FOND":10,"M_FOND":0,"J_FOND":10,"N_FOND":0,"NOM_SYMB":null,"C_SYMB":-1,"M_SYMB":-1,"J_SYMB":-1,"N_SYMB":-1,"ROT_SYMB":0,"score_potentiel":70,"niveau_potentiel":"Très élevé 🌟","pente_degres":20.0,"type_affleurement":"Affleurement Moyen (Escarpement) 🟠","score_relieffiltered":84.0},"geometry":{"type":"Polygon","coordinates":[[[3.2744,43.5119],[3.2745,43.5118],[3.2747,43.5115],[3.275,43.5111],[3.2751,43.5109],[3.2751,43.5106],[3.2751,43.5102],[3.2751,43.51],[3.2753,43.5098],[3.2754,43.5096],[3.2754,43.5093],[3.2753,43.5091],[3.2753,43.5089],[3.2752,43.5087],[3.2754,43.5084],[3.2755,43.5082],[3.2757,43.508],[3.2757,43.5078],[3.2757,43.5077],[3.2758,43.5074],[3.2761,43.5071],[3.2763,43.5068],[3.2765,43.5066],[3.2766,43.5063],[3.2767,43.5061],[3.2768,43.5059],[3.2769,43.5055],[3.277,43.5052],[3.277,43.505],[3.277,43.5047],[3.2771,43.5044],[3.2773,43.5041],[3.2774,43.5039],[3.2777,43.5039],[3.278,43.5038],[3.2782,43.5036],[3.2784,43.5034],[3.2785,43.5032],[3.2785,43.5029],[3.2784,43.5026],[3.2783,43.5024],[3.2781,43.5023],[3.2779,43.5023],[3.2776,43.5024],[3.2773,43.5026],[3.277,43.5029],[3.2768,43.5033],[3.2766,43.5036],[3.2766,43.5037],[3.2764,43.5041],[3.2762,43.5043],[3.276,43.5045],[3.2758,43.5046],[3.2755,43.5047],[3.2751,43.5048],[3.2748,43.505],[3.2746,43.5052],[3.2745,43.5053],[3.2744,43.5055],[3.2744,43.5058],[3.2745,43.5061],[3.2746,43.5063],[3.2746,43.5066],[3.2747,43.507],[3.2747,43.5072],[3.2746,43.5074],[3.2745,43.5077],[3.2743,43.508],[3.274,43.5082],[3.2737,43.5085],[3.2734,43.5087],[3.2732,43.5089],[3.2731,43.5091],[3.273,43.5093],[3.273,43.5095],[3.2731,43.5097],[3.2732,43.5098],[3.2734,43.51],[3.2736,43.5102],[3.2736,43.5105],[3.2736,43.5107],[3.2736,43.5109],[3.2737,43.5112],[3.2739,43.5114],[3.2741,43.5117],[3.2744,43.5119]]]}},{"type":"Feature","properties":{"MI_PRINX":3662737.0,"CARTE":264,"CODE":50,"CODE_LEG":50,"NOTATION":"Fy","DESCR":"Blocs, galets et graviers de calcaires siliceux, de grès, de quartz, de lydiennes, de porphyrites et de débris basaltiques (Terrasses glaciaires Würm)","C_FOND":10,"M_FOND":0,"J_FOND":10,"N_FOND":0,"NOM_SYMB":null,"C_SYMB":-1,"M_SYMB":-1,"J_SYMB":-1,"N_SYMB":-1,"ROT_SYMB":0,"score_potentiel":70,"niveau_potentiel":"Très élevé 🌟","pente_degres":17.9,"type_affleurement":"Affleurement Moyen (Escarpement) 🟠","score_relieffiltered":81.1},"geometry":{"type":"Polygon","coordinates":[[[3.2756,43.6905],[3.2749,43.6906],[3.2743,43.6906],[3.2735,43.6907],[3.273,43.6908],[3.2728,43.691],[3.2728,43.6911],[3.2732,43.6912],[3.2737,43.6912],[3.2737,43.6912],[3.2744,43.6917],[3.2747,43.6917],[3.275,43.6914],[3.2754,43.6911],[3.2759,43.6907],[3.2756,43.6905]]]}},{"type":"Feature","properties":{"MI_PRINX":3662745.0,"CARTE":264,"CODE":50,"CODE_LEG":50,"NOTATION":"Fy","DESCR":"Blocs, galets et graviers de calcaires siliceux, de grès, de quartz, de lydiennes, de porphyrites et de débris basaltiques (Terrasses glaciaires Würm)","C_FOND":10,"M_FOND":0,"J_FOND":10,"N_FOND":0,"NOM_SYMB":null,"C_SYMB":-1,"M_SYMB":-1,"J_SYMB":-1,"N_SYMB":-1,"ROT_SYMB":0,"score_potentiel":70,"niveau_potentiel":"Très élevé 🌟","pente_degres":15.7,"type_affleurement":"Affleurement Moyen (Escarpement) 🟠","score_relieffiltered":78.0},"geometry":{"type":"Polygon","coordinates":[[[3.3035,43.6906],[3.3034,43.6906],[3.3037,43.6901],[3.3036,43.6898],[3.3036,43.6895],[3.3036,43.6892],[3.3035,43.6879],[3.3033,43.6874],[3.3027,43.687],[3.3021,43.6869],[3.3015,43.6868],[3.3013,43.6867],[3.301,43.6868],[3.3009,43.6869],[3.3013,43.6876],[3.3014,43.6882],[3.3011,43.6887],[3.3015,43.689],[3.3017,43.69],[3.3021,43.6906],[3.3021,43.6906],[3.3025,43.691],[3.3031,43.6913],[3.3033,43.6912],[3.3033,43.6909],[3.3035,43.6906]]]}},{"type":"Feature","properties":{"MI_PRINX":3662842.0,"CARTE":264,"CODE":50,"CODE_LEG":50,"NOTATION":"Fy","DESCR":"Blocs, galets et graviers de calcaires siliceux, de grès, de quartz, de lydiennes, de porphyrites et de débris basaltiques (Terrasses glaciaires Würm)","C_FOND":10,"M_FOND":0,"J_FOND":10,"N_FOND":0,"NOM_SYMB":null,"C_SYMB":-1,"M_SYMB":-1,"J_SYMB":-1,"N_SYMB":-1,"ROT_SYMB":0,"score_potentiel":70,"niveau_potentiel":"Très élevé 🌟","pente_degres":18.5,"type_affleurement":"Affleurement Moyen (Escarpement) 🟠","score_relieffiltered":81.9},"geometry":{"type":"Polygon","coordinates":[[[3.389,43.6816],[3.3887,43.6816],[3.3883,43.6819],[3.388,43.6823],[3.3876,43.6824],[3.3874,43.6825],[3.3871,43.6827],[3.3871,43.6831],[3.3866,43.6836],[3.3864,43.684],[3.3864,43.6841],[3.3865,43.6844],[3.3869,43.6844],[3.3871,43.6845],[3.3867,43.6848],[3.386,43.685],[3.3856,43.6853],[3.3856,43.6854],[3.3857,43.6856],[3.3862,43.6855],[3.3876,43.6855],[3.3879,43.6854],[3.3882,43.6846],[3.3885,43.6839],[3.3896,43.6827],[3.3901,43.6821],[3.39,43.6818],[3.3895,43.6816],[3.3893,43.6816],[3.389,43.6816]]]}},{"type":"Feature","properties":{"MI_PRINX":3662848.0,"CARTE":264,"CODE":50,"CODE_LEG":50,"NOTATION":"Fy","DESCR":"Blocs, galets et graviers de calcaires siliceux, de grès, de quartz, de lydiennes, de porphyrites et de débris basaltiques (Terrasses glaciaires Würm)","C_FOND":10,"M_FOND":0,"J_FOND":10,"N_FOND":0,"NOM_SYMB":null,"C_SYMB":-1,"M_SYMB":-1,"J_SYMB":-1,"N_SYMB":-1,"ROT_SYMB":0,"score_potentiel":70,"niveau_potentiel":"Très élevé 🌟","pente_degres":18.3,"type_affleurement":"Affleurement Moyen (Escarpement) 🟠","score_relieffiltered":81.6},"geometry":{"type":"Polygon","coordinates":[[[3.4067,43.6799],[3.4065,43.6799],[3.4064,43.6801],[3.4065,43.6805],[3.407,43.681],[3.4079,43.6813],[3.4088,43.6816],[3.4089,43.6816],[3.4095,43.6818],[3.41,43.6821],[3.4101,43.6824],[3.4099,43.6827],[3.4094,43.6831],[3.4095,43.6834],[3.41,43.6838],[3.4105,43.6839],[3.4113,43.684],[3.4119,43.6841],[3.412,43.6841],[3.4131,43.6845],[3.4141,43.6851],[3.4142,43.6851],[3.4144,43.6848],[3.4144,43.6842],[3.4142,43.6838],[3.4142,43.6837],[3.4144,43.6832],[3.4143,43.6829],[3.4139,43.6823],[3.414,43.6821],[3.4138,43.6816],[3.4133,43.6813],[3.4129,43.681],[3.4127,43.6805],[3.4124,43.6802],[3.412,43.6801],[3.4119,43.6801],[3.4118,43.6801],[3.4113,43.6802],[3.4108,43.6803],[3.4101,43.6804],[3.41,43.6803],[3.4097,43.6803],[3.4095,43.6803],[3.4086,43.6799],[3.4084,43.6799],[3.4082,43.6799],[3.4077,43.6802],[3.4074,43.6801],[3.4069,43.6799],[3.4067,43.6799]]]}},{"type":"Feature","properties":{"MI_PRINX":3662849.0,"CARTE":264,"CODE":50,"CODE_LEG":50,"NOTATION":"Fy","DESCR":"Blocs, galets et graviers de calcaires siliceux, de grès, de quartz, de lydiennes, de porphyrites et de débris basaltiques (Terrasses glaciaires Würm)","C_FOND":10,"M_FOND":0,"J_FOND":10,"N_FOND":0,"NOM_SYMB":null,"C_SYMB":-1,"M_SYMB":-1,"J_SYMB":-1,"N_SYMB":-1,"ROT_SYMB":0,"score_potentiel":70,"niveau_potentiel":"Très élevé 🌟","pente_degres":19.9,"type_affleurement":"Affleurement Moyen (Escarpement) 🟠","score_relieffiltered":83.9},"geometry":{"type":"Polygon","coordinates":[[[3.3558,43.6855],[3.3561,43.6856],[3.3564,43.6855],[3.3566,43.6852],[3.357,43.6849],[3.3576,43.6846],[3.3585,43.6846],[3.3586,43.6846],[3.3593,43.6849],[3.36,43.685],[3.3604,43.6852],[3.3609,43.6855],[3.3611,43.6855],[3.3614,43.6854],[3.3617,43.6853],[3.3617,43.685],[3.3618,43.6848],[3.3624,43.6846],[3.3626,43.6845],[3.3634,43.6844],[3.3635,43.6842],[3.3631,43.684],[3.3627,43.6841],[3.3623,43.6841],[3.3621,43.6841],[3.3619,43.6842],[3.3614,43.6842],[3.3608,43.6841],[3.3601,43.6839],[3.3591,43.6835],[3.3581,43.6833],[3.3569,43.6833],[3.3568,43.6833],[3.3568,43.6833],[3.356,43.6834],[3.356,43.6835],[3.3556,43.6836],[3.3554,43.6839],[3.3554,43.6841],[3.3553,43.6844],[3.3553,43.6846],[3.3553,43.6852],[3.3557,43.6854],[3.3558,43.6855]]]}},{"type":"Feature","properties":{"MI_PRINX":3662954.0,"CARTE":264,"CODE":50,"CODE_LEG":50,"NOTATION":"Fy","DESCR":"Blocs, galets et graviers de calcaires siliceux, de grès, de quartz, de lydiennes, de porphyrites et de débris basaltiques (Terrasses glaciaires Würm)","C_FOND":10,"M_FOND":0,"J_FOND":10,"N_FOND":0,"NOM_SYMB":null,"C_SYMB":-1,"M_SYMB":-1,"J_SYMB":-1,"N_SYMB":-1,"ROT_SYMB":0,"score_potentiel":70,"niveau_potentiel":"Très élevé 🌟","pente_degres":31.7,"type_affleurement":"Affleurement Fort (Falaise / Ravine) 🔴","score_relieffiltered":100.0},"geometry":{"type":"Polygon","coordinates":[[[3.4194,43.6815],[3.4202,43.6811],[3.4207,43.6805],[3.4211,43.6802],[3.4222,43.6797],[3.4226,43.6792],[3.4226,43.679],[3.4223,43.6785],[3.4223,43.6784],[3.4223,43.6782],[3.4224,43.6779],[3.4223,43.6774],[3.4216,43.6767],[3.4216,43.6766],[3.422,43.6764],[3.4221,43.6761],[3.4221,43.676],[3.4222,43.6755],[3.4221,43.6753],[3.4221,43.6749],[3.4222,43.6746],[3.4222,43.6742],[3.4218,43.6742],[3.4213,43.6746],[3.4211,43.6744],[3.4212,43.6744],[3.4219,43.6738],[3.4221,43.6735],[3.422,43.6729],[3.422,43.6728],[3.4221,43.6725],[3.4224,43.6719],[3.4237,43.6708],[3.4249,43.67],[3.4251,43.6698],[3.4254,43.6692],[3.4258,43.6689],[3.4261,43.6685],[3.4262,43.6678],[3.4261,43.6675],[3.4258,43.6674],[3.4258,43.6674],[3.4253,43.6676],[3.4239,43.6683],[3.4235,43.6688],[3.4233,43.6691],[3.4222,43.6699],[3.422,43.6703],[3.422,43.6706],[3.4213,43.6713],[3.4212,43.6717],[3.421,43.6718],[3.4205,43.6719],[3.4201,43.6722],[3.4197,43.6728],[3.4189,43.6734],[3.4187,43.6737],[3.4185,43.6737],[3.4184,43.6737],[3.4181,43.6738],[3.4177,43.674],[3.4181,43.6744],[3.4179,43.6745],[3.4179,43.6745],[3.4176,43.6745],[3.4169,43.6745],[3.4165,43.6748],[3.4166,43.6751],[3.4163,43.6753],[3.4162,43.6753],[3.4162,43.6753],[3.4157,43.6753],[3.4155,43.6755],[3.4158,43.6757],[3.4161,43.6759],[3.4159,43.6761],[3.416,43.6763],[3.4161,43.6764],[3.4164,43.6763],[3.4171,43.6757],[3.4178,43.6755],[3.4184,43.675],[3.4188,43.6744],[3.4191,43.674],[3.4195,43.6734],[3.42,43.6732],[3.4203,43.6732],[3.4204,43.6734],[3.4199,43.6744],[3.4193,43.6749],[3.4186,43.6754],[3.4179,43.676],[3.417,43.6765],[3.4169,43.6768],[3.4173,43.6772],[3.4174,43.6775],[3.4177,43.6778],[3.4178,43.6782],[3.4178,43.6783],[3.4184,43.6788],[3.4184,43.6793],[3.4187,43.6796],[3.419,43.68],[3.4192,43.6801],[3.4195,43.6805],[3.4195,43.6811],[3.4195,43.6813],[3.4194,43.6815]]]}},{"type":"Feature","properties":{"MI_PRINX":3662959.0,"CARTE":264,"CODE":50,"CODE_LEG":50,"NOTATION":"Fy","DESCR":"Blocs, galets et graviers de calcaires siliceux, de grès, de quartz, de lydiennes, de porphyrites et de débris basaltiques (Terrasses glaciaires Würm)","C_FOND":10,"M_FOND":0,"J_FOND":10,"N_FOND":0,"NOM_SYMB":null,"C_SYMB":-1,"M_SYMB":-1,"J_SYMB":-1,"N_SYMB":-1,"ROT_SYMB":0,"score_potentiel":70,"niveau_potentiel":"Très élevé 🌟","pente_degres":32.4,"type_affleurement":"Affleurement Fort (Falaise / Ravine) 🔴","score_relieffiltered":100.0},"geometry":{"type":"Polygon","coordinates":[[[3.3916,43.6805],[3.3915,43.6806],[3.3909,43.681],[3.391,43.6811],[3.3912,43.6811],[3.3918,43.681],[3.3924,43.6808],[3.3931,43.6806],[3.3937,43.6806],[3.3942,43.6808],[3.3945,43.681],[3.3946,43.681],[3.3949,43.6811],[3.3948,43.6814],[3.3948,43.6814],[3.3949,43.6815],[3.3953,43.6814],[3.3956,43.6812],[3.3957,43.6812],[3.3963,43.6811],[3.3969,43.6808],[3.398,43.6805],[3.3981,43.6805],[3.3987,43.6804],[3.3993,43.6802],[3.4007,43.6799],[3.4008,43.6799],[3.4012,43.6798],[3.4018,43.6797],[3.4029,43.6797],[3.404,43.6796],[3.4046,43.6798],[3.4051,43.6802],[3.4054,43.6803],[3.4055,43.6803],[3.4058,43.6803],[3.406,43.6799],[3.4059,43.6797],[3.4058,43.6795],[3.4059,43.6793],[3.4061,43.6793],[3.4068,43.6795],[3.4074,43.6797],[3.408,43.6797],[3.4084,43.6794],[3.4085,43.6791],[3.4087,43.679],[3.4091,43.6793],[3.4095,43.6797],[3.4098,43.6796],[3.41,43.6794],[3.4099,43.6791],[3.4095,43.6787],[3.4095,43.6785],[3.4099,43.6782],[3.41,43.6782],[3.4106,43.6778],[3.4112,43.6775],[3.4119,43.6776],[3.4121,43.6776],[3.4121,43.6776],[3.4122,43.6776],[3.4123,43.6776],[3.4126,43.6775],[3.4129,43.6774],[3.4133,43.6775],[3.4134,43.6775],[3.4138,43.6777],[3.4144,43.6777],[3.4147,43.6775],[3.4147,43.6772],[3.4149,43.6768],[3.415,43.6764],[3.415,43.676],[3.4146,43.6756],[3.4142,43.6756],[3.414,43.6756],[3.4139,43.6755],[3.414,43.6753],[3.4138,43.675],[3.4134,43.6748],[3.4126,43.6748],[3.4125,43.6748],[3.4125,43.6748],[3.4122,43.6748],[3.4121,43.675],[3.4121,43.6753],[3.4115,43.6758],[3.4115,43.6761],[3.4112,43.6764],[3.4112,43.6768],[3.411,43.677],[3.4109,43.677],[3.4108,43.6768],[3.4106,43.6767],[3.4104,43.6769],[3.4102,43.6767],[3.4102,43.6767],[3.4111,43.6756],[3.4115,43.6753],[3.4117,43.675],[3.4115,43.6747],[3.4112,43.6747],[3.4109,43.6747],[3.4104,43.6749],[3.4101,43.6748],[3.4094,43.6747],[3.4094,43.6747],[3.4093,43.6747],[3.409,43.6748],[3.4082,43.6753],[3.4081,43.6752],[3.4083,43.675],[3.4084,43.6748],[3.4081,43.6748],[3.4076,43.675],[3.4073,43.6752],[3.4072,43.6752],[3.4068,43.6749],[3.4066,43.6749],[3.4066,43.6749],[3.4065,43.6749],[3.4059,43.6751],[3.4055,43.6752],[3.405,43.6752],[3.4045,43.6756],[3.4044,43.676],[3.4044,43.6762],[3.4049,43.6766],[3.4053,43.6769],[3.4058,43.6771],[3.4061,43.6773],[3.406,43.6775],[3.4054,43.6777],[3.4052,43.6779],[3.4052,43.6781],[3.4053,43.6785],[3.4051,43.6786],[3.4048,43.6785],[3.4046,43.6781],[3.4044,43.6781],[3.404,43.6783],[3.4038,43.6784],[3.4036,43.6783],[3.4036,43.6782],[3.4037,43.6779],[3.4042,43.6774],[3.4045,43.6771],[3.4044,43.6769],[3.4041,43.6767],[3.4034,43.6769],[3.4021,43.6774],[3.4019,43.6774],[3.4016,43.6773],[3.4012,43.6773],[3.4006,43.6774],[3.4,43.6779],[3.3995,43.678],[3.3991,43.6782],[3.3984,43.6782],[3.3981,43.6784],[3.3979,43.6787],[3.3974,43.6789],[3.3974,43.6791],[3.3974,43.6795],[3.3972,43.6799],[3.3969,43.6799],[3.3968,43.6797],[3.3969,43.6794],[3.3968,43.6792],[3.3966,43.6792],[3.3958,43.6794],[3.3954,43.6794],[3.3954,43.6795],[3.3951,43.6797],[3.3948,43.6801],[3.3947,43.6801],[3.3941,43.6798],[3.3937,43.6798],[3.3936,43.6798],[3.3931,43.6799],[3.3927,43.6799],[3.3923,43.6798],[3.3919,43.6801],[3.3916,43.6805]]]}},{"type":"Feature","properties":{"MI_PRINX":3662962.0,"CARTE":264,"CODE":50,"CODE_LEG":50,"NOTATION":"Fy","DESCR":"Blocs, galets et graviers de calcaires siliceux, de grès, de quartz, de lydiennes, de porphyrites et de débris basaltiques (Terrasses glaciaires Würm)","C_FOND":10,"M_FOND":0,"J_FOND":10,"N_FOND":0,"NOM_SYMB":null,"C_SYMB":-1,"M_SYMB":-1,"J_SYMB":-1,"N_SYMB":-1,"ROT_SYMB":0,"score_potentiel":70,"niveau_potentiel":"Très élevé 🌟","pente_degres":31.9,"type_affleurement":"Affleurement Fort (Falaise / Ravine) 🔴","score_relieffiltered":100.0},"geometry":{"type":"Polygon","coordinates":[[[3.3916,43.6805],[3.3916,43.6802],[3.3906,43.6808],[3.3898,43.681],[3.3883,43.6813],[3.3886,43.6815],[3.389,43.6814],[3.3902,43.6811],[3.391,43.6808],[3.3916,43.6805]]]}},{"type":"Feature","properties":{"MI_PRINX":3662971.0,"CARTE":264,"CODE":50,"CODE_LEG":50,"NOTATION":"Fy","DESCR":"Blocs, galets et graviers de calcaires siliceux, de grès, de quartz, de lydiennes, de porphyrites et de débris basaltiques (Terrasses glaciaires Würm)","C_FOND":10,"M_FOND":0,"J_FOND":10,"N_FOND":0,"NOM_SYMB":null,"C_SYMB":-1,"M_SYMB":-1,"J_SYMB":-1,"N_SYMB":-1,"ROT_SYMB":0,"score_potentiel":70,"niveau_potentiel":"Très élevé 🌟","pente_degres":31.9,"type_affleurement":"Affleurement Fort (Falaise / Ravine) 🔴","score_relieffiltered":100.0},"geometry":{"type":"Polygon","coordinates":[[[3.3802,43.6772],[3.3788,43.6776],[3.3774,43.6781],[3.3756,43.679],[3.3754,43.6791],[3.3739,43.6797],[3.3734,43.6801],[3.373,43.6805],[3.3725,43.6807],[3.3722,43.6807],[3.3722,43.6807],[3.3714,43.6808],[3.3708,43.6811],[3.3705,43.6812],[3.3696,43.6812],[3.3693,43.6814],[3.3694,43.6815],[3.3696,43.6815],[3.3701,43.6815],[3.3703,43.6815],[3.3708,43.6815],[3.3715,43.6814],[3.3722,43.6813],[3.3727,43.6813],[3.3731,43.6813],[3.3738,43.6812],[3.3739,43.6812],[3.3745,43.681],[3.3752,43.6806],[3.3755,43.6803],[3.376,43.6798],[3.3768,43.6795],[3.3773,43.6793],[3.3775,43.679],[3.3774,43.6789],[3.3772,43.6789],[3.3771,43.6788],[3.3772,43.6788],[3.378,43.6786],[3.3785,43.6783],[3.3795,43.6779],[3.3803,43.6773],[3.3803,43.6772],[3.3802,43.6772]]]}},{"type":"Feature","properties":{"MI_PRINX":3673174.0,"CARTE":264,"CODE":3441,"CODE_LEG":466,"NOTATION":"o6Gmc","DESCR":"Marnes et calcaires organo-détritiques, fossilifère de Gabian - Ecailles de Cabrières (Ashgill)","C_FOND":25,"M_FOND":10,"J_FOND":50,"N_FOND":0,"NOM_SYMB":null,"C_SYMB":-1,"M_SYMB":-1,"J_SYMB":-1,"N_SYMB":-1,"ROT_SYMB":0,"score_potentiel":80,"niveau_potentiel":"Très élevé 🌟","pente_degres":31.9,"type_affleurement":"Affleurement Fort (Falaise / Ravine) 🔴","score_relieffiltered":100.0},"geometry":{"type":"Polygon","coordinates":[[[3.2561,43.5168],[3.2556,43.5175],[3.2559,43.5175],[3.2562,43.5175],[3.2566,43.5174],[3.2571,43.5173],[3.2575,43.5172],[3.2578,43.5171],[3.2582,43.5169],[3.2585,43.5167],[3.2587,43.5166],[3.2586,43.5164],[3.259,43.5163],[3.2594,43.5163],[3.2599,43.5162],[3.2602,43.5162],[3.2604,43.5163],[3.2607,43.5164],[3.2609,43.5166],[3.2612,43.5169],[3.2614,43.5169],[3.2618,43.5169],[3.262,43.5167],[3.2618,43.5165],[3.2614,43.5164],[3.261,43.5162],[3.2605,43.5161],[3.2602,43.516],[3.2598,43.516],[3.2595,43.516],[3.2591,43.516],[3.2586,43.5161],[3.2582,43.5163],[3.258,43.5164],[3.2577,43.5166],[3.2573,43.5167],[3.2569,43.5168],[3.2566,43.5169],[3.2564,43.5169],[3.2561,43.5168]]]}},{"type":"Feature","properties":{"MI_PRINX":3673176.0,"CARTE":264,"CODE":50,"CODE_LEG":50,"NOTATION":"Fy","DESCR":"Blocs, galets et graviers de calcaires siliceux, de grès, de quartz, de lydiennes, de porphyrites et de débris basaltiques (Terrasses glaciaires Würm)","C_FOND":10,"M_FOND":0,"J_FOND":10,"N_FOND":0,"NOM_SYMB":null,"C_SYMB":-1,"M_SYMB":-1,"J_SYMB":-1,"N_SYMB":-1,"ROT_SYMB":0,"score_potentiel":70,"niveau_potentiel":"Très élevé 🌟","pente_degres":32.9,"type_affleurement":"Affleurement Fort (Falaise / Ravine) 🔴","score_relieffiltered":100.0},"geometry":{"type":"Polygon","coordinates":[[[3.3492,43.4923],[3.3491,43.4924],[3.349,43.4925],[3.3488,43.4927],[3.3485,43.4928],[3.3483,43.4928],[3.3478,43.4928],[3.3471,43.4928],[3.3466,43.4928],[3.3463,43.4929],[3.3458,43.4929],[3.3455,43.493],[3.3451,43.4931],[3.3444,43.4933],[3.3434,43.4936],[3.3428,43.4939],[3.3427,43.494],[3.3426,43.494],[3.3424,43.4941],[3.3421,43.4941],[3.3417,43.4942],[3.3409,43.4944],[3.3403,43.4946],[3.34,43.4947],[3.3399,43.4948],[3.3397,43.495],[3.3394,43.4951],[3.3391,43.4951],[3.3388,43.4951],[3.3386,43.4951],[3.3384,43.4951],[3.3381,43.4952],[3.3379,43.4952],[3.3376,43.4954],[3.3373,43.4956],[3.337,43.4958],[3.3367,43.4959],[3.3364,43.496],[3.3361,43.496],[3.3357,43.496],[3.3354,43.496],[3.3351,43.496],[3.3349,43.4962],[3.3346,43.4963],[3.3343,43.4965],[3.3339,43.4966],[3.3335,43.4967],[3.3331,43.4967],[3.3327,43.4968],[3.3324,43.4968],[3.3321,43.4969],[3.332,43.497],[3.3318,43.4972],[3.3315,43.4974],[3.3313,43.4976],[3.331,43.4978],[3.3307,43.4979],[3.3304,43.4981],[3.33,43.4982],[3.3287,43.4984],[3.3282,43.4987],[3.3277,43.499],[3.3271,43.4995],[3.3266,43.5],[3.3263,43.5002],[3.3256,43.5002],[3.3253,43.5002],[3.3251,43.5005],[3.3252,43.5006],[3.3253,43.5008],[3.3253,43.501],[3.3249,43.5015],[3.3244,43.5019],[3.3242,43.5022],[3.3242,43.5026],[3.3241,43.503],[3.3237,43.5033],[3.3233,43.5037],[3.3228,43.5041],[3.3225,43.5043],[3.322,43.5044],[3.3217,43.5046],[3.3215,43.505],[3.3214,43.5054],[3.321,43.5058],[3.3202,43.5064],[3.3198,43.5067],[3.3198,43.507],[3.3198,43.5074],[3.3196,43.5077],[3.3193,43.5079],[3.319,43.508],[3.3189,43.5082],[3.3187,43.5087],[3.3184,43.5089],[3.3182,43.5091],[3.3181,43.5094],[3.318,43.5096],[3.3177,43.5099],[3.3172,43.51],[3.3166,43.5101],[3.3161,43.5103],[3.3157,43.5107],[3.3154,43.5111],[3.315,43.5117],[3.3144,43.5125],[3.314,43.5131],[3.3136,43.5134],[3.3133,43.5136],[3.3129,43.5137],[3.3125,43.5137],[3.3119,43.5136],[3.3116,43.5136],[3.3116,43.5138],[3.3116,43.5143],[3.3115,43.5145],[3.3112,43.5148],[3.311,43.5151],[3.311,43.5153],[3.3111,43.5156],[3.3115,43.5159],[3.3118,43.5161],[3.3119,43.5164],[3.312,43.5168],[3.3119,43.517],[3.3127,43.5165],[3.3132,43.5162],[3.3134,43.5162],[3.3138,43.5162],[3.3142,43.5163],[3.3147,43.5164],[3.3152,43.5164],[3.3155,43.5164],[3.3158,43.5162],[3.3159,43.516],[3.3159,43.5156],[3.3158,43.5153],[3.3159,43.5151],[3.3161,43.515],[3.3168,43.5148],[3.3175,43.5147],[3.3178,43.5147],[3.3181,43.5148],[3.3183,43.5148],[3.3188,43.5146],[3.3193,43.5144],[3.3195,43.5142],[3.3196,43.5141],[3.3196,43.5139],[3.3195,43.5138],[3.3192,43.5136],[3.3189,43.5134],[3.3186,43.513],[3.3185,43.5127],[3.3186,43.5124],[3.3189,43.5121],[3.3194,43.5118],[3.3199,43.5115],[3.3202,43.5113],[3.3204,43.5111],[3.3205,43.5107],[3.3205,43.5104],[3.3207,43.5101],[3.321,43.5099],[3.3214,43.5098],[3.3217,43.5098],[3.322,43.5098],[3.3223,43.5097],[3.3226,43.5097],[3.3229,43.5097],[3.3232,43.5097],[3.3234,43.5095],[3.3235,43.5094],[3.3234,43.5093],[3.3233,43.5093],[3.3231,43.5093],[3.3229,43.5092],[3.3226,43.5091],[3.3225,43.509],[3.3223,43.509],[3.3221,43.5089],[3.3219,43.5088],[3.3217,43.5085],[3.3215,43.5084],[3.321,43.5083],[3.3205,43.5082],[3.3202,43.5081],[3.3201,43.508],[3.3201,43.508],[3.3203,43.5079],[3.3207,43.5078],[3.3208,43.5077],[3.3211,43.5077],[3.3213,43.5076],[3.3214,43.5074],[3.3214,43.5072],[3.3215,43.507],[3.3216,43.5069],[3.3218,43.5067],[3.3222,43.5066],[3.3225,43.5065],[3.3228,43.5063],[3.323,43.5061],[3.323,43.5059],[3.3231,43.5056],[3.3232,43.5054],[3.3234,43.5052],[3.3236,43.505],[3.3238,43.5048],[3.3241,43.5044],[3.3242,43.504],[3.3244,43.5038],[3.3248,43.5034],[3.3252,43.503],[3.3256,43.5027],[3.326,43.5024],[3.3263,43.5021],[3.3265,43.5019],[3.3268,43.5019],[3.3271,43.5019],[3.3274,43.502],[3.3275,43.5021],[3.3275,43.5023],[3.3275,43.5024],[3.3277,43.5025],[3.3278,43.5027],[3.3279,43.5028],[3.3279,43.503],[3.328,43.5031],[3.328,43.5031],[3.3281,43.503],[3.3283,43.5028],[3.3285,43.5024],[3.3287,43.5021],[3.3288,43.5016],[3.3289,43.501],[3.329,43.5005],[3.3291,43.5002],[3.3293,43.4999],[3.3295,43.4998],[3.3298,43.4997],[3.3302,43.4996],[3.3305,43.4996],[3.3309,43.4996],[3.3315,43.4997],[3.332,43.4999],[3.3325,43.5001],[3.3329,43.5002],[3.3333,43.5002],[3.3335,43.5001],[3.3338,43.4999],[3.334,43.4997],[3.3341,43.4994],[3.3341,43.499],[3.3341,43.4987],[3.3341,43.4983],[3.3343,43.498],[3.3345,43.4978],[3.3348,43.4976],[3.335,43.4975],[3.3354,43.4974],[3.3358,43.4974],[3.3362,43.4974],[3.3365,43.4975],[3.3369,43.4976],[3.3375,43.4976],[3.3378,43.4976],[3.3379,43.4977],[3.3381,43.4977],[3.3382,43.4978],[3.3384,43.4979],[3.3386,43.4978],[3.3387,43.4978],[3.3388,43.4975],[3.339,43.4971],[3.3393,43.4969],[3.3395,43.4966],[3.3399,43.4965],[3.3402,43.4965],[3.3405,43.4965],[3.3407,43.4963],[3.341,43.4962],[3.3413,43.4958],[3.3417,43.4955],[3.3421,43.4953],[3.3424,43.4952],[3.3426,43.495],[3.3428,43.4948],[3.343,43.4945],[3.3433,43.4942],[3.3436,43.494],[3.3439,43.4939],[3.3442,43.4939],[3.3445,43.4939],[3.3449,43.494],[3.3452,43.4941],[3.3455,43.494],[3.3458,43.494],[3.346,43.4939],[3.3463,43.494],[3.3466,43.494],[3.3468,43.494],[3.3471,43.4939],[3.3474,43.4938],[3.3477,43.4936],[3.3481,43.4936],[3.3486,43.4935],[3.3489,43.4934],[3.3492,43.4932],[3.3494,43.4931],[3.3494,43.4929],[3.3493,43.4927],[3.3493,43.4925],[3.3492,43.4923]]]}},{"type":"Feature","properties":{"MI_PRINX":3673180.0,"CARTE":264,"CODE":3442,"CODE_LEG":467,"NOTATION":"o5Gg","DESCR":"Grès et grès quartzitiques à poundingues de galets de quartz à la base de Gabian (Caradoc supérieur)","C_FOND":50,"M_FOND":10,"J_FOND":50,"N_FOND":0,"NOM_SYMB":null,"C_SYMB":-1,"M_SYMB":-1,"J_SYMB":-1,"N_SYMB":-1,"ROT_SYMB":0,"score_potentiel":70,"niveau_potentiel":"Très élevé 🌟","pente_degres":15.1,"type_affleurement":"Affleurement Moyen (Escarpement) 🟠","score_relieffiltered":77.1},"geometry":{"type":"Polygon","coordinates":[[[3.2639,43.5172],[3.2641,43.5174],[3.2644,43.5174],[3.2646,43.5173],[3.2649,43.5172],[3.2649,43.5171],[3.265,43.517],[3.265,43.5168],[3.2651,43.5166],[3.2653,43.5163],[3.2655,43.516],[3.2652,43.516],[3.2646,43.5158],[3.2643,43.5156],[3.2642,43.5155],[3.264,43.5154],[3.2639,43.5157],[3.2637,43.516],[3.2635,43.5162],[3.2636,43.5164],[3.2637,43.5167],[3.2639,43.5169],[3.2639,43.5171],[3.2639,43.5172]]]}},{"type":"Feature","properties":{"MI_PRINX":3673400.0,"CARTE":264,"CODE":3316,"CODE_LEG":424,"NOTATION":"h1MF","DESCR":"Calcaires et lydiennes à nodules phosphatés du Pic de Vissou et de la Serre - Nappes des Monts de Faugères (Tournaisien)","C_FOND":20,"M_FOND":40,"J_FOND":70,"N_FOND":0,"NOM_SYMB":null,"C_SYMB":-1,"M_SYMB":-1,"J_SYMB":-1,"N_SYMB":-1,"ROT_SYMB":0,"score_potentiel":70,"niveau_potentiel":"Très élevé 🌟","pente_degres":15.8,"type_affleurement":"Affleurement Moyen (Escarpement) 🟠","score_relieffiltered":78.1},"geometry":{"type":"Polygon","coordinates":[[[2.9853,43.51],[2.9848,43.51],[2.9846,43.5101],[2.9847,43.5102],[2.9848,43.5103],[2.9851,43.5103],[2.9855,43.5103],[2.9855,43.5102],[2.9855,43.5101],[2.9853,43.51]]]}},{"type":"Feature","properties":{"MI_PRINX":3673401.0,"CARTE":264,"CODE":3316,"CODE_LEG":424,"NOTATION":"h1MF","DESCR":"Calcaires et lydiennes à nodules phosphatés du Pic de Vissou et de la Serre - Nappes des Monts de Faugères (Tournaisien)","C_FOND":20,"M_FOND":40,"J_FOND":70,"N_FOND":0,"NOM_SYMB":null,"C_SYMB":-1,"M_SYMB":-1,"J_SYMB":-1,"N_SYMB":-1,"ROT_SYMB":0,"score_potentiel":70,"niveau_potentiel":"Très élevé 🌟","pente_degres":14.3,"type_affleurement":"Affleurement Moyen (Escarpement) 🟠","score_relieffiltered":76.0},"geometry":{"type":"Polygon","coordinates":[[[2.9818,43.5102],[2.982,43.5103],[2.9822,43.5103],[2.9824,43.5102],[2.9824,43.51],[2.9823,43.5099],[2.9822,43.5098],[2.9818,43.5102]]]}},{"type":"Feature","properties":{"MI_PRINX":3673403.0,"CARTE":264,"CODE":3316,"CODE_LEG":424,"NOTATION":"h1MF","DESCR":"Calcaires et lydiennes à nodules phosphatés du Pic de Vissou et de la Serre - Nappes des Monts de Faugères (Tournaisien)","C_FOND":20,"M_FOND":40,"J_FOND":70,"N_FOND":0,"NOM_SYMB":null,"C_SYMB":-1,"M_SYMB":-1,"J_SYMB":-1,"N_SYMB":-1,"ROT_SYMB":0,"score_potentiel":70,"niveau_potentiel":"Très élevé 🌟","pente_degres":33.3,"type_affleurement":"Affleurement Fort (Falaise / Ravine) 🔴","score_relieffiltered":100.0},"geometry":{"type":"Polygon","coordinates":[[[3.0286,43.5087],[3.0288,43.5082],[3.0287,43.5082],[3.0285,43.5082],[3.0282,43.5082],[3.0278,43.5082],[3.0275,43.5082],[3.0274,43.5082],[3.0273,43.5082],[3.027,43.5082],[3.0268,43.5082],[3.0265,43.5083],[3.0262,43.5084],[3.0257,43.5085],[3.0251,43.5086],[3.0246,43.5087],[3.0242,43.5087],[3.024,43.5087],[3.0236,43.5087],[3.0233,43.5088],[3.0229,43.5088],[3.0227,43.5089],[3.0223,43.5089],[3.0217,43.509],[3.021,43.5091],[3.0205,43.5092],[3.0202,43.5092],[3.02,43.5093],[3.0198,43.5094],[3.0195,43.5094],[3.0193,43.5095],[3.0191,43.5095],[3.0188,43.5094],[3.0185,43.5094],[3.0182,43.5094],[3.0178,43.5094],[3.0175,43.5095],[3.0172,43.5095],[3.0169,43.5094],[3.0165,43.5093],[3.0162,43.5092],[3.0159,43.5091],[3.0156,43.509],[3.0153,43.509],[3.0149,43.509],[3.0144,43.5089],[3.0139,43.5089],[3.0135,43.5088],[3.0131,43.5087],[3.0124,43.5084],[3.0117,43.5082],[3.011,43.5079],[3.0105,43.5076],[3.01,43.5075],[3.0097,43.5074],[3.0094,43.5073],[3.0091,43.5073],[3.0088,43.5072],[3.0086,43.5071],[3.0085,43.5071],[3.0082,43.5071],[3.0078,43.5072],[3.0074,43.5072],[3.007,43.5073],[3.0067,43.5072],[3.0064,43.5071],[3.0061,43.5069],[3.0057,43.5067],[3.0054,43.5064],[3.005,43.5061],[3.0048,43.5061],[3.0047,43.5061],[3.0047,43.5062],[3.0047,43.5064],[3.0047,43.5065],[3.0047,43.5067],[3.0047,43.5069],[3.005,43.507],[3.0054,43.5072],[3.0056,43.5073],[3.0059,43.5074],[3.0061,43.5075],[3.0063,43.5076],[3.0065,43.5076],[3.0069,43.5077],[3.0073,43.5077],[3.0078,43.5077],[3.0082,43.5077],[3.0086,43.5077],[3.0089,43.5078],[3.0092,43.5078],[3.0094,43.5079],[3.0097,43.5081],[3.0101,43.5082],[3.0105,43.5083],[3.0109,43.5085],[3.0113,43.5086],[3.0118,43.5087],[3.0122,43.5088],[3.0127,43.5089],[3.0131,43.509],[3.0134,43.5091],[3.0138,43.5092],[3.0142,43.5094],[3.0146,43.5095],[3.0149,43.5097],[3.0152,43.5098],[3.0154,43.5099],[3.0156,43.5099],[3.0158,43.5099],[3.016,43.51],[3.0163,43.5099],[3.0166,43.5099],[3.017,43.5099],[3.0172,43.5099],[3.0175,43.5099],[3.0177,43.5099],[3.0181,43.5098],[3.0185,43.5098],[3.019,43.5097],[3.0195,43.5097],[3.0201,43.5096],[3.0206,43.5096],[3.0211,43.5096],[3.0216,43.5095],[3.0221,43.5095],[3.0226,43.5095],[3.023,43.5094],[3.0235,43.5093],[3.0241,43.5093],[3.0246,43.5092],[3.0251,43.5091],[3.0255,43.509],[3.0259,43.5089],[3.0262,43.5088],[3.0265,43.5087],[3.0268,43.5087],[3.0271,43.5087],[3.0274,43.5087],[3.0277,43.5087],[3.0279,43.5087],[3.0282,43.5087],[3.0284,43.5087],[3.0286,43.5087]]]}},{"type":"Feature","properties":{"MI_PRINX":3663076.0,"CARTE":264,"CODE":50,"CODE_LEG":50,"NOTATION":"Fy","DESCR":"Blocs, galets et graviers de calcaires siliceux, de grès, de quartz, de lydiennes, de porphyrites et de débris basaltiques (Terrasses glaciaires Würm)","C_FOND":10,"M_FOND":0,"J_FOND":10,"N_FOND":0,"NOM_SYMB":null,"C_SYMB":-1,"M_SYMB":-1,"J_SYMB":-1,"N_SYMB":-1,"ROT_SYMB":0,"score_potentiel":70,"niveau_potentiel":"Très élevé 🌟","pente_degres":19.3,"type_affleurement":"Affleurement Moyen (Escarpement) 🟠","score_relieffiltered":83.0},"geometry":{"type":"Polygon","coordinates":[[[3.3356,43.6778],[3.3354,43.6779],[3.3359,43.6781],[3.336,43.6781],[3.3367,43.6783],[3.337,43.6783],[3.3374,43.6784],[3.3377,43.6784],[3.3378,43.6784],[3.3378,43.6784],[3.338,43.6782],[3.3377,43.678],[3.3371,43.6779],[3.3368,43.6779],[3.336,43.6778],[3.3356,43.6778]]]}},{"type":"Feature","properties":{"MI_PRINX":3673274.0,"CARTE":264,"CODE":50,"CODE_LEG":50,"NOTATION":"Fy","DESCR":"Blocs, galets et graviers de calcaires siliceux, de grès, de quartz, de lydiennes, de porphyrites et de débris basaltiques (Terrasses glaciaires Würm)","C_FOND":10,"M_FOND":0,"J_FOND":10,"N_FOND":0,"NOM_SYMB":null,"C_SYMB":-1,"M_SYMB":-1,"J_SYMB":-1,"N_SYMB":-1,"ROT_SYMB":0,"score_potentiel":70,"niveau_potentiel":"Très élevé 🌟","pente_degres":33.0,"type_affleurement":"Affleurement Fort (Falaise / Ravine) 🔴","score_relieffiltered":100.0},"geometry":{"type":"Polygon","coordinates":[[[3.3484,43.5022],[3.3485,43.502],[3.3487,43.5019],[3.349,43.5017],[3.3493,43.5015],[3.3497,43.5014],[3.35,43.5012],[3.3503,43.501],[3.3505,43.5008],[3.3506,43.5007],[3.3506,43.5004],[3.3507,43.5002],[3.3508,43.5],[3.3509,43.4998],[3.3511,43.4996],[3.3514,43.4994],[3.3517,43.4993],[3.352,43.4992],[3.3523,43.4991],[3.3525,43.499],[3.3528,43.499],[3.353,43.499],[3.3532,43.499],[3.3535,43.499],[3.3537,43.4989],[3.3539,43.4988],[3.354,43.4986],[3.3541,43.4984],[3.3541,43.4982],[3.3543,43.498],[3.3544,43.4977],[3.3546,43.4975],[3.355,43.4973],[3.3553,43.497],[3.3558,43.4967],[3.3563,43.4964],[3.3567,43.4962],[3.357,43.496],[3.3573,43.4959],[3.3577,43.4958],[3.358,43.4957],[3.3583,43.4955],[3.3587,43.4953],[3.3592,43.4949],[3.3604,43.4941],[3.3619,43.493],[3.3631,43.4922],[3.3637,43.4918],[3.364,43.4915],[3.3645,43.4911],[3.3649,43.4909],[3.3651,43.4907],[3.3653,43.4905],[3.3655,43.4903],[3.3658,43.4901],[3.3661,43.4899],[3.3664,43.4896],[3.3667,43.4893],[3.367,43.489],[3.3672,43.4888],[3.3674,43.4886],[3.3676,43.4884],[3.3679,43.4883],[3.3683,43.4882],[3.3686,43.488],[3.3689,43.4879],[3.3692,43.4878],[3.3695,43.4876],[3.3698,43.4874],[3.37,43.4872],[3.3703,43.4869],[3.3706,43.4866],[3.3706,43.4865],[3.3705,43.4862],[3.3705,43.4859],[3.3704,43.4855],[3.3702,43.485],[3.37,43.4845],[3.3699,43.4841],[3.3698,43.4838],[3.3698,43.4836],[3.3698,43.4835],[3.3698,43.4834],[3.3697,43.4832],[3.3695,43.4834],[3.3694,43.4835],[3.3692,43.4836],[3.369,43.4838],[3.3688,43.4838],[3.3687,43.4839],[3.3685,43.484],[3.3684,43.484],[3.3683,43.4841],[3.3683,43.4843],[3.3682,43.4844],[3.3681,43.4846],[3.368,43.4847],[3.368,43.4848],[3.3679,43.485],[3.3678,43.4851],[3.3676,43.4853],[3.3674,43.4855],[3.3671,43.4857],[3.3668,43.486],[3.3665,43.4862],[3.3661,43.4864],[3.3658,43.4865],[3.3655,43.4866],[3.3652,43.4867],[3.365,43.4868],[3.3647,43.4869],[3.3645,43.4869],[3.3643,43.4869],[3.3641,43.4869],[3.3638,43.4869],[3.3635,43.4869],[3.3633,43.4868],[3.363,43.4867],[3.3628,43.4866],[3.3627,43.4866],[3.3625,43.4865],[3.3624,43.4863],[3.3623,43.4862],[3.3621,43.486],[3.3619,43.4858],[3.3617,43.4856],[3.3615,43.4854],[3.3613,43.4853],[3.3612,43.4852],[3.361,43.4851],[3.3609,43.4851],[3.3607,43.485],[3.3606,43.485],[3.3605,43.485],[3.3603,43.4851],[3.3602,43.4851],[3.3601,43.4852],[3.36,43.4852],[3.3599,43.4853],[3.3599,43.4854],[3.3598,43.4856],[3.3598,43.4858],[3.3597,43.486],[3.3596,43.4862],[3.3596,43.4865],[3.3595,43.4867],[3.3594,43.4868],[3.3592,43.4869],[3.3591,43.4871],[3.3589,43.4872],[3.3588,43.4874],[3.3586,43.4876],[3.3586,43.4877],[3.3586,43.4879],[3.3586,43.4881],[3.3586,43.4884],[3.3586,43.4886],[3.3586,43.4889],[3.3586,43.4891],[3.3587,43.4892],[3.3588,43.4893],[3.3588,43.4895],[3.3588,43.4896],[3.3588,43.4897],[3.3588,43.4898],[3.3587,43.4899],[3.3586,43.4901],[3.3585,43.4902],[3.3584,43.4904],[3.3582,43.4905],[3.358,43.4907],[3.3579,43.4908],[3.3578,43.491],[3.3577,43.4911],[3.3576,43.4913],[3.3576,43.4915],[3.3576,43.4916],[3.3576,43.4918],[3.3576,43.492],[3.3576,43.4921],[3.3576,43.4922],[3.3575,43.4923],[3.3574,43.4923],[3.3573,43.4924],[3.3572,43.4924],[3.3571,43.4924],[3.3569,43.4924],[3.3568,43.4925],[3.3566,43.4925],[3.3564,43.4926],[3.3562,43.4928],[3.356,43.4929],[3.3559,43.4931],[3.3557,43.4933],[3.3556,43.4934],[3.3555,43.4935],[3.3553,43.4936],[3.3553,43.4937],[3.3552,43.4937],[3.3551,43.4937],[3.355,43.4937],[3.3549,43.4937],[3.3547,43.4937],[3.3545,43.4937],[3.3544,43.4937],[3.3542,43.4938],[3.3541,43.4938],[3.354,43.4938],[3.3539,43.4939],[3.3538,43.494],[3.3537,43.4941],[3.3536,43.4942],[3.3535,43.4943],[3.3534,43.4944],[3.3533,43.4945],[3.3532,43.4946],[3.3531,43.4947],[3.353,43.4947],[3.3528,43.4947],[3.3526,43.4948],[3.3524,43.4948],[3.3523,43.4948],[3.3521,43.4949],[3.3519,43.495],[3.3518,43.4951],[3.3517,43.4952],[3.3516,43.4954],[3.3514,43.4955],[3.3513,43.4957],[3.3512,43.4959],[3.3512,43.496],[3.3511,43.496],[3.351,43.4961],[3.3509,43.4961],[3.3507,43.4961],[3.3506,43.4962],[3.3504,43.4963],[3.3501,43.4965],[3.3499,43.4967],[3.3498,43.4969],[3.3496,43.4973],[3.3494,43.4976],[3.3492,43.498],[3.349,43.4982],[3.3488,43.4983],[3.3486,43.4983],[3.3484,43.4983],[3.3483,43.4983],[3.3482,43.4983],[3.3482,43.4982],[3.3483,43.4981],[3.3483,43.4981],[3.3485,43.4979],[3.3486,43.4977],[3.3488,43.4975],[3.3488,43.4973],[3.3487,43.4971],[3.3487,43.4969],[3.3488,43.4967],[3.3489,43.4964],[3.3491,43.4962],[3.3494,43.4959],[3.3497,43.4957],[3.3501,43.4956],[3.3505,43.4954],[3.3508,43.4954],[3.351,43.4952],[3.3514,43.4949],[3.3519,43.4945],[3.3523,43.494],[3.3525,43.4937],[3.3526,43.4933],[3.3527,43.4929],[3.3528,43.4926],[3.3529,43.4923],[3.3531,43.4921],[3.3533,43.4918],[3.3535,43.4917],[3.3537,43.4916],[3.354,43.4915],[3.3542,43.4915],[3.3544,43.4916],[3.3545,43.4918],[3.3546,43.492],[3.3547,43.4923],[3.3548,43.4925],[3.3549,43.4925],[3.3551,43.4925],[3.3552,43.4925],[3.3553,43.4925],[3.3554,43.4924],[3.3555,43.4922],[3.3555,43.492],[3.3556,43.4918],[3.3557,43.4917],[3.3559,43.4915],[3.3561,43.4914],[3.3562,43.4913],[3.3562,43.4912],[3.3561,43.4911],[3.356,43.491],[3.3558,43.4909],[3.3554,43.4908],[3.3549,43.4908],[3.3544,43.4908],[3.354,43.4907],[3.3535,43.4905],[3.353,43.4904],[3.3527,43.4903],[3.3524,43.4902],[3.3522,43.4902],[3.3519,43.4903],[3.3517,43.4905],[3.3515,43.4907],[3.3513,43.491],[3.3511,43.4914],[3.3509,43.492],[3.3508,43.4923],[3.3507,43.4925],[3.3504,43.4927],[3.3502,43.4929],[3.35,43.4931],[3.35,43.4932],[3.35,43.4934],[3.3501,43.4936],[3.3501,43.4939],[3.35,43.4942],[3.3499,43.4944],[3.3497,43.4946],[3.3494,43.4948],[3.3491,43.495],[3.3488,43.4952],[3.3484,43.4952],[3.348,43.4953],[3.3477,43.4953],[3.3474,43.4953],[3.347,43.4952],[3.3466,43.4951],[3.3462,43.495],[3.3458,43.4948],[3.3454,43.4947],[3.345,43.4947],[3.3447,43.4947],[3.3443,43.4947],[3.344,43.4948],[3.3436,43.4949],[3.343,43.4953],[3.3421,43.4958],[3.3412,43.4964],[3.3405,43.4969],[3.3401,43.4972],[3.3401,43.4973],[3.3401,43.4975],[3.3401,43.4978],[3.3402,43.498],[3.3403,43.4983],[3.3402,43.4985],[3.3401,43.4987],[3.3399,43.4988],[3.3396,43.4991],[3.3391,43.4993],[3.3388,43.4994],[3.3385,43.4994],[3.3384,43.4993],[3.3382,43.4992],[3.3379,43.4992],[3.3376,43.4991],[3.3373,43.4991],[3.3371,43.4991],[3.3369,43.4992],[3.3366,43.4993],[3.3362,43.4994],[3.3357,43.4995],[3.3352,43.4996],[3.3352,43.4997],[3.3353,43.5],[3.3354,43.5002],[3.3354,43.5005],[3.3354,43.5007],[3.3352,43.501],[3.335,43.5012],[3.3348,43.5014],[3.3345,43.5015],[3.3342,43.5016],[3.3338,43.5017],[3.3333,43.5017],[3.333,43.5017],[3.3327,43.5016],[3.3324,43.5016],[3.3321,43.5017],[3.3319,43.5019],[3.3317,43.5021],[3.3314,43.5021],[3.331,43.5022],[3.3306,43.5023],[3.3302,43.5024],[3.3299,43.5026],[3.3296,43.5029],[3.3293,43.5031],[3.3291,43.5033],[3.3288,43.5034],[3.3284,43.5034],[3.328,43.5035],[3.3277,43.5036],[3.3274,43.5038],[3.3271,43.5039],[3.3268,43.5039],[3.3265,43.5039],[3.326,43.5038],[3.3256,43.5037],[3.3254,43.5037],[3.3251,43.5038],[3.325,43.504],[3.3248,43.5043],[3.3246,43.5048],[3.3243,43.5055],[3.3241,43.506],[3.3239,43.5065],[3.3237,43.5069],[3.3234,43.5071],[3.3232,43.5071],[3.323,43.5071],[3.3227,43.5071],[3.3225,43.507],[3.3223,43.507],[3.3223,43.507],[3.3222,43.5071],[3.3222,43.5072],[3.3223,43.5074],[3.3224,43.5076],[3.3226,43.5077],[3.323,43.5079],[3.3235,43.5082],[3.3242,43.5085],[3.3246,43.5089],[3.3249,43.5092],[3.325,43.5095],[3.3249,43.5097],[3.3249,43.51],[3.3247,43.5104],[3.3245,43.5106],[3.3243,43.5107],[3.3241,43.5108],[3.3238,43.5108],[3.3236,43.5108],[3.3234,43.5109],[3.3232,43.5112],[3.3228,43.5115],[3.3225,43.5116],[3.3221,43.5116],[3.3216,43.5116],[3.3214,43.5116],[3.3213,43.5118],[3.3215,43.512],[3.3216,43.5123],[3.3217,43.5126],[3.3216,43.5129],[3.3213,43.5132],[3.3213,43.5135],[3.3214,43.5138],[3.3215,43.5136],[3.3217,43.5134],[3.3219,43.5131],[3.3221,43.5128],[3.3222,43.5127],[3.3223,43.5126],[3.3227,43.5124],[3.3231,43.5123],[3.3235,43.5121],[3.3238,43.512],[3.324,43.5119],[3.3241,43.5118],[3.3244,43.5117],[3.3248,43.5116],[3.3251,43.5114],[3.3254,43.5112],[3.3257,43.511],[3.3261,43.5107],[3.3263,43.5104],[3.3265,43.5102],[3.3266,43.51],[3.3267,43.5096],[3.3269,43.5091],[3.3271,43.5087],[3.3273,43.5083],[3.3276,43.5078],[3.328,43.5072],[3.3284,43.5067],[3.3289,43.5062],[3.3294,43.5057],[3.33,43.5053],[3.3307,43.5048],[3.3315,43.5043],[3.3324,43.5039],[3.3336,43.5034],[3.3347,43.5029],[3.3357,43.5026],[3.3368,43.5023],[3.3382,43.5019],[3.3393,43.5015],[3.3398,43.5014],[3.34,43.5013],[3.3402,43.5012],[3.3406,43.501],[3.3409,43.5008],[3.3411,43.5006],[3.3415,43.5003],[3.3419,43.4999],[3.3424,43.4995],[3.3428,43.4991],[3.3432,43.4987],[3.3436,43.4984],[3.344,43.4981],[3.3444,43.4979],[3.3447,43.4977],[3.345,43.4976],[3.3453,43.4975],[3.3456,43.4974],[3.346,43.4974],[3.3462,43.4974],[3.3465,43.4974],[3.3467,43.4975],[3.3469,43.4976],[3.347,43.4977],[3.347,43.4978],[3.3469,43.4981],[3.3468,43.4984],[3.3465,43.4987],[3.3463,43.499],[3.3462,43.4993],[3.3461,43.4996],[3.346,43.5],[3.346,43.5004],[3.346,43.5009],[3.346,43.5012],[3.346,43.5014],[3.3459,43.5016],[3.3458,43.5018],[3.3456,43.502],[3.3455,43.5021],[3.3453,43.5022],[3.3452,43.5023],[3.345,43.5023],[3.3449,43.5025],[3.3448,43.5027],[3.3447,43.5029],[3.3446,43.5032],[3.3446,43.5033],[3.3445,43.5034],[3.3444,43.5035],[3.3442,43.5036],[3.344,43.5037],[3.3437,43.5038],[3.3435,43.5039],[3.3434,43.504],[3.3434,43.5041],[3.3434,43.5041],[3.3434,43.5042],[3.3434,43.5042],[3.3436,43.5042],[3.3438,43.5043],[3.344,43.5042],[3.3443,43.5042],[3.3444,43.5041],[3.3446,43.5041],[3.3447,43.5041],[3.3448,43.5042],[3.345,43.5042],[3.3452,43.5044],[3.3453,43.5046],[3.3454,43.5047],[3.3455,43.5049],[3.3455,43.5051],[3.3455,43.5054],[3.3455,43.5056],[3.3454,43.5059],[3.3453,43.5061],[3.3453,43.5062],[3.3453,43.5063],[3.3454,43.5064],[3.3455,43.5065],[3.3458,43.5067],[3.346,43.5069],[3.3462,43.507],[3.3463,43.5072],[3.3463,43.5073],[3.3464,43.5074],[3.3464,43.5075],[3.3464,43.5075],[3.3465,43.5075],[3.3466,43.5075],[3.3466,43.5075],[3.3466,43.5075],[3.3467,43.5074],[3.3468,43.5072],[3.3469,43.507],[3.347,43.5067],[3.347,43.5065],[3.347,43.5063],[3.3469,43.506],[3.3468,43.5056],[3.3466,43.5053],[3.3465,43.505],[3.3465,43.5048],[3.3464,43.5046],[3.3465,43.5043],[3.3466,43.5041],[3.3468,43.5038],[3.3469,43.5036],[3.3471,43.5034],[3.3473,43.5034],[3.3475,43.5033],[3.3477,43.5032],[3.3478,43.503],[3.3479,43.5028],[3.348,43.5026],[3.3482,43.5024],[3.3483,43.5022],[3.3484,43.5022]]]}},{"type":"Feature","properties":{"MI_PRINX":3673287.0,"CARTE":264,"CODE":3442,"CODE_LEG":467,"NOTATION":"o5Gg","DESCR":"Grès et grès quartzitiques à poundingues de galets de quartz à la base de Gabian (Caradoc supérieur)","C_FOND":50,"M_FOND":10,"J_FOND":50,"N_FOND":0,"NOM_SYMB":null,"C_SYMB":-1,"M_SYMB":-1,"J_SYMB":-1,"N_SYMB":-1,"ROT_SYMB":0,"score_potentiel":70,"niveau_potentiel":"Très élevé 🌟","pente_degres":20.4,"type_affleurement":"Affleurement Moyen (Escarpement) 🟠","score_relieffiltered":84.6},"geometry":{"type":"Polygon","coordinates":[[[3.2282,43.5135],[3.2284,43.5136],[3.2286,43.5136],[3.2289,43.5136],[3.2292,43.5136],[3.2295,43.5136],[3.2298,43.5135],[3.23,43.5134],[3.23,43.5133],[3.2299,43.5132],[3.2298,43.513],[3.2296,43.5132],[3.2294,43.5133],[3.229,43.5134],[3.2287,43.5135],[3.2282,43.5135]]]}},{"type":"Feature","properties":{"MI_PRINX":3673480.0,"CARTE":264,"CODE":3316,"CODE_LEG":424,"NOTATION":"h1MF","DESCR":"Calcaires et lydiennes à nodules phosphatés du Pic de Vissou et de la Serre - Nappes des Monts de Faugères (Tournaisien)","C_FOND":20,"M_FOND":40,"J_FOND":70,"N_FOND":0,"NOM_SYMB":null,"C_SYMB":-1,"M_SYMB":-1,"J_SYMB":-1,"N_SYMB":-1,"ROT_SYMB":0,"score_potentiel":70,"niveau_potentiel":"Très élevé 🌟","pente_degres":31.4,"type_affleurement":"Affleurement Fort (Falaise / Ravine) 🔴","score_relieffiltered":100.0},"geometry":{"type":"Polygon","coordinates":[[[3.0641,43.5064],[3.0643,43.5063],[3.0649,43.5061],[3.0655,43.5058],[3.0661,43.5056],[3.0665,43.5055],[3.0667,43.5054],[3.0669,43.5054],[3.067,43.5054],[3.0671,43.5054],[3.0672,43.5054],[3.0673,43.5053],[3.0676,43.5051],[3.068,43.5048],[3.0684,43.5045],[3.0687,43.5043],[3.0685,43.5044],[3.0684,43.5044],[3.0681,43.5044],[3.0679,43.5045],[3.0676,43.5045],[3.0673,43.5046],[3.0669,43.5048],[3.0666,43.5049],[3.0662,43.5051],[3.0658,43.5053],[3.0653,43.5055],[3.0649,43.5057],[3.0645,43.506],[3.0641,43.5064]]]}},{"type":"Feature","properties":{"MI_PRINX":3662931.0,"CARTE":264,"CODE":50,"CODE_LEG":50,"NOTATION":"Fy","DESCR":"Blocs, galets et graviers de calcaires siliceux, de grès, de quartz, de lydiennes, de porphyrites et de débris basaltiques (Terrasses glaciaires Würm)","C_FOND":10,"M_FOND":0,"J_FOND":10,"N_FOND":0,"NOM_SYMB":null,"C_SYMB":-1,"M_SYMB":-1,"J_SYMB":-1,"N_SYMB":-1,"ROT_SYMB":0,"score_potentiel":70,"niveau_potentiel":"Très élevé 🌟","pente_degres":19.3,"type_affleurement":"Affleurement Moyen (Escarpement) 🟠","score_relieffiltered":83.0},"geometry":{"type":"Polygon","coordinates":[[[3.2865,43.6794],[3.2865,43.6795],[3.2871,43.6799],[3.2873,43.6803],[3.2873,43.6804],[3.2877,43.6807],[3.2881,43.681],[3.2882,43.6813],[3.2879,43.6817],[3.2875,43.682],[3.2871,43.6822],[3.2869,43.6824],[3.2864,43.6829],[3.2862,43.6832],[3.2865,43.6834],[3.2868,43.6834],[3.2871,43.6833],[3.2875,43.6833],[3.2877,43.6834],[3.2881,43.6834],[3.2884,43.6833],[3.2885,43.6833],[3.2892,43.683],[3.2904,43.6821],[3.291,43.6815],[3.2911,43.681],[3.291,43.6807],[3.2908,43.6807],[3.2903,43.6809],[3.2899,43.6807],[3.2895,43.6805],[3.2891,43.6805],[3.2887,43.6807],[3.2883,43.6805],[3.288,43.6799],[3.2875,43.6796],[3.2874,43.6796],[3.287,43.6795],[3.2867,43.6794],[3.2865,43.6794]]]}},{"type":"Feature","properties":{"MI_PRINX":3663050.0,"CARTE":264,"CODE":50,"CODE_LEG":50,"NOTATION":"Fy","DESCR":"Blocs, galets et graviers de calcaires siliceux, de grès, de quartz, de lydiennes, de porphyrites et de débris basaltiques (Terrasses glaciaires Würm)","C_FOND":10,"M_FOND":0,"J_FOND":10,"N_FOND":0,"NOM_SYMB":null,"C_SYMB":-1,"M_SYMB":-1,"J_SYMB":-1,"N_SYMB":-1,"ROT_SYMB":0,"score_potentiel":70,"niveau_potentiel":"Très élevé 🌟","pente_degres":31.3,"type_affleurement":"Affleurement Fort (Falaise / Ravine) 🔴","score_relieffiltered":99.8},"geometry":{"type":"Polygon","coordinates":[[[3.4242,43.6784],[3.4243,43.6783],[3.4242,43.6779],[3.4242,43.6778],[3.4243,43.6775],[3.425,43.6771],[3.4254,43.6766],[3.4258,43.6764],[3.4263,43.6761],[3.4265,43.6757],[3.4262,43.6753],[3.426,43.675],[3.426,43.6748],[3.4261,43.6745],[3.4266,43.6739],[3.427,43.6734],[3.4279,43.6725],[3.4283,43.6719],[3.4283,43.6715],[3.4284,43.6711],[3.4287,43.6706],[3.4289,43.67],[3.4293,43.6697],[3.4301,43.6695],[3.4306,43.6695],[3.431,43.6695],[3.4317,43.6697],[3.4318,43.67],[3.4316,43.6705],[3.4317,43.6706],[3.4319,43.6707],[3.4322,43.6707],[3.4323,43.6707],[3.4326,43.6707],[3.4332,43.6701],[3.4338,43.67],[3.4339,43.67],[3.4342,43.6699],[3.4344,43.6699],[3.4347,43.67],[3.4352,43.6696],[3.4355,43.6692],[3.4357,43.6684],[3.4356,43.6681],[3.4353,43.6679],[3.4352,43.6679],[3.4351,43.6679],[3.4347,43.668],[3.4341,43.6683],[3.4334,43.6684],[3.4331,43.6687],[3.4329,43.6689],[3.4326,43.6687],[3.4327,43.6685],[3.4324,43.6682],[3.4324,43.6682],[3.4319,43.668],[3.4319,43.6679],[3.4321,43.6677],[3.4326,43.6677],[3.4329,43.6677],[3.4332,43.6675],[3.433,43.6672],[3.4329,43.6672],[3.4326,43.6672],[3.4323,43.6671],[3.4322,43.6671],[3.4312,43.6671],[3.4307,43.6671],[3.4306,43.6671],[3.4306,43.6672],[3.4305,43.6672],[3.4302,43.6671],[3.43,43.6672],[3.4299,43.6672],[3.4295,43.6671],[3.4292,43.6671],[3.4291,43.6671],[3.4288,43.6672],[3.4287,43.6672],[3.4286,43.6672],[3.4281,43.6673],[3.428,43.6673],[3.4276,43.6676],[3.4274,43.6679],[3.4273,43.6686],[3.427,43.6693],[3.4265,43.6697],[3.4262,43.6699],[3.4261,43.6701],[3.426,43.6704],[3.426,43.6707],[3.4258,43.6708],[3.4255,43.6709],[3.4254,43.6709],[3.4249,43.6712],[3.4244,43.6718],[3.4235,43.6722],[3.4234,43.6724],[3.4236,43.6725],[3.4242,43.6723],[3.4244,43.6722],[3.4246,43.6724],[3.4244,43.6727],[3.4237,43.6731],[3.4235,43.6736],[3.4234,43.674],[3.4234,43.6742],[3.4236,43.6748],[3.4237,43.6752],[3.4236,43.6754],[3.4236,43.6758],[3.4241,43.6762],[3.4242,43.6763],[3.4239,43.6765],[3.4236,43.6768],[3.4235,43.6771],[3.4234,43.6772],[3.4235,43.6777],[3.4235,43.6778],[3.4242,43.6784]]]}},{"type":"Feature","properties":{"MI_PRINX":3663251.0,"CARTE":264,"CODE":50,"CODE_LEG":50,"NOTATION":"Fy","DESCR":"Blocs, galets et graviers de calcaires siliceux, de grès, de quartz, de lydiennes, de porphyrites et de débris basaltiques (Terrasses glaciaires Würm)","C_FOND":10,"M_FOND":0,"J_FOND":10,"N_FOND":0,"NOM_SYMB":null,"C_SYMB":-1,"M_SYMB":-1,"J_SYMB":-1,"N_SYMB":-1,"ROT_SYMB":0,"score_potentiel":70,"niveau_potentiel":"Très élevé 🌟","pente_degres":32.1,"type_affleurement":"Affleurement Fort (Falaise / Ravine) 🔴","score_relieffiltered":100.0},"geometry":{"type":"Polygon","coordinates":[[[3.4119,43.666],[3.4119,43.6665],[3.4118,43.6669],[3.4118,43.6678],[3.4121,43.6681],[3.4128,43.6686],[3.415,43.6694],[3.4159,43.6698],[3.4168,43.6703],[3.4182,43.6709],[3.4184,43.6709],[3.4191,43.6707],[3.4195,43.6707],[3.4198,43.6705],[3.4206,43.6693],[3.4215,43.6684],[3.4219,43.668],[3.4219,43.6678],[3.4221,43.6675],[3.4228,43.6675],[3.4228,43.6675],[3.4232,43.6674],[3.4252,43.6663],[3.4259,43.666],[3.4264,43.666],[3.427,43.6661],[3.4271,43.6661],[3.4278,43.6662],[3.4281,43.6661],[3.4282,43.6661],[3.4292,43.6659],[3.4294,43.6659],[3.4304,43.6658],[3.4313,43.6659],[3.4319,43.6659],[3.4321,43.666],[3.433,43.6661],[3.4337,43.6661],[3.434,43.6661],[3.4341,43.6661],[3.4354,43.6658],[3.4356,43.6655],[3.4356,43.6653],[3.4353,43.6648],[3.4347,43.6644],[3.4346,43.6644],[3.4338,43.6642],[3.4333,43.6642],[3.4332,43.6643],[3.4331,43.6643],[3.4328,43.664],[3.4327,43.6638],[3.4323,43.6634],[3.4321,43.6631],[3.4315,43.6626],[3.4312,43.6625],[3.431,43.6627],[3.4315,43.6636],[3.4315,43.6642],[3.4314,43.6645],[3.4315,43.6647],[3.4311,43.6652],[3.431,43.6652],[3.4307,43.6653],[3.4306,43.6653],[3.4303,43.6653],[3.4303,43.6653],[3.4295,43.6653],[3.4294,43.6653],[3.4293,43.6654],[3.4292,43.6654],[3.4287,43.6655],[3.4283,43.6655],[3.4282,43.6655],[3.4266,43.6655],[3.4261,43.6655],[3.4257,43.6656],[3.4249,43.6659],[3.4239,43.6663],[3.4231,43.6665],[3.423,43.6665],[3.4229,43.6665],[3.4223,43.6665],[3.4214,43.6665],[3.4208,43.6664],[3.4207,43.6663],[3.4203,43.6663],[3.4198,43.6663],[3.4191,43.6667],[3.4185,43.6668],[3.418,43.6667],[3.4175,43.6667],[3.4162,43.6676],[3.4161,43.6676],[3.4157,43.6677],[3.4152,43.6676],[3.4147,43.6673],[3.4139,43.6669],[3.4138,43.6669],[3.4136,43.6668],[3.4134,43.6668],[3.4128,43.6665],[3.4125,43.666],[3.4122,43.6657],[3.412,43.6657],[3.412,43.6658],[3.4119,43.666]]]}},{"type":"Feature","properties":{"MI_PRINX":3673359.0,"CARTE":264,"CODE":50,"CODE_LEG":50,"NOTATION":"Fy","DESCR":"Blocs, galets et graviers de calcaires siliceux, de grès, de quartz, de lydiennes, de porphyrites et de débris basaltiques (Terrasses glaciaires Würm)","C_FOND":10,"M_FOND":0,"J_FOND":10,"N_FOND":0,"NOM_SYMB":null,"C_SYMB":-1,"M_SYMB":-1,"J_SYMB":-1,"N_SYMB":-1,"ROT_SYMB":0,"score_potentiel":70,"niveau_potentiel":"Très élevé 🌟","pente_degres":16.5,"type_affleurement":"Affleurement Moyen (Escarpement) 🟠","score_relieffiltered":79.1},"geometry":{"type":"Polygon","coordinates":[[[3.2769,43.5096],[3.277,43.5097],[3.2771,43.5097],[3.2772,43.5097],[3.2774,43.5097],[3.2775,43.5097],[3.2776,43.5097],[3.2777,43.5097],[3.2777,43.5096],[3.2778,43.5095],[3.2779,43.5094],[3.2779,43.5093],[3.2779,43.5093],[3.278,43.5091],[3.278,43.5089],[3.278,43.5087],[3.2779,43.5085],[3.2779,43.5083],[3.2779,43.5081],[3.278,43.5079],[3.278,43.5078],[3.2781,43.5077],[3.2782,43.5077],[3.2783,43.5076],[3.2785,43.5075],[3.2786,43.5074],[3.2788,43.5073],[3.2789,43.5072],[3.279,43.5071],[3.279,43.5069],[3.279,43.5067],[3.2789,43.5065],[3.2789,43.5063],[3.2789,43.5063],[3.2788,43.5062],[3.2787,43.5063],[3.2784,43.5063],[3.2781,43.5063],[3.2778,43.5064],[3.2775,43.5066],[3.2774,43.5069],[3.2772,43.5072],[3.2769,43.5075],[3.2767,43.5077],[3.2764,43.508],[3.2762,43.5082],[3.2761,43.5085],[3.2762,43.5087],[3.2763,43.509],[3.2766,43.5093],[3.2769,43.5096]]]}},{"type":"Feature","properties":{"MI_PRINX":3673373.0,"CARTE":264,"CODE":3316,"CODE_LEG":424,"NOTATION":"h1MF","DESCR":"Calcaires et lydiennes à nodules phosphatés du Pic de Vissou et de la Serre - Nappes des Monts de Faugères (Tournaisien)","C_FOND":20,"M_FOND":40,"J_FOND":70,"N_FOND":0,"NOM_SYMB":null,"C_SYMB":-1,"M_SYMB":-1,"J_SYMB":-1,"N_SYMB":-1,"ROT_SYMB":0,"score_potentiel":70,"niveau_potentiel":"Très élevé 🌟","pente_degres":33.5,"type_affleurement":"Affleurement Fort (Falaise / Ravine) 🔴","score_relieffiltered":100.0},"geometry":{"type":"Polygon","coordinates":[[[3.0339,43.511],[3.0341,43.5111],[3.0343,43.5111],[3.0346,43.5111],[3.0349,43.5111],[3.0352,43.511],[3.0356,43.511],[3.036,43.5109],[3.0364,43.5108],[3.0367,43.5107],[3.0371,43.5106],[3.0375,43.5104],[3.038,43.5102],[3.0384,43.5101],[3.0387,43.51],[3.039,43.51],[3.0393,43.51],[3.0398,43.51],[3.0404,43.51],[3.041,43.51],[3.0416,43.51],[3.042,43.51],[3.0424,43.5099],[3.0428,43.5099],[3.0432,43.5098],[3.0437,43.5098],[3.0443,43.5097],[3.0448,43.5096],[3.0453,43.5096],[3.0458,43.5095],[3.0463,43.5095],[3.0468,43.5095],[3.0473,43.5095],[3.0477,43.5095],[3.0482,43.5095],[3.0487,43.5095],[3.0492,43.5096],[3.0499,43.5096],[3.0506,43.5096],[3.0512,43.5095],[3.0517,43.5095],[3.0523,43.5094],[3.0531,43.5093],[3.0539,43.5092],[3.0546,43.5092],[3.055,43.5091],[3.0554,43.509],[3.0558,43.5089],[3.0562,43.5089],[3.0565,43.5088],[3.0566,43.5088],[3.0568,43.5088],[3.057,43.5088],[3.0573,43.5088],[3.0574,43.5088],[3.0575,43.5088],[3.0576,43.5088],[3.0576,43.5089],[3.0577,43.5089],[3.0581,43.5087],[3.0583,43.5085],[3.0585,43.5083],[3.0581,43.5083],[3.0576,43.5084],[3.0571,43.5084],[3.0566,43.5085],[3.0561,43.5086],[3.0557,43.5087],[3.0553,43.5087],[3.0547,43.5088],[3.054,43.5089],[3.0531,43.509],[3.052,43.5091],[3.0511,43.5092],[3.0506,43.5092],[3.0503,43.5092],[3.05,43.5092],[3.0497,43.5092],[3.0493,43.5092],[3.049,43.5092],[3.0487,43.5092],[3.0484,43.5092],[3.0481,43.5092],[3.0478,43.5093],[3.0475,43.5093],[3.0472,43.5093],[3.047,43.5093],[3.0468,43.5093],[3.0465,43.5093],[3.0461,43.5092],[3.0457,43.5092],[3.0454,43.5092],[3.0452,43.5092],[3.0449,43.5092],[3.0447,43.5092],[3.0444,43.5092],[3.044,43.5093],[3.0436,43.5093],[3.0431,43.5094],[3.0424,43.5094],[3.0416,43.5095],[3.0408,43.5096],[3.0403,43.5096],[3.0401,43.5096],[3.0399,43.5096],[3.0397,43.5096],[3.0393,43.5096],[3.0389,43.5096],[3.0385,43.5096],[3.0381,43.5096],[3.0377,43.5097],[3.0374,43.5098],[3.0372,43.5098],[3.037,43.5099],[3.0367,43.51],[3.0364,43.5102],[3.036,43.5103],[3.0358,43.5104],[3.0357,43.5104],[3.0356,43.5105],[3.0354,43.5105],[3.0352,43.5105],[3.0349,43.5105],[3.0346,43.5105],[3.0343,43.5105],[3.0341,43.5104],[3.034,43.5104],[3.0338,43.5104],[3.0335,43.5102],[3.0331,43.51],[3.0326,43.5097],[3.0321,43.5094],[3.0317,43.5092],[3.0314,43.5091],[3.0312,43.5089],[3.031,43.5088],[3.0306,43.5087],[3.0303,43.5085],[3.0301,43.5084],[3.03,43.5084],[3.0299,43.5084],[3.0299,43.5084],[3.0298,43.5084],[3.0296,43.5089],[3.0297,43.5089],[3.0299,43.5089],[3.0303,43.509],[3.0308,43.5092],[3.0313,43.5095],[3.0317,43.5098],[3.0322,43.5101],[3.0327,43.5104],[3.0331,43.5106],[3.0334,43.5108],[3.0336,43.5109],[3.0337,43.5109],[3.0338,43.511],[3.0339,43.511]]]}},{"type":"Feature","properties":{"MI_PRINX":3673565.0,"CARTE":264,"CODE":50,"CODE_LEG":50,"NOTATION":"Fy","DESCR":"Blocs, galets et graviers de calcaires siliceux, de grès, de quartz, de lydiennes, de porphyrites et de débris basaltiques (Terrasses glaciaires Würm)","C_FOND":10,"M_FOND":0,"J_FOND":10,"N_FOND":0,"NOM_SYMB":null,"C_SYMB":-1,"M_SYMB":-1,"J_SYMB":-1,"N_SYMB":-1,"ROT_SYMB":0,"score_potentiel":70,"niveau_potentiel":"Très élevé 🌟","pente_degres":16.6,"type_affleurement":"Affleurement Moyen (Escarpement) 🟠","score_relieffiltered":79.2},"geometry":{"type":"Polygon","coordinates":[[[3.2786,43.5015],[3.2789,43.5014],[3.2792,43.5012],[3.2794,43.501],[3.2795,43.5007],[3.2795,43.5004],[3.2795,43.5],[3.2796,43.4997],[3.2797,43.4995],[3.2798,43.4994],[3.2798,43.4992],[3.2798,43.499],[3.28,43.4987],[3.28,43.4985],[3.2799,43.4983],[3.2799,43.4981],[3.28,43.4979],[3.2803,43.4975],[3.2805,43.4973],[3.2806,43.497],[3.2805,43.4968],[3.2803,43.4964],[3.2801,43.4967],[3.2797,43.4969],[3.2793,43.4971],[3.2785,43.4973],[3.2782,43.4974],[3.2781,43.4976],[3.2781,43.4978],[3.2781,43.498],[3.278,43.4982],[3.2778,43.4985],[3.2775,43.4987],[3.2775,43.4989],[3.2775,43.4993],[3.2775,43.4999],[3.2776,43.5002],[3.2778,43.5004],[3.278,43.5005],[3.278,43.5008],[3.278,43.5011],[3.2785,43.5013],[3.2786,43.5015]]]}},{"type":"Feature","properties":{"MI_PRINX":3673581.0,"CARTE":264,"CODE":3316,"CODE_LEG":424,"NOTATION":"h1MF","DESCR":"Calcaires et lydiennes à nodules phosphatés du Pic de Vissou et de la Serre - Nappes des Monts de Faugères (Tournaisien)","C_FOND":20,"M_FOND":40,"J_FOND":70,"N_FOND":0,"NOM_SYMB":null,"C_SYMB":-1,"M_SYMB":-1,"J_SYMB":-1,"N_SYMB":-1,"ROT_SYMB":0,"score_potentiel":70,"niveau_potentiel":"Très élevé 🌟","pente_degres":33.2,"type_affleurement":"Affleurement Fort (Falaise / Ravine) 🔴","score_relieffiltered":100.0},"geometry":{"type":"Polygon","coordinates":[[[3.0961,43.5025],[3.0963,43.5025],[3.0965,43.5025],[3.0967,43.5024],[3.0969,43.5024],[3.0971,43.5023],[3.0974,43.5021],[3.0977,43.5019],[3.098,43.5017],[3.0983,43.5015],[3.0986,43.5013],[3.0988,43.5011],[3.099,43.5008],[3.0991,43.5006],[3.0992,43.5003],[3.0993,43.4999],[3.0993,43.4996],[3.0993,43.4993],[3.0994,43.4991],[3.0995,43.4989],[3.0996,43.4987],[3.0997,43.4984],[3.0997,43.4982],[3.0997,43.4979],[3.0997,43.4977],[3.0996,43.4974],[3.0995,43.4971],[3.0993,43.4967],[3.0991,43.4964],[3.0989,43.4961],[3.0986,43.4959],[3.0983,43.4956],[3.098,43.4956],[3.098,43.4956],[3.098,43.4955],[3.0979,43.4954],[3.0979,43.4953],[3.0978,43.4952],[3.0977,43.4951],[3.0975,43.495],[3.0974,43.4949],[3.0972,43.4947],[3.097,43.4946],[3.0967,43.4945],[3.0965,43.4944],[3.0961,43.4943],[3.0958,43.4943],[3.0955,43.4942],[3.0952,43.4941],[3.095,43.4941],[3.0949,43.494],[3.0948,43.4939],[3.0947,43.4938],[3.0946,43.4936],[3.0946,43.4936],[3.0945,43.4935],[3.0943,43.4934],[3.0942,43.4934],[3.094,43.4933],[3.0938,43.4932],[3.0936,43.4932],[3.0934,43.4931],[3.0932,43.493],[3.0931,43.4929],[3.0929,43.4927],[3.0926,43.4925],[3.0923,43.4921],[3.092,43.4916],[3.0918,43.4912],[3.0916,43.4909],[3.0916,43.4907],[3.0916,43.4905],[3.0915,43.4902],[3.0914,43.4898],[3.0912,43.4894],[3.091,43.4889],[3.0907,43.4884],[3.0904,43.4878],[3.0901,43.4873],[3.0899,43.4869],[3.0896,43.4864],[3.0894,43.4861],[3.0892,43.4858],[3.0889,43.4855],[3.0887,43.4851],[3.0884,43.4848],[3.0882,43.4845],[3.088,43.4842],[3.0877,43.4839],[3.0874,43.4836],[3.0871,43.4832],[3.0867,43.4828],[3.0863,43.4825],[3.086,43.4822],[3.0857,43.482],[3.0854,43.4818],[3.0853,43.4817],[3.0851,43.4816],[3.085,43.4815],[3.0846,43.4814],[3.0842,43.4813],[3.0847,43.4816],[3.0852,43.482],[3.0857,43.4824],[3.0862,43.4828],[3.0866,43.4832],[3.087,43.4837],[3.0874,43.4841],[3.0877,43.4845],[3.088,43.4849],[3.0884,43.4854],[3.0887,43.4859],[3.089,43.4864],[3.0893,43.487],[3.0895,43.4875],[3.0897,43.488],[3.0898,43.4883],[3.09,43.4887],[3.0902,43.4891],[3.0904,43.4895],[3.0907,43.49],[3.0909,43.4905],[3.091,43.4908],[3.0911,43.491],[3.0912,43.4912],[3.0912,43.4914],[3.0912,43.4915],[3.0912,43.4916],[3.0913,43.4918],[3.0913,43.492],[3.0914,43.4922],[3.0915,43.4924],[3.0917,43.4927],[3.0918,43.4929],[3.092,43.4931],[3.0923,43.4933],[3.0926,43.4935],[3.0929,43.4936],[3.0932,43.4937],[3.0936,43.4938],[3.0938,43.4939],[3.094,43.494],[3.0942,43.4942],[3.0944,43.4943],[3.0946,43.4945],[3.0948,43.4947],[3.095,43.4948],[3.0951,43.4949],[3.0952,43.495],[3.0953,43.495],[3.0954,43.495],[3.0957,43.495],[3.096,43.495],[3.0963,43.495],[3.0966,43.495],[3.0968,43.495],[3.0969,43.495],[3.097,43.4951],[3.0971,43.4951],[3.0971,43.4951],[3.0972,43.4952],[3.0972,43.4953],[3.0972,43.4953],[3.0971,43.4954],[3.0971,43.4955],[3.097,43.4955],[3.097,43.4956],[3.097,43.4956],[3.0969,43.4957],[3.0965,43.4957],[3.0961,43.4958],[3.0959,43.4958],[3.0959,43.4959],[3.096,43.496],[3.0961,43.4962],[3.0962,43.4964],[3.0964,43.4966],[3.0966,43.4969],[3.0967,43.4972],[3.0969,43.4975],[3.097,43.4977],[3.0971,43.4978],[3.0973,43.4979],[3.0976,43.4978],[3.0979,43.4978],[3.0982,43.4978],[3.0984,43.4978],[3.0985,43.4979],[3.0987,43.498],[3.0988,43.4982],[3.0989,43.4984],[3.0988,43.4986],[3.0987,43.4989],[3.0986,43.4993],[3.0985,43.4998],[3.0984,43.5001],[3.0983,43.5003],[3.0981,43.5007],[3.0978,43.5011],[3.0976,43.5015],[3.0973,43.5018],[3.097,43.5019],[3.0968,43.5021],[3.0965,43.5023],[3.0961,43.5025]]]}},{"type":"Feature","properties":{"MI_PRINX":3673682.0,"CARTE":264,"CODE":50,"CODE_LEG":50,"NOTATION":"Fy","DESCR":"Blocs, galets et graviers de calcaires siliceux, de grès, de quartz, de lydiennes, de porphyrites et de débris basaltiques (Terrasses glaciaires Würm)","C_FOND":10,"M_FOND":0,"J_FOND":10,"N_FOND":0,"NOM_SYMB":null,"C_SYMB":-1,"M_SYMB":-1,"J_SYMB":-1,"N_SYMB":-1,"ROT_SYMB":0,"score_potentiel":70,"niveau_potentiel":"Très élevé 🌟","pente_degres":17.8,"type_affleurement":"Affleurement Moyen (Escarpement) 🟠","score_relieffiltered":80.9},"geometry":{"type":"Polygon","coordinates":[[[3.2784,43.4911],[3.2779,43.4914],[3.2775,43.4917],[3.2772,43.492],[3.2768,43.4923],[3.2765,43.4926],[3.2763,43.4929],[3.2761,43.4931],[3.276,43.4933],[3.276,43.4935],[3.276,43.4937],[3.2761,43.494],[3.2763,43.4942],[3.2766,43.4944],[3.2767,43.4946],[3.2767,43.4947],[3.2767,43.4949],[3.2766,43.4952],[3.2765,43.4955],[3.2765,43.4958],[3.2764,43.496],[3.2764,43.4963],[3.2764,43.4965],[3.2765,43.4967],[3.2766,43.4969],[3.2767,43.4971],[3.2768,43.497],[3.277,43.4967],[3.2772,43.4966],[3.2775,43.4964],[3.2778,43.4964],[3.2783,43.4964],[3.2787,43.4965],[3.279,43.4964],[3.2792,43.4963],[3.2793,43.496],[3.2793,43.4955],[3.2792,43.4951],[3.2791,43.4948],[3.2789,43.4946],[3.2786,43.4945],[3.2784,43.4944],[3.2783,43.4942],[3.2783,43.4938],[3.2781,43.4936],[3.278,43.4934],[3.2781,43.4931],[3.2783,43.4927],[3.2783,43.4924],[3.2784,43.4912],[3.2784,43.4911]]]}},{"type":"Feature","properties":{"MI_PRINX":3663052.0,"CARTE":264,"CODE":50,"CODE_LEG":50,"NOTATION":"Fy","DESCR":"Blocs, galets et graviers de calcaires siliceux, de grès, de quartz, de lydiennes, de porphyrites et de débris basaltiques (Terrasses glaciaires Würm)","C_FOND":10,"M_FOND":0,"J_FOND":10,"N_FOND":0,"NOM_SYMB":null,"C_SYMB":-1,"M_SYMB":-1,"J_SYMB":-1,"N_SYMB":-1,"ROT_SYMB":0,"score_potentiel":70,"niveau_potentiel":"Très élevé 🌟","pente_degres":20.5,"type_affleurement":"Affleurement Moyen (Escarpement) 🟠","score_relieffiltered":84.7},"geometry":{"type":"Polygon","coordinates":[[[3.3293,43.6736],[3.329,43.6738],[3.3289,43.6742],[3.3285,43.6746],[3.3282,43.6749],[3.3281,43.6756],[3.3278,43.6761],[3.3267,43.6767],[3.3266,43.6772],[3.3264,43.6776],[3.3261,43.6778],[3.3263,43.6779],[3.3269,43.6781],[3.3275,43.6783],[3.3286,43.679],[3.3293,43.6792],[3.3296,43.6792],[3.33,43.679],[3.3302,43.6788],[3.3302,43.6784],[3.3295,43.6779],[3.3284,43.6773],[3.3284,43.6773],[3.3285,43.6771],[3.3291,43.6771],[3.3294,43.6769],[3.3294,43.6766],[3.3292,43.6762],[3.3293,43.6761],[3.3297,43.6764],[3.3301,43.6766],[3.3303,43.6765],[3.3302,43.6762],[3.3297,43.6756],[3.3296,43.6754],[3.3298,43.6753],[3.33,43.6754],[3.3306,43.6762],[3.3311,43.6766],[3.3313,43.6766],[3.3311,43.6759],[3.331,43.6756],[3.331,43.6753],[3.3306,43.6748],[3.3299,43.674],[3.3293,43.6736]]]}},{"type":"Feature","properties":{"MI_PRINX":3673438.0,"CARTE":264,"CODE":3316,"CODE_LEG":424,"NOTATION":"h1MF","DESCR":"Calcaires et lydiennes à nodules phosphatés du Pic de Vissou et de la Serre - Nappes des Monts de Faugères (Tournaisien)","C_FOND":20,"M_FOND":40,"J_FOND":70,"N_FOND":0,"NOM_SYMB":null,"C_SYMB":-1,"M_SYMB":-1,"J_SYMB":-1,"N_SYMB":-1,"ROT_SYMB":0,"score_potentiel":70,"niveau_potentiel":"Très élevé 🌟","pente_degres":19.9,"type_affleurement":"Affleurement Moyen (Escarpement) 🟠","score_relieffiltered":83.9},"geometry":{"type":"Polygon","coordinates":[[[3.0598,43.5079],[3.0601,43.508],[3.0604,43.508],[3.0608,43.5079],[3.0612,43.5079],[3.0616,43.5078],[3.062,43.5077],[3.0624,43.5075],[3.0626,43.5073],[3.0629,43.5071],[3.0631,43.5069],[3.0629,43.507],[3.0626,43.5071],[3.0623,43.5072],[3.062,43.5073],[3.0616,43.5073],[3.0612,43.5073],[3.0608,43.5073],[3.0604,43.5073],[3.06,43.5072],[3.0596,43.5071],[3.0595,43.5072],[3.0594,43.5073],[3.0595,43.5074],[3.0596,43.5075],[3.0597,43.5076],[3.0598,43.5078],[3.0598,43.5079]]]}},{"type":"Feature","properties":{"MI_PRINX":3673559.0,"CARTE":264,"CODE":3316,"CODE_LEG":424,"NOTATION":"h1MF","DESCR":"Calcaires et lydiennes à nodules phosphatés du Pic de Vissou et de la Serre - Nappes des Monts de Faugères (Tournaisien)","C_FOND":20,"M_FOND":40,"J_FOND":70,"N_FOND":0,"NOM_SYMB":null,"C_SYMB":-1,"M_SYMB":-1,"J_SYMB":-1,"N_SYMB":-1,"ROT_SYMB":0,"score_potentiel":70,"niveau_potentiel":"Très élevé 🌟","pente_degres":31.4,"type_affleurement":"Affleurement Fort (Falaise / Ravine) 🔴","score_relieffiltered":100.0},"geometry":{"type":"Polygon","coordinates":[[[3.0745,43.5027],[3.0748,43.5027],[3.0751,43.5026],[3.0754,43.5026],[3.0758,43.5027],[3.0762,43.5028],[3.0767,43.5029],[3.077,43.503],[3.0774,43.503],[3.0778,43.5029],[3.0782,43.5029],[3.0785,43.5029],[3.0789,43.503],[3.0792,43.503],[3.0795,43.5031],[3.0798,43.5031],[3.0803,43.5032],[3.0808,43.5033],[3.0813,43.5033],[3.0817,43.5032],[3.0822,43.5032],[3.0828,43.5032],[3.0832,43.5031],[3.0834,43.5031],[3.0836,43.503],[3.0837,43.503],[3.083,43.5026],[3.0829,43.5025],[3.0827,43.5023],[3.0826,43.5024],[3.0824,43.5024],[3.0821,43.5025],[3.0817,43.5025],[3.0814,43.5025],[3.0811,43.5025],[3.0807,43.5025],[3.0802,43.5025],[3.0798,43.5024],[3.0795,43.5023],[3.0792,43.5022],[3.0789,43.5021],[3.0785,43.5021],[3.0781,43.5021],[3.0777,43.5021],[3.0773,43.5021],[3.0768,43.5021],[3.0762,43.5021],[3.0757,43.5021],[3.0753,43.502],[3.0751,43.5019],[3.075,43.502],[3.0749,43.5022],[3.0747,43.5025],[3.0745,43.5027]]]}},{"type":"Feature","properties":{"MI_PRINX":3663128.0,"CARTE":264,"CODE":50,"CODE_LEG":50,"NOTATION":"Fy","DESCR":"Blocs, galets et graviers de calcaires siliceux, de grès, de quartz, de lydiennes, de porphyrites et de débris basaltiques (Terrasses glaciaires Würm)","C_FOND":10,"M_FOND":0,"J_FOND":10,"N_FOND":0,"NOM_SYMB":null,"C_SYMB":-1,"M_SYMB":-1,"J_SYMB":-1,"N_SYMB":-1,"ROT_SYMB":0,"score_potentiel":70,"niveau_potentiel":"Très élevé 🌟","pente_degres":18.1,"type_affleurement":"Affleurement Moyen (Escarpement) 🟠","score_relieffiltered":81.3},"geometry":{"type":"Polygon","coordinates":[[[3.3386,43.6755],[3.3384,43.6757],[3.3383,43.6761],[3.3384,43.6763],[3.339,43.6763],[3.3394,43.6762],[3.3398,43.6762],[3.3402,43.6763],[3.3404,43.6763],[3.3405,43.6762],[3.3403,43.676],[3.3398,43.6759],[3.3389,43.6755],[3.3386,43.6755]]]}},{"type":"Feature","properties":{"MI_PRINX":3673553.0,"CARTE":264,"CODE":3316,"CODE_LEG":424,"NOTATION":"h1MF","DESCR":"Calcaires et lydiennes à nodules phosphatés du Pic de Vissou et de la Serre - Nappes des Monts de Faugères (Tournaisien)","C_FOND":20,"M_FOND":40,"J_FOND":70,"N_FOND":0,"NOM_SYMB":null,"C_SYMB":-1,"M_SYMB":-1,"J_SYMB":-1,"N_SYMB":-1,"ROT_SYMB":0,"score_potentiel":70,"niveau_potentiel":"Très élevé 🌟","pente_degres":19.0,"type_affleurement":"Affleurement Moyen (Escarpement) 🟠","score_relieffiltered":82.6},"geometry":{"type":"Polygon","coordinates":[[[3.0709,43.5034],[3.0711,43.5033],[3.0715,43.5033],[3.0719,43.5032],[3.0723,43.5031],[3.0727,43.503],[3.0731,43.5029],[3.0734,43.5028],[3.0734,43.5027],[3.0735,43.5023],[3.0737,43.502],[3.0737,43.502],[3.0736,43.502],[3.0733,43.5021],[3.073,43.5021],[3.0727,43.5022],[3.0724,43.5023],[3.0721,43.5025],[3.0718,43.5027],[3.0714,43.5029],[3.071,43.5033],[3.0709,43.5034]]]}},{"type":"Feature","properties":{"MI_PRINX":3673756.0,"CARTE":264,"CODE":3314,"CODE_LEG":422,"NOTATION":"h1-2SPÌ","DESCR":"Schistes noirs à lydiennes et nodules phosphatés de Saint-Pons - Unité du Saint-Ponais (Tournaisien - Viséen inférieur)","C_FOND":50,"M_FOND":50,"J_FOND":50,"N_FOND":0,"NOM_SYMB":null,"C_SYMB":-1,"M_SYMB":-1,"J_SYMB":-1,"N_SYMB":-1,"ROT_SYMB":0,"score_potentiel":50,"niveau_potentiel":"Élevé 🟢","pente_degres":32.1,"type_affleurement":"Affleurement Fort (Falaise / Ravine) 🔴","score_relieffiltered":72.1},"geometry":{"type":"Polygon","coordinates":[[[2.777,43.4963],[2.7778,43.4966],[2.7792,43.4967],[2.7787,43.4962],[2.7779,43.4951],[2.7764,43.4942],[2.7763,43.4941],[2.7758,43.4941],[2.7742,43.4937],[2.7732,43.4934],[2.7724,43.4933],[2.7714,43.4931],[2.7708,43.4931],[2.7699,43.493],[2.7715,43.4934],[2.7729,43.4938],[2.7753,43.4944],[2.776,43.4947],[2.7764,43.4952],[2.777,43.4963]]]}},{"type":"Feature","properties":{"MI_PRINX":3673856.0,"CARTE":264,"CODE":3314,"CODE_LEG":422,"NOTATION":"h1-2SPÌ","DESCR":"Schistes noirs à lydiennes et nodules phosphatés de Saint-Pons - Unité du Saint-Ponais (Tournaisien - Viséen inférieur)","C_FOND":50,"M_FOND":50,"J_FOND":50,"N_FOND":0,"NOM_SYMB":null,"C_SYMB":-1,"M_SYMB":-1,"J_SYMB":-1,"N_SYMB":-1,"ROT_SYMB":0,"score_potentiel":50,"niveau_potentiel":"Élevé 🟢","pente_degres":20.4,"type_affleurement":"Affleurement Moyen (Escarpement) 🟠","score_relieffiltered":60.4},"geometry":{"type":"Polygon","coordinates":[[[2.7616,43.4879],[2.7617,43.4884],[2.7628,43.4899],[2.7636,43.4909],[2.7649,43.4922],[2.7646,43.4914],[2.764,43.4906],[2.7634,43.4896],[2.7629,43.4888],[2.7627,43.488],[2.7626,43.4876],[2.7616,43.4879]]]}},{"type":"Feature","properties":{"MI_PRINX":3663390.0,"CARTE":264,"CODE":50,"CODE_LEG":50,"NOTATION":"Fy","DESCR":"Blocs, galets et graviers de calcaires siliceux, de grès, de quartz, de lydiennes, de porphyrites et de débris basaltiques (Terrasses glaciaires Würm)","C_FOND":10,"M_FOND":0,"J_FOND":10,"N_FOND":0,"NOM_SYMB":null,"C_SYMB":-1,"M_SYMB":-1,"J_SYMB":-1,"N_SYMB":-1,"ROT_SYMB":0,"score_potentiel":70,"niveau_potentiel":"Très élevé 🌟","pente_degres":18.8,"type_affleurement":"Affleurement Moyen (Escarpement) 🟠","score_relieffiltered":82.3},"geometry":{"type":"Polygon","coordinates":[[[3.4369,43.6655],[3.4369,43.6659],[3.4367,43.6663],[3.4365,43.6664],[3.4369,43.6664],[3.4371,43.6662],[3.4371,43.6658],[3.4369,43.6656],[3.4369,43.6655]]]}},{"type":"Feature","properties":{"MI_PRINX":3663391.0,"CARTE":264,"CODE":50,"CODE_LEG":50,"NOTATION":"Fy","DESCR":"Blocs, galets et graviers de calcaires siliceux, de grès, de quartz, de lydiennes, de porphyrites et de débris basaltiques (Terrasses glaciaires Würm)","C_FOND":10,"M_FOND":0,"J_FOND":10,"N_FOND":0,"NOM_SYMB":null,"C_SYMB":-1,"M_SYMB":-1,"J_SYMB":-1,"N_SYMB":-1,"ROT_SYMB":0,"score_potentiel":70,"niveau_potentiel":"Très élevé 🌟","pente_degres":31.7,"type_affleurement":"Affleurement Fort (Falaise / Ravine) 🔴","score_relieffiltered":100.0},"geometry":{"type":"Polygon","coordinates":[[[3.2198,43.6684],[3.22,43.6682],[3.2201,43.6677],[3.2201,43.6677],[3.2202,43.6675],[3.2202,43.6669],[3.2201,43.6662],[3.2201,43.6659],[3.2207,43.6652],[3.2217,43.6644],[3.2226,43.6639],[3.2233,43.6638],[3.2242,43.6636],[3.2246,43.6635],[3.2246,43.6634],[3.2238,43.6623],[3.2235,43.662],[3.2237,43.6618],[3.2249,43.6622],[3.2256,43.6624],[3.2266,43.6625],[3.227,43.6625],[3.2279,43.6626],[3.2281,43.6626],[3.228,43.6624],[3.2275,43.6622],[3.2271,43.6622],[3.2262,43.6617],[3.2247,43.6606],[3.2239,43.6602],[3.2227,43.66],[3.2221,43.6598],[3.2212,43.659],[3.2207,43.6583],[3.2203,43.6573],[3.2201,43.657],[3.2197,43.6566],[3.2197,43.6563],[3.2199,43.6556],[3.2201,43.6552],[3.2206,43.6546],[3.221,43.6541],[3.2209,43.654],[3.2205,43.6539],[3.2196,43.654],[3.2184,43.6544],[3.2176,43.6547],[3.2165,43.6549],[3.2155,43.655],[3.2147,43.6549],[3.2138,43.6549],[3.2131,43.655],[3.2122,43.6554],[3.2122,43.6557],[3.2124,43.6558],[3.2132,43.6559],[3.2144,43.6563],[3.216,43.657],[3.2171,43.6579],[3.2183,43.6587],[3.2193,43.659],[3.2205,43.6594],[3.2209,43.6597],[3.2211,43.6601],[3.2211,43.6602],[3.2209,43.6603],[3.2205,43.6601],[3.2203,43.6602],[3.22,43.6607],[3.2198,43.6611],[3.2199,43.6617],[3.2198,43.6624],[3.2196,43.6629],[3.2186,43.6638],[3.2182,43.6644],[3.218,43.6652],[3.218,43.6657],[3.2181,43.6659],[3.218,43.666],[3.218,43.6661],[3.2184,43.6667],[3.2198,43.6684]]]}},{"type":"Feature","properties":{"MI_PRINX":3663554.0,"CARTE":264,"CODE":50,"CODE_LEG":50,"NOTATION":"Fy","DESCR":"Blocs, galets et graviers de calcaires siliceux, de grès, de quartz, de lydiennes, de porphyrites et de débris basaltiques (Terrasses glaciaires Würm)","C_FOND":10,"M_FOND":0,"J_FOND":10,"N_FOND":0,"NOM_SYMB":null,"C_SYMB":-1,"M_SYMB":-1,"J_SYMB":-1,"N_SYMB":-1,"ROT_SYMB":0,"score_potentiel":70,"niveau_potentiel":"Très élevé 🌟","pente_degres":17.3,"type_affleurement":"Affleurement Moyen (Escarpement) 🟠","score_relieffiltered":80.2},"geometry":{"type":"Polygon","coordinates":[[[3.1547,43.6612],[3.1546,43.6613],[3.1557,43.6621],[3.1569,43.6627],[3.1572,43.6628],[3.1574,43.6626],[3.1574,43.6626],[3.1571,43.6619],[3.1568,43.6614],[3.1566,43.6614],[3.156,43.6613],[3.1559,43.6613],[3.1555,43.6613],[3.1547,43.6612]]]}},{"type":"Feature","properties":{"MI_PRINX":3673652.0,"CARTE":264,"CODE":50,"CODE_LEG":50,"NOTATION":"Fy","DESCR":"Blocs, galets et graviers de calcaires siliceux, de grès, de quartz, de lydiennes, de porphyrites et de débris basaltiques (Terrasses glaciaires Würm)","C_FOND":10,"M_FOND":0,"J_FOND":10,"N_FOND":0,"NOM_SYMB":null,"C_SYMB":-1,"M_SYMB":-1,"J_SYMB":-1,"N_SYMB":-1,"ROT_SYMB":0,"score_potentiel":70,"niveau_potentiel":"Très élevé 🌟","pente_degres":32.4,"type_affleurement":"Affleurement Fort (Falaise / Ravine) 🔴","score_relieffiltered":100.0},"geometry":{"type":"Polygon","coordinates":[[[3.3596,43.4844],[3.3594,43.4844],[3.3591,43.4844],[3.3587,43.4844],[3.3584,43.4843],[3.3581,43.4842],[3.3577,43.484],[3.3572,43.4838],[3.3567,43.4836],[3.3563,43.4835],[3.3561,43.4835],[3.3559,43.4835],[3.3556,43.4836],[3.3554,43.4837],[3.3551,43.4838],[3.3548,43.484],[3.3546,43.4842],[3.3542,43.4846],[3.3538,43.485],[3.3535,43.4853],[3.3531,43.4856],[3.3527,43.4858],[3.3522,43.4861],[3.3518,43.4863],[3.3515,43.4865],[3.3511,43.4866],[3.3505,43.4869],[3.3498,43.4871],[3.3494,43.4872],[3.3489,43.4873],[3.3485,43.4874],[3.3481,43.4874],[3.3477,43.4874],[3.3472,43.4873],[3.3468,43.4872],[3.3465,43.4871],[3.3462,43.4871],[3.3459,43.4871],[3.3458,43.4872],[3.3456,43.4872],[3.3452,43.4874],[3.3446,43.4875],[3.3441,43.4875],[3.3439,43.4875],[3.3437,43.4875],[3.3433,43.4874],[3.3429,43.4873],[3.3425,43.4872],[3.3422,43.487],[3.3419,43.4868],[3.3416,43.4866],[3.3414,43.4864],[3.3412,43.4862],[3.341,43.4862],[3.3409,43.4862],[3.3408,43.4862],[3.3407,43.4863],[3.3406,43.4864],[3.3405,43.4865],[3.3404,43.4867],[3.3404,43.487],[3.3403,43.4872],[3.3401,43.4875],[3.3399,43.4878],[3.3396,43.4881],[3.3393,43.4883],[3.3391,43.4885],[3.3389,43.4887],[3.3386,43.4888],[3.3383,43.489],[3.3379,43.4891],[3.3375,43.4892],[3.3371,43.4894],[3.3367,43.4895],[3.3362,43.4896],[3.3357,43.4899],[3.3352,43.4902],[3.3348,43.4904],[3.3346,43.4905],[3.3343,43.4908],[3.3337,43.4913],[3.3331,43.4918],[3.3327,43.4921],[3.3325,43.4922],[3.3322,43.4923],[3.332,43.4924],[3.3316,43.4924],[3.3313,43.4924],[3.331,43.4925],[3.3308,43.4926],[3.3306,43.4928],[3.3303,43.4929],[3.3299,43.493],[3.3295,43.4931],[3.3292,43.4931],[3.329,43.4931],[3.3288,43.4931],[3.3286,43.493],[3.3285,43.4929],[3.3285,43.4927],[3.3285,43.4925],[3.3286,43.4923],[3.3287,43.4921],[3.3289,43.4918],[3.329,43.4915],[3.329,43.4913],[3.329,43.4912],[3.3289,43.491],[3.3288,43.4909],[3.3286,43.4909],[3.3285,43.4909],[3.3282,43.4909],[3.3279,43.4911],[3.3275,43.4913],[3.3271,43.4915],[3.3267,43.4917],[3.3262,43.4918],[3.3257,43.4919],[3.3251,43.492],[3.3247,43.492],[3.3244,43.492],[3.3241,43.4919],[3.3237,43.4919],[3.3234,43.4919],[3.3232,43.4919],[3.323,43.492],[3.3228,43.4921],[3.3226,43.4922],[3.3223,43.4924],[3.3221,43.4925],[3.322,43.4926],[3.3218,43.4926],[3.3216,43.4926],[3.3214,43.4926],[3.3212,43.4926],[3.321,43.4927],[3.3209,43.4928],[3.3207,43.4929],[3.3205,43.4931],[3.3204,43.4933],[3.3203,43.4935],[3.3202,43.4937],[3.3202,43.494],[3.3202,43.4942],[3.3202,43.4945],[3.3202,43.4949],[3.3203,43.4954],[3.3204,43.4961],[3.3205,43.4966],[3.3206,43.497],[3.3207,43.4973],[3.3208,43.4975],[3.321,43.4977],[3.3212,43.4978],[3.3215,43.4979],[3.3218,43.4979],[3.322,43.4979],[3.3222,43.4978],[3.3225,43.4977],[3.3227,43.4975],[3.3229,43.4973],[3.3231,43.4972],[3.3233,43.4971],[3.3235,43.497],[3.3237,43.497],[3.3241,43.4969],[3.3245,43.4969],[3.3249,43.4967],[3.3252,43.4966],[3.3254,43.4964],[3.3256,43.4962],[3.3259,43.4958],[3.3261,43.4954],[3.3264,43.4951],[3.3266,43.4949],[3.3269,43.4947],[3.3272,43.4945],[3.3275,43.4944],[3.3279,43.4943],[3.3282,43.4943],[3.3286,43.4943],[3.329,43.4943],[3.3294,43.4944],[3.33,43.4945],[3.3305,43.4946],[3.3311,43.4946],[3.3315,43.4946],[3.3319,43.4945],[3.3324,43.4944],[3.3329,43.4942],[3.3333,43.4941],[3.3337,43.4939],[3.3341,43.4937],[3.3344,43.4935],[3.3348,43.4932],[3.3352,43.4929],[3.3357,43.4925],[3.3363,43.492],[3.3369,43.4915],[3.3374,43.4911],[3.3379,43.4909],[3.3382,43.4907],[3.3387,43.4905],[3.3391,43.4903],[3.3395,43.4902],[3.3398,43.4901],[3.34,43.49],[3.3401,43.4901],[3.3405,43.4901],[3.3409,43.4901],[3.3413,43.49],[3.3415,43.4899],[3.3417,43.4898],[3.342,43.4896],[3.3423,43.4894],[3.3425,43.4893],[3.3426,43.4893],[3.3428,43.4893],[3.3429,43.4893],[3.3431,43.4893],[3.3433,43.4894],[3.3436,43.4895],[3.344,43.4897],[3.3444,43.4898],[3.3447,43.49],[3.345,43.49],[3.3453,43.4901],[3.3457,43.4901],[3.3462,43.4901],[3.3466,43.4901],[3.347,43.49],[3.3474,43.4899],[3.3477,43.4897],[3.348,43.4896],[3.3483,43.4896],[3.3486,43.4896],[3.3488,43.4896],[3.3489,43.4896],[3.349,43.4897],[3.3491,43.4898],[3.3491,43.4899],[3.3492,43.49],[3.3491,43.4902],[3.349,43.4904],[3.3489,43.4907],[3.3488,43.4909],[3.3488,43.4911],[3.3488,43.4912],[3.3488,43.4913],[3.3489,43.4914],[3.349,43.4916],[3.3492,43.4919],[3.3492,43.4918],[3.3494,43.4917],[3.3496,43.4914],[3.3501,43.491],[3.3506,43.4907],[3.351,43.4905],[3.3513,43.4903],[3.3514,43.4901],[3.3514,43.4899],[3.3516,43.4898],[3.3519,43.4896],[3.3522,43.4894],[3.3526,43.4892],[3.353,43.4891],[3.3533,43.4891],[3.3536,43.4891],[3.3542,43.4891],[3.355,43.4891],[3.3555,43.4891],[3.3559,43.489],[3.3561,43.4888],[3.3563,43.4886],[3.3565,43.4883],[3.3566,43.488],[3.3567,43.4877],[3.3568,43.4875],[3.3569,43.4874],[3.3571,43.4872],[3.3574,43.487],[3.3578,43.4868],[3.3582,43.4865],[3.3583,43.4864],[3.3584,43.4862],[3.3584,43.4861],[3.3584,43.4859],[3.3583,43.4858],[3.3581,43.4857],[3.3578,43.4857],[3.3575,43.4857],[3.3572,43.4858],[3.357,43.4859],[3.3567,43.4859],[3.3563,43.4859],[3.356,43.4859],[3.3556,43.4858],[3.3552,43.4858],[3.3548,43.4858],[3.3545,43.4859],[3.3544,43.486],[3.3544,43.4859],[3.3544,43.4859],[3.3546,43.4858],[3.3549,43.4856],[3.3552,43.4854],[3.3555,43.4852],[3.3558,43.4851],[3.3563,43.485],[3.3566,43.485],[3.357,43.4851],[3.3574,43.4851],[3.3578,43.4851],[3.3583,43.485],[3.3589,43.4847],[3.3594,43.4845],[3.3596,43.4844]]]}},{"type":"Feature","properties":{"MI_PRINX":3663383.0,"CARTE":264,"CODE":50,"CODE_LEG":50,"NOTATION":"Fy","DESCR":"Blocs, galets et graviers de calcaires siliceux, de grès, de quartz, de lydiennes, de porphyrites et de débris basaltiques (Terrasses glaciaires Würm)","C_FOND":10,"M_FOND":0,"J_FOND":10,"N_FOND":0,"NOM_SYMB":null,"C_SYMB":-1,"M_SYMB":-1,"J_SYMB":-1,"N_SYMB":-1,"ROT_SYMB":0,"score_potentiel":70,"niveau_potentiel":"Très élevé 🌟","pente_degres":19.2,"type_affleurement":"Affleurement Moyen (Escarpement) 🟠","score_relieffiltered":82.9},"geometry":{"type":"Polygon","coordinates":[[[3.1749,43.6692],[3.1753,43.6693],[3.1753,43.6688],[3.1758,43.6685],[3.1766,43.6682],[3.177,43.6678],[3.1769,43.6676],[3.1761,43.6671],[3.176,43.6669],[3.1763,43.6668],[3.1766,43.6668],[3.1772,43.6671],[3.1777,43.6676],[3.1782,43.6679],[3.1784,43.6679],[3.1788,43.6673],[3.1788,43.6669],[3.1788,43.6665],[3.1791,43.666],[3.1798,43.6655],[3.1799,43.665],[3.1802,43.6645],[3.1809,43.6638],[3.1811,43.6632],[3.1811,43.663],[3.181,43.6626],[3.1807,43.6621],[3.1797,43.6614],[3.1794,43.6614],[3.1791,43.6616],[3.1789,43.6621],[3.1787,43.6625],[3.178,43.663],[3.1779,43.6634],[3.1776,43.6641],[3.177,43.6646],[3.1767,43.6653],[3.1763,43.6656],[3.1757,43.6657],[3.1756,43.6658],[3.1751,43.6659],[3.1749,43.666],[3.1748,43.666],[3.1739,43.666],[3.1735,43.6661],[3.1731,43.6664],[3.1728,43.6671],[3.1728,43.6676],[3.1731,43.668],[3.1732,43.6681],[3.1732,43.6682],[3.1746,43.669],[3.1749,43.6692]]]}},{"type":"Feature","properties":{"MI_PRINX":3673732.0,"CARTE":264,"CODE":50,"CODE_LEG":50,"NOTATION":"Fy","DESCR":"Blocs, galets et graviers de calcaires siliceux, de grès, de quartz, de lydiennes, de porphyrites et de débris basaltiques (Terrasses glaciaires Würm)","C_FOND":10,"M_FOND":0,"J_FOND":10,"N_FOND":0,"NOM_SYMB":null,"C_SYMB":-1,"M_SYMB":-1,"J_SYMB":-1,"N_SYMB":-1,"ROT_SYMB":0,"score_potentiel":70,"niveau_potentiel":"Très élevé 🌟","pente_degres":31.3,"type_affleurement":"Affleurement Fort (Falaise / Ravine) 🔴","score_relieffiltered":99.8},"geometry":{"type":"Polygon","coordinates":[[[3.28,43.4946],[3.2801,43.4945],[3.2802,43.4944],[3.2803,43.4944],[3.2803,43.4943],[3.2804,43.4941],[3.2805,43.494],[3.2806,43.4938],[3.2807,43.4936],[3.2808,43.4933],[3.281,43.4931],[3.2812,43.4929],[3.2814,43.4927],[3.2816,43.4926],[3.2818,43.4924],[3.282,43.4922],[3.2823,43.4921],[3.2826,43.4919],[3.283,43.4917],[3.2834,43.4915],[3.2837,43.4914],[3.284,43.4912],[3.2842,43.4911],[3.2843,43.491],[3.2844,43.4909],[3.2845,43.4908],[3.2845,43.4907],[3.2846,43.4906],[3.2847,43.4904],[3.2848,43.4901],[3.2849,43.4898],[3.285,43.4894],[3.2852,43.4889],[3.2853,43.4884],[3.2854,43.488],[3.2855,43.4878],[3.2855,43.4878],[3.2856,43.4876],[3.2857,43.4874],[3.2858,43.4872],[3.2858,43.4868],[3.2858,43.4864],[3.2858,43.486],[3.2859,43.4857],[3.2859,43.4854],[3.286,43.4851],[3.286,43.485],[3.2861,43.4848],[3.2862,43.4847],[3.2862,43.4846],[3.2863,43.4845],[3.2864,43.4843],[3.2865,43.4841],[3.2866,43.4839],[3.2868,43.4837],[3.287,43.4835],[3.2871,43.4834],[3.2873,43.4832],[3.2875,43.483],[3.2879,43.4827],[3.2884,43.4822],[3.2889,43.4817],[3.2896,43.4811],[3.2902,43.4805],[3.2907,43.4799],[3.2912,43.4795],[3.2916,43.4791],[3.2918,43.4789],[3.2919,43.4788],[3.2919,43.4787],[3.2921,43.4786],[3.2923,43.4784],[3.2925,43.4782],[3.2927,43.478],[3.2929,43.4778],[3.293,43.4777],[3.293,43.4776],[3.2931,43.4776],[3.2927,43.4775],[3.2924,43.4775],[3.2921,43.4775],[3.2917,43.4775],[3.2911,43.4775],[3.2909,43.4775],[3.2909,43.4775],[3.2907,43.4778],[3.2905,43.4782],[3.2903,43.4784],[3.2898,43.4786],[3.2893,43.4788],[3.2888,43.4788],[3.2883,43.4789],[3.2879,43.4788],[3.2873,43.4787],[3.2864,43.4783],[3.2856,43.4778],[3.2854,43.4778],[3.2854,43.4779],[3.2855,43.4782],[3.2855,43.4785],[3.2855,43.4788],[3.2855,43.4791],[3.2853,43.4794],[3.2851,43.4796],[3.2848,43.4798],[3.2845,43.4799],[3.2841,43.48],[3.2838,43.4802],[3.2837,43.4803],[3.2836,43.4806],[3.2834,43.481],[3.2831,43.4814],[3.2826,43.4818],[3.2824,43.4821],[3.2824,43.4824],[3.2825,43.4826],[3.2829,43.4828],[3.2832,43.4829],[3.2834,43.483],[3.2835,43.4832],[3.2836,43.4833],[3.2838,43.4834],[3.2839,43.4835],[3.284,43.4836],[3.284,43.4838],[3.284,43.484],[3.2842,43.4842],[3.2843,43.4844],[3.2843,43.4844],[3.2843,43.4845],[3.2841,43.4845],[3.2839,43.4846],[3.2838,43.4848],[3.2836,43.4851],[3.2835,43.4854],[3.2833,43.4856],[3.2831,43.4858],[3.2829,43.486],[3.2829,43.4862],[3.283,43.4863],[3.2831,43.4864],[3.2835,43.4866],[3.2838,43.4867],[3.2841,43.4868],[3.2842,43.487],[3.2847,43.487],[3.2852,43.4871],[3.2853,43.4871],[3.2853,43.4872],[3.2852,43.4873],[3.2849,43.4873],[3.2844,43.4873],[3.2842,43.4874],[3.2839,43.4872],[3.2835,43.4871],[3.2832,43.4871],[3.283,43.4871],[3.2828,43.4873],[3.2826,43.4876],[3.2825,43.4877],[3.2822,43.4877],[3.2817,43.4877],[3.2814,43.4878],[3.2811,43.488],[3.2808,43.4883],[3.2806,43.4885],[3.2805,43.4886],[3.28,43.4886],[3.2796,43.4886],[3.2793,43.4888],[3.2792,43.489],[3.2791,43.4893],[3.2793,43.4896],[3.2796,43.4898],[3.2798,43.4899],[3.2799,43.4902],[3.2801,43.4904],[3.2805,43.4909],[3.2806,43.4913],[3.2806,43.4916],[3.2807,43.4918],[3.2806,43.492],[3.2804,43.4923],[3.2804,43.4925],[3.2803,43.4927],[3.2802,43.4928],[3.28,43.493],[3.2799,43.4931],[3.28,43.4933],[3.2801,43.4934],[3.2802,43.4937],[3.2802,43.4941],[3.28,43.4943],[3.28,43.4946]]]}},{"type":"Feature","properties":{"MI_PRINX":3673931.0,"CARTE":264,"CODE":50,"CODE_LEG":50,"NOTATION":"Fy","DESCR":"Blocs, galets et graviers de calcaires siliceux, de grès, de quartz, de lydiennes, de porphyrites et de débris basaltiques (Terrasses glaciaires Würm)","C_FOND":10,"M_FOND":0,"J_FOND":10,"N_FOND":0,"NOM_SYMB":null,"C_SYMB":-1,"M_SYMB":-1,"J_SYMB":-1,"N_SYMB":-1,"ROT_SYMB":0,"score_potentiel":70,"niveau_potentiel":"Très élevé 🌟","pente_degres":31.9,"type_affleurement":"Affleurement Fort (Falaise / Ravine) 🔴","score_relieffiltered":100.0},"geometry":{"type":"Polygon","coordinates":[[[3.365,43.4805],[3.365,43.4806],[3.365,43.4808],[3.3648,43.4811],[3.3645,43.4813],[3.3641,43.4815],[3.3636,43.4816],[3.3631,43.4817],[3.3626,43.4817],[3.3623,43.4819],[3.3619,43.4821],[3.3615,43.4824],[3.3612,43.4827],[3.361,43.483],[3.3609,43.4833],[3.3608,43.4836],[3.3606,43.4838],[3.3605,43.4839],[3.3603,43.484],[3.3605,43.484],[3.3609,43.484],[3.3613,43.4841],[3.3617,43.4842],[3.3621,43.4842],[3.3623,43.4842],[3.3626,43.4841],[3.3627,43.4841],[3.3629,43.484],[3.3632,43.484],[3.3634,43.4841],[3.3637,43.4842],[3.364,43.4845],[3.3642,43.4847],[3.3644,43.485],[3.3646,43.4852],[3.3648,43.4853],[3.3649,43.4853],[3.3651,43.4853],[3.3653,43.4852],[3.3654,43.4851],[3.3655,43.485],[3.3656,43.4847],[3.3657,43.4844],[3.3658,43.484],[3.3659,43.4838],[3.366,43.4837],[3.3662,43.4836],[3.3664,43.4835],[3.3667,43.4835],[3.3669,43.4834],[3.3671,43.4833],[3.3672,43.4831],[3.3673,43.4829],[3.3674,43.4826],[3.3674,43.4824],[3.3675,43.4822],[3.3678,43.4821],[3.3681,43.4819],[3.3683,43.4817],[3.3684,43.4816],[3.3685,43.4813],[3.3685,43.481],[3.3686,43.4805],[3.3686,43.4802],[3.3687,43.4799],[3.3688,43.4797],[3.3689,43.4795],[3.369,43.4794],[3.3691,43.4793],[3.3693,43.4793],[3.3696,43.4792],[3.3697,43.4792],[3.3699,43.479],[3.37,43.4787],[3.37,43.4785],[3.3702,43.4782],[3.3707,43.4776],[3.3715,43.477],[3.3718,43.4766],[3.372,43.4765],[3.3723,43.4762],[3.3727,43.476],[3.3729,43.4759],[3.3733,43.4757],[3.3737,43.4755],[3.3739,43.4754],[3.374,43.4752],[3.3743,43.4746],[3.3747,43.474],[3.375,43.4735],[3.3754,43.473],[3.376,43.4723],[3.3763,43.4719],[3.3763,43.4717],[3.3764,43.4716],[3.3767,43.4714],[3.3769,43.4711],[3.377,43.471],[3.3772,43.4708],[3.3772,43.4706],[3.3772,43.4705],[3.3772,43.4704],[3.377,43.4705],[3.3764,43.4706],[3.3757,43.4707],[3.3752,43.4707],[3.3749,43.4706],[3.3745,43.4705],[3.3742,43.4704],[3.3739,43.4703],[3.3737,43.4702],[3.3735,43.47],[3.3734,43.4697],[3.3733,43.4694],[3.3733,43.4693],[3.3732,43.4691],[3.3729,43.4688],[3.3726,43.4685],[3.3722,43.4683],[3.3718,43.4681],[3.3712,43.4679],[3.3707,43.4679],[3.3703,43.468],[3.37,43.4681],[3.3696,43.4682],[3.3693,43.4682],[3.3691,43.4681],[3.3689,43.468],[3.3687,43.4678],[3.3688,43.4675],[3.3689,43.4671],[3.369,43.4668],[3.3691,43.4664],[3.3692,43.4658],[3.3693,43.4653],[3.3693,43.465],[3.3692,43.4646],[3.3691,43.4643],[3.3689,43.4639],[3.3686,43.4636],[3.3683,43.4633],[3.3679,43.4629],[3.3677,43.4626],[3.3676,43.4625],[3.3675,43.4623],[3.3676,43.4621],[3.3678,43.4618],[3.3679,43.4617],[3.3681,43.4613],[3.3682,43.4609],[3.3682,43.4606],[3.3682,43.4603],[3.3682,43.4602],[3.3684,43.4601],[3.3686,43.4599],[3.3687,43.4596],[3.3688,43.4592],[3.3688,43.4587],[3.369,43.4582],[3.3691,43.4579],[3.3692,43.4578],[3.3695,43.4576],[3.3699,43.4574],[3.3702,43.4572],[3.3704,43.4571],[3.3705,43.457],[3.3705,43.4568],[3.3704,43.4567],[3.3702,43.4567],[3.3699,43.4567],[3.3696,43.4566],[3.3693,43.4565],[3.3693,43.4564],[3.3692,43.4563],[3.3693,43.4561],[3.3694,43.456],[3.3698,43.4557],[3.37,43.4555],[3.37,43.4554],[3.3699,43.4554],[3.3698,43.4553],[3.3695,43.4554],[3.3691,43.4554],[3.3686,43.4556],[3.368,43.4558],[3.3674,43.456],[3.367,43.4561],[3.3666,43.4561],[3.3663,43.4561],[3.3661,43.456],[3.3658,43.4558],[3.3654,43.4555],[3.3652,43.4552],[3.365,43.4552],[3.3648,43.4551],[3.3647,43.4551],[3.3645,43.4551],[3.3644,43.4552],[3.3644,43.4553],[3.3645,43.4553],[3.3647,43.4554],[3.3651,43.4556],[3.3654,43.4558],[3.3655,43.456],[3.3656,43.4562],[3.3659,43.4565],[3.3663,43.4566],[3.3666,43.4567],[3.3668,43.4569],[3.367,43.4571],[3.3671,43.4574],[3.3672,43.4576],[3.3673,43.4579],[3.3672,43.4583],[3.367,43.4587],[3.3668,43.459],[3.3666,43.4592],[3.3664,43.4594],[3.3662,43.4596],[3.3659,43.4597],[3.3657,43.46],[3.3655,43.4604],[3.3654,43.4607],[3.3654,43.4609],[3.3655,43.4612],[3.3657,43.4615],[3.3658,43.4618],[3.3658,43.462],[3.3657,43.4623],[3.3657,43.4625],[3.3658,43.4627],[3.3662,43.463],[3.3665,43.4634],[3.3667,43.4636],[3.3666,43.4638],[3.3666,43.4641],[3.3665,43.4642],[3.3663,43.4644],[3.366,43.4645],[3.3658,43.4647],[3.3658,43.4649],[3.3658,43.4651],[3.3658,43.4653],[3.3657,43.4654],[3.3656,43.4656],[3.3654,43.4658],[3.3652,43.466],[3.3652,43.4661],[3.3653,43.4662],[3.3654,43.4664],[3.3656,43.4665],[3.3659,43.4666],[3.3665,43.4668],[3.3671,43.467],[3.3675,43.4671],[3.3676,43.4671],[3.3676,43.4672],[3.3676,43.4672],[3.3674,43.4672],[3.367,43.4672],[3.3664,43.4672],[3.3658,43.4671],[3.3653,43.467],[3.3651,43.4672],[3.3649,43.4672],[3.3648,43.4673],[3.365,43.4674],[3.3653,43.4675],[3.3655,43.4677],[3.3658,43.468],[3.3661,43.4684],[3.3663,43.4687],[3.3664,43.469],[3.3665,43.4693],[3.3666,43.4696],[3.3667,43.4698],[3.3666,43.4699],[3.3667,43.4701],[3.367,43.4704],[3.3673,43.4708],[3.3675,43.471],[3.3675,43.4712],[3.3676,43.4713],[3.3676,43.4715],[3.3675,43.4717],[3.3672,43.4719],[3.3669,43.4721],[3.3667,43.4722],[3.3666,43.4724],[3.3665,43.4727],[3.3664,43.4731],[3.3663,43.4734],[3.3664,43.4737],[3.3665,43.4741],[3.3666,43.4745],[3.3667,43.475],[3.3668,43.4753],[3.3668,43.4756],[3.3668,43.4758],[3.3666,43.4761],[3.3664,43.4764],[3.3663,43.4766],[3.3662,43.4768],[3.3663,43.4771],[3.3663,43.4776],[3.3663,43.478],[3.3663,43.4781],[3.3663,43.4783],[3.3662,43.4785],[3.3659,43.4788],[3.3656,43.479],[3.3654,43.4792],[3.3653,43.4793],[3.3652,43.4796],[3.3651,43.4799],[3.365,43.4801],[3.365,43.4803],[3.365,43.4805]]]}},{"type":"Feature","properties":{"MI_PRINX":3673900.0,"CARTE":264,"CODE":1009,"CODE_LEG":201,"NOTATION":"c6Vig","DESCR":"Marnes, grès, calcaires noduleux; grès de Villeveyrac (Maastrichtien supérieur)","C_FOND":25,"M_FOND":0,"J_FOND":100,"N_FOND":0,"NOM_SYMB":null,"C_SYMB":-1,"M_SYMB":-1,"J_SYMB":-1,"N_SYMB":-1,"ROT_SYMB":0,"score_potentiel":85,"niveau_potentiel":"Très élevé 🌟","pente_degres":19.8,"type_affleurement":"Affleurement Moyen (Escarpement) 🟠","score_relieffiltered":100.0},"geometry":{"type":"Polygon","coordinates":[[[3.591,43.484],[3.5914,43.4837],[3.5917,43.4834],[3.592,43.4832],[3.5922,43.4829],[3.5924,43.4825],[3.5927,43.4821],[3.5928,43.4818],[3.5929,43.4815],[3.593,43.4811],[3.5931,43.4809],[3.5932,43.4806],[3.5934,43.4805],[3.5937,43.4803],[3.594,43.48],[3.5943,43.4798],[3.5946,43.4794],[3.5949,43.4791],[3.5952,43.4787],[3.5954,43.4783],[3.5955,43.4779],[3.5956,43.4776],[3.5957,43.4773],[3.5957,43.477],[3.5956,43.4766],[3.5956,43.4761],[3.5955,43.4757],[3.5956,43.4754],[3.5955,43.4751],[3.5954,43.4747],[3.5952,43.4742],[3.595,43.4738],[3.5948,43.4735],[3.5946,43.4733],[3.5945,43.4731],[3.5943,43.4731],[3.5942,43.4731],[3.594,43.4731],[3.5938,43.4732],[3.5936,43.4733],[3.5932,43.4734],[3.5929,43.4734],[3.5925,43.4735],[3.5923,43.4736],[3.5921,43.4738],[3.592,43.4739],[3.5919,43.474],[3.5918,43.4742],[3.5918,43.4744],[3.5918,43.4746],[3.5918,43.4748],[3.5916,43.4751],[3.5914,43.4754],[3.5914,43.4754],[3.5914,43.4755],[3.5915,43.4757],[3.5917,43.4758],[3.592,43.4758],[3.5923,43.4758],[3.5926,43.4758],[3.593,43.4758],[3.5934,43.4759],[3.5937,43.4761],[3.594,43.4762],[3.5942,43.4765],[3.5944,43.4768],[3.5945,43.4771],[3.5945,43.4774],[3.5944,43.4776],[3.5942,43.4778],[3.594,43.478],[3.5937,43.4781],[3.5934,43.4781],[3.5932,43.4781],[3.5928,43.478],[3.5925,43.4779],[3.5922,43.4778],[3.5919,43.4775],[3.5914,43.4772],[3.5911,43.4769],[3.5909,43.4767],[3.5906,43.4766],[3.5904,43.4766],[3.5901,43.4766],[3.5899,43.4766],[3.5897,43.4767],[3.5895,43.477],[3.5893,43.4772],[3.5892,43.4775],[3.5892,43.4778],[3.5891,43.478],[3.589,43.4783],[3.5886,43.4789],[3.5882,43.4795],[3.5879,43.4799],[3.5877,43.4801],[3.5875,43.4802],[3.5872,43.4803],[3.5869,43.4804],[3.5866,43.4806],[3.5865,43.4806],[3.5869,43.4807],[3.5873,43.4808],[3.5877,43.481],[3.5882,43.4811],[3.5886,43.4812],[3.589,43.4814],[3.5893,43.4815],[3.5895,43.4816],[3.5896,43.4817],[3.5897,43.4818],[3.5899,43.4819],[3.59,43.4821],[3.5901,43.4823],[3.5903,43.4826],[3.5905,43.4829],[3.5906,43.4832],[3.5908,43.4835],[3.5909,43.4837],[3.591,43.484]]]}},{"type":"Feature","properties":{"MI_PRINX":3673820.0,"CARTE":264,"CODE":3316,"CODE_LEG":424,"NOTATION":"h1MF","DESCR":"Calcaires et lydiennes à nodules phosphatés du Pic de Vissou et de la Serre - Nappes des Monts de Faugères (Tournaisien)","C_FOND":20,"M_FOND":40,"J_FOND":70,"N_FOND":0,"NOM_SYMB":null,"C_SYMB":-1,"M_SYMB":-1,"J_SYMB":-1,"N_SYMB":-1,"ROT_SYMB":0,"score_potentiel":70,"niveau_potentiel":"Très élevé 🌟","pente_degres":32.2,"type_affleurement":"Affleurement Fort (Falaise / Ravine) 🔴","score_relieffiltered":100.0},"geometry":{"type":"Polygon","coordinates":[[[3.0961,43.4904],[3.0964,43.4909],[3.0966,43.4913],[3.0969,43.4916],[3.0972,43.4919],[3.0971,43.4916],[3.0971,43.4913],[3.097,43.4911],[3.097,43.4909],[3.0971,43.4908],[3.0972,43.4907],[3.0973,43.4907],[3.0975,43.4908],[3.0976,43.4909],[3.0979,43.491],[3.0981,43.491],[3.0982,43.4909],[3.0983,43.4908],[3.0983,43.4908],[3.0981,43.4905],[3.0979,43.49],[3.0976,43.4896],[3.0974,43.4893],[3.097,43.4889],[3.0965,43.4885],[3.0961,43.4881],[3.0959,43.4877],[3.0962,43.4878],[3.0966,43.4878],[3.097,43.4879],[3.0973,43.4881],[3.0971,43.4879],[3.0968,43.4877],[3.0965,43.4875],[3.0962,43.4872],[3.0959,43.487],[3.0955,43.4868],[3.0952,43.4865],[3.0948,43.4862],[3.0945,43.486],[3.0941,43.4857],[3.0938,43.4854],[3.0936,43.4852],[3.0934,43.485],[3.0932,43.4848],[3.0931,43.4846],[3.093,43.4844],[3.0929,43.4842],[3.0927,43.4841],[3.0924,43.484],[3.092,43.4839],[3.0917,43.4837],[3.0914,43.4836],[3.0911,43.4835],[3.0908,43.4834],[3.0905,43.4832],[3.0902,43.4831],[3.0899,43.4829],[3.0898,43.4829],[3.0899,43.4832],[3.09,43.4835],[3.0901,43.4838],[3.0902,43.484],[3.0903,43.4842],[3.0904,43.4844],[3.0906,43.4845],[3.0908,43.4846],[3.091,43.4847],[3.0913,43.4848],[3.0915,43.4849],[3.0918,43.485],[3.0919,43.4851],[3.0921,43.4853],[3.0922,43.4855],[3.0925,43.4854],[3.0929,43.4854],[3.0932,43.4855],[3.0933,43.4858],[3.0934,43.4863],[3.0933,43.4865],[3.0931,43.4866],[3.0929,43.4866],[3.0927,43.4866],[3.0929,43.4871],[3.093,43.4872],[3.0935,43.4871],[3.0939,43.4872],[3.0941,43.4875],[3.0941,43.4877],[3.0939,43.4879],[3.0937,43.4881],[3.0934,43.488],[3.0935,43.4881],[3.0936,43.4884],[3.0938,43.4886],[3.0939,43.4886],[3.094,43.4886],[3.0941,43.4886],[3.0942,43.4887],[3.0943,43.4887],[3.0945,43.4887],[3.0946,43.4886],[3.0948,43.4885],[3.0949,43.4885],[3.095,43.4884],[3.0951,43.4884],[3.0952,43.4884],[3.0953,43.4884],[3.0954,43.4886],[3.0955,43.4887],[3.0955,43.489],[3.0956,43.4893],[3.096,43.4894],[3.0965,43.4897],[3.0968,43.4899],[3.0968,43.4901],[3.0967,43.4903],[3.0964,43.4904],[3.0961,43.4904]]]}},{"type":"Feature","properties":{"MI_PRINX":3673926.0,"CARTE":264,"CODE":3316,"CODE_LEG":424,"NOTATION":"h1MF","DESCR":"Calcaires et lydiennes à nodules phosphatés du Pic de Vissou et de la Serre - Nappes des Monts de Faugères (Tournaisien)","C_FOND":20,"M_FOND":40,"J_FOND":70,"N_FOND":0,"NOM_SYMB":null,"C_SYMB":-1,"M_SYMB":-1,"J_SYMB":-1,"N_SYMB":-1,"ROT_SYMB":0,"score_potentiel":70,"niveau_potentiel":"Très élevé 🌟","pente_degres":20.9,"type_affleurement":"Affleurement Moyen (Escarpement) 🟠","score_relieffiltered":85.3},"geometry":{"type":"Polygon","coordinates":[[[3.0905,43.4859],[3.0907,43.4862],[3.0909,43.4863],[3.091,43.4865],[3.0912,43.4868],[3.0914,43.4871],[3.0917,43.4874],[3.092,43.4878],[3.0921,43.4877],[3.0921,43.4876],[3.0922,43.4875],[3.0922,43.4873],[3.0921,43.4872],[3.0921,43.4871],[3.092,43.4869],[3.0919,43.4868],[3.0917,43.4866],[3.0916,43.4865],[3.0914,43.4863],[3.0912,43.4861],[3.0911,43.4859],[3.091,43.4856],[3.0909,43.4853],[3.0908,43.4852],[3.0907,43.485],[3.0904,43.4848],[3.0901,43.4845],[3.0897,43.4842],[3.0896,43.4841],[3.0897,43.4844],[3.0899,43.4847],[3.0902,43.4851],[3.0904,43.4853],[3.0904,43.4854],[3.0904,43.4856],[3.0905,43.4859]]]}},{"type":"Feature","properties":{"MI_PRINX":3674181.0,"CARTE":264,"CODE":50,"CODE_LEG":50,"NOTATION":"Fy","DESCR":"Blocs, galets et graviers de calcaires siliceux, de grès, de quartz, de lydiennes, de porphyrites et de débris basaltiques (Terrasses glaciaires Würm)","C_FOND":10,"M_FOND":0,"J_FOND":10,"N_FOND":0,"NOM_SYMB":null,"C_SYMB":-1,"M_SYMB":-1,"J_SYMB":-1,"N_SYMB":-1,"ROT_SYMB":0,"score_potentiel":70,"niveau_potentiel":"Très élevé 🌟","pente_degres":20.2,"type_affleurement":"Affleurement Moyen (Escarpement) 🟠","score_relieffiltered":84.3},"geometry":{"type":"Polygon","coordinates":[[[3.2821,43.4767],[3.2824,43.4766],[3.2826,43.4766],[3.2828,43.4764],[3.283,43.476],[3.2833,43.4758],[3.2835,43.4757],[3.2838,43.4755],[3.284,43.4755],[3.2843,43.4754],[3.2848,43.4754],[3.2852,43.4754],[3.2855,43.4755],[3.2858,43.4756],[3.2861,43.4758],[3.2865,43.476],[3.2869,43.4763],[3.2871,43.4765],[3.2872,43.4765],[3.2872,43.4765],[3.2873,43.4765],[3.2873,43.4764],[3.2874,43.4762],[3.2875,43.4759],[3.2876,43.4756],[3.2876,43.4752],[3.2877,43.475],[3.2878,43.4749],[3.2879,43.4748],[3.2882,43.4746],[3.2884,43.4745],[3.2885,43.4743],[3.2886,43.474],[3.2887,43.4737],[3.2889,43.4735],[3.2891,43.4734],[3.2894,43.4732],[3.2896,43.4731],[3.29,43.4731],[3.2905,43.473],[3.2909,43.473],[3.2912,43.473],[3.2915,43.4732],[3.2918,43.4733],[3.2922,43.4735],[3.2925,43.4735],[3.2929,43.4735],[3.2932,43.4734],[3.2935,43.4733],[3.2937,43.4731],[3.2938,43.4729],[3.294,43.4728],[3.294,43.4726],[3.294,43.4724],[3.294,43.4722],[3.294,43.472],[3.2939,43.4717],[3.2937,43.4714],[3.2935,43.471],[3.2932,43.4706],[3.2932,43.4703],[3.2932,43.4702],[3.2932,43.47],[3.2935,43.4697],[3.2938,43.4694],[3.2942,43.4693],[3.2946,43.4691],[3.295,43.4691],[3.2954,43.4691],[3.2958,43.4691],[3.2961,43.4692],[3.2964,43.4693],[3.2967,43.4693],[3.297,43.4693],[3.2973,43.4692],[3.2975,43.4691],[3.2977,43.469],[3.2978,43.4688],[3.2979,43.4686],[3.298,43.4683],[3.2979,43.4682],[3.2979,43.468],[3.2978,43.4677],[3.2976,43.4674],[3.2974,43.4671],[3.2972,43.4668],[3.297,43.4664],[3.2968,43.4659],[3.2967,43.4656],[3.2967,43.4651],[3.2966,43.4648],[3.2967,43.4644],[3.2968,43.4639],[3.2969,43.4635],[3.2971,43.4632],[3.2974,43.4629],[3.2977,43.4626],[3.298,43.4624],[3.2983,43.4623],[3.2987,43.4622],[3.2992,43.4621],[3.2995,43.4621],[3.2998,43.4621],[3.3,43.4622],[3.3003,43.4623],[3.3008,43.4624],[3.3011,43.4626],[3.3012,43.4626],[3.3013,43.4627],[3.3014,43.4627],[3.3014,43.4626],[3.3014,43.4626],[3.3015,43.4623],[3.3016,43.462],[3.3017,43.4618],[3.3019,43.4616],[3.3022,43.4613],[3.3023,43.4612],[3.3024,43.461],[3.3024,43.4608],[3.3022,43.4606],[3.302,43.4604],[3.302,43.4601],[3.302,43.4599],[3.302,43.4598],[3.3021,43.4595],[3.3022,43.4593],[3.3024,43.4591],[3.3025,43.4589],[3.3025,43.4588],[3.3025,43.4587],[3.3025,43.4585],[3.3025,43.4583],[3.3023,43.458],[3.3022,43.4578],[3.302,43.4576],[3.3019,43.4574],[3.3019,43.4573],[3.3017,43.4576],[3.3015,43.4578],[3.3012,43.458],[3.3009,43.4583],[3.3007,43.4585],[3.3005,43.4586],[3.3001,43.4589],[3.2994,43.4593],[3.2988,43.4596],[3.2984,43.4599],[3.2981,43.4601],[3.2978,43.4604],[3.2974,43.4607],[3.2971,43.4609],[3.2968,43.4612],[3.2966,43.4615],[3.2963,43.4619],[3.2959,43.4624],[3.2956,43.4627],[3.2954,43.4629],[3.2952,43.4631],[3.2951,43.4632],[3.2949,43.4632],[3.2947,43.4633],[3.2944,43.4633],[3.2939,43.4634],[3.2934,43.4634],[3.2931,43.4635],[3.2929,43.4636],[3.2928,43.4636],[3.2926,43.4638],[3.2924,43.464],[3.2921,43.4643],[3.2918,43.4647],[3.2916,43.4649],[3.2915,43.4651],[3.2914,43.4654],[3.2913,43.4656],[3.2913,43.4658],[3.2912,43.4659],[3.2911,43.466],[3.2909,43.4662],[3.2907,43.4663],[3.2905,43.4665],[3.2903,43.4667],[3.29,43.4669],[3.2896,43.4672],[3.2892,43.4675],[3.2888,43.4677],[3.2885,43.4678],[3.2882,43.4679],[3.288,43.468],[3.2876,43.4681],[3.2872,43.4682],[3.2868,43.4684],[3.2866,43.4685],[3.2863,43.4686],[3.286,43.4687],[3.2857,43.4687],[3.2855,43.4687],[3.2852,43.4687],[3.2848,43.4687],[3.2845,43.4687],[3.2845,43.4687],[3.2841,43.4688],[3.2838,43.4688],[3.2836,43.4689],[3.2834,43.4689],[3.2832,43.469],[3.283,43.4691],[3.2828,43.4692],[3.2825,43.4693],[3.2823,43.4695],[3.2821,43.4696],[3.2819,43.4699],[3.2817,43.4702],[3.2814,43.4706],[3.2811,43.471],[3.2808,43.4714],[3.2807,43.4716],[3.2805,43.4719],[3.2805,43.4722],[3.2804,43.4726],[3.2804,43.473],[3.2803,43.4732],[3.2802,43.4734],[3.2801,43.4736],[3.2799,43.4738],[3.2798,43.4741],[3.2797,43.4743],[3.2796,43.4744],[3.2795,43.4746],[3.2795,43.4748],[3.2796,43.475],[3.2796,43.4752],[3.2796,43.4754],[3.2797,43.4756],[3.2798,43.4757],[3.2799,43.4759],[3.2801,43.476],[3.2802,43.4761],[3.2804,43.4762],[3.2806,43.4763],[3.2809,43.4764],[3.2812,43.4765],[3.2817,43.4766],[3.2821,43.4767]]]}},{"type":"Feature","properties":{"MI_PRINX":3662017.0,"CARTE":264,"CODE":50,"CODE_LEG":50,"NOTATION":"Fy","DESCR":"Blocs, galets et graviers de calcaires siliceux, de grès, de quartz, de lydiennes, de porphyrites et de débris basaltiques (Terrasses glaciaires Würm)","C_FOND":10,"M_FOND":0,"J_FOND":10,"N_FOND":0,"NOM_SYMB":null,"C_SYMB":-1,"M_SYMB":-1,"J_SYMB":-1,"N_SYMB":-1,"ROT_SYMB":0,"score_potentiel":70,"niveau_potentiel":"Très élevé 🌟","pente_degres":17.5,"type_affleurement":"Affleurement Moyen (Escarpement) 🟠","score_relieffiltered":80.5},"geometry":{"type":"Polygon","coordinates":[[[3.4279,43.719],[3.4281,43.7186],[3.4285,43.7183],[3.4288,43.7182],[3.4291,43.718],[3.4295,43.7177],[3.4293,43.7175],[3.4289,43.7173],[3.4283,43.7169],[3.4279,43.7164],[3.4273,43.7162],[3.427,43.7161],[3.4268,43.7161],[3.4263,43.7159],[3.4259,43.7158],[3.4255,43.7154],[3.4254,43.7153],[3.4253,43.7154],[3.4251,43.7163],[3.4251,43.7165],[3.4254,43.7171],[3.4262,43.7181],[3.4265,43.7178],[3.4266,43.7178],[3.4267,43.7178],[3.427,43.7179],[3.4273,43.7182],[3.4274,43.7185],[3.4273,43.7186],[3.4273,43.7188],[3.4276,43.7191],[3.4277,43.7191],[3.4279,43.719]]]}},{"type":"Feature","properties":{"MI_PRINX":3662242.0,"CARTE":264,"CODE":50,"CODE_LEG":50,"NOTATION":"Fy","DESCR":"Blocs, galets et graviers de calcaires siliceux, de grès, de quartz, de lydiennes, de porphyrites et de débris basaltiques (Terrasses glaciaires Würm)","C_FOND":10,"M_FOND":0,"J_FOND":10,"N_FOND":0,"NOM_SYMB":null,"C_SYMB":-1,"M_SYMB":-1,"J_SYMB":-1,"N_SYMB":-1,"ROT_SYMB":0,"score_potentiel":70,"niveau_potentiel":"Très élevé 🌟","pente_degres":17.4,"type_affleurement":"Affleurement Moyen (Escarpement) 🟠","score_relieffiltered":80.4},"geometry":{"type":"Polygon","coordinates":[[[3.3921,43.7081],[3.3925,43.7078],[3.3934,43.7074],[3.3936,43.707],[3.3938,43.7068],[3.3938,43.7068],[3.3938,43.7065],[3.3942,43.706],[3.3944,43.7056],[3.3946,43.7052],[3.3947,43.7051],[3.3949,43.705],[3.395,43.7048],[3.3948,43.7048],[3.3942,43.7048],[3.3935,43.7048],[3.3933,43.7048],[3.3932,43.7048],[3.3922,43.7048],[3.3916,43.7051],[3.3914,43.7053],[3.3909,43.7057],[3.3907,43.706],[3.3902,43.7062],[3.3899,43.7064],[3.3899,43.7065],[3.3902,43.7069],[3.3903,43.7072],[3.3905,43.7076],[3.3905,43.708],[3.3905,43.7082],[3.3905,43.7082],[3.3902,43.7088],[3.3903,43.7089],[3.3906,43.709],[3.391,43.7092],[3.3911,43.7098],[3.3912,43.7099],[3.3914,43.7098],[3.3915,43.7096],[3.3916,43.7094],[3.3917,43.7091],[3.3915,43.7089],[3.3915,43.7087],[3.3916,43.7086],[3.3921,43.7081]]]}},{"type":"Feature","properties":{"MI_PRINX":3662365.0,"CARTE":264,"CODE":50,"CODE_LEG":50,"NOTATION":"Fy","DESCR":"Blocs, galets et graviers de calcaires siliceux, de grès, de quartz, de lydiennes, de porphyrites et de débris basaltiques (Terrasses glaciaires Würm)","C_FOND":10,"M_FOND":0,"J_FOND":10,"N_FOND":0,"NOM_SYMB":null,"C_SYMB":-1,"M_SYMB":-1,"J_SYMB":-1,"N_SYMB":-1,"ROT_SYMB":0,"score_potentiel":70,"niveau_potentiel":"Très élevé 🌟","pente_degres":18.8,"type_affleurement":"Affleurement Moyen (Escarpement) 🟠","score_relieffiltered":82.3},"geometry":{"type":"Polygon","coordinates":[[[3.4485,43.7002],[3.4482,43.7004],[3.4481,43.7007],[3.4475,43.7011],[3.4472,43.7012],[3.4467,43.7015],[3.4463,43.7018],[3.4463,43.7027],[3.4457,43.7033],[3.4457,43.7038],[3.4456,43.7041],[3.4456,43.7043],[3.4458,43.7046],[3.446,43.7046],[3.4464,43.7041],[3.447,43.7036],[3.4474,43.7033],[3.4475,43.7024],[3.4477,43.7021],[3.4481,43.702],[3.4484,43.7018],[3.4484,43.7016],[3.4483,43.7013],[3.4484,43.7011],[3.4488,43.7004],[3.4487,43.7003],[3.4485,43.7002]]]}},{"type":"Feature","properties":{"MI_PRINX":3662366.0,"CARTE":264,"CODE":50,"CODE_LEG":50,"NOTATION":"Fy","DESCR":"Blocs, galets et graviers de calcaires siliceux, de grès, de quartz, de lydiennes, de porphyrites et de débris basaltiques (Terrasses glaciaires Würm)","C_FOND":10,"M_FOND":0,"J_FOND":10,"N_FOND":0,"NOM_SYMB":null,"C_SYMB":-1,"M_SYMB":-1,"J_SYMB":-1,"N_SYMB":-1,"ROT_SYMB":0,"score_potentiel":70,"niveau_potentiel":"Très élevé 🌟","pente_degres":18.8,"type_affleurement":"Affleurement Moyen (Escarpement) 🟠","score_relieffiltered":82.3},"geometry":{"type":"Polygon","coordinates":[[[3.582,43.703],[3.5821,43.7028],[3.582,43.7026],[3.5821,43.7021],[3.5821,43.702],[3.5823,43.7016],[3.5829,43.701],[3.5836,43.7008],[3.5839,43.7007],[3.5844,43.7006],[3.5848,43.7004],[3.5854,43.6994],[3.5858,43.6989],[3.5858,43.6988],[3.586,43.6982],[3.5859,43.6976],[3.5858,43.6972],[3.5858,43.6971],[3.5857,43.6964],[3.5858,43.6956],[3.5861,43.695],[3.5875,43.6935],[3.5877,43.6928],[3.5877,43.6923],[3.5879,43.6916],[3.5879,43.6911],[3.5875,43.6905],[3.5875,43.6902],[3.5875,43.69],[3.5877,43.6893],[3.5879,43.6886],[3.5878,43.6875],[3.5878,43.6874],[3.5879,43.6869],[3.5879,43.6867],[3.588,43.6864],[3.588,43.6861],[3.5882,43.6857],[3.5884,43.6853],[3.5891,43.6848],[3.5895,43.6847],[3.5901,43.6846],[3.5896,43.6843],[3.5887,43.684],[3.5881,43.6839],[3.5876,43.684],[3.587,43.6842],[3.5864,43.6845],[3.5856,43.6845],[3.5845,43.6849],[3.5841,43.6849],[3.5836,43.6849],[3.5831,43.6848],[3.5823,43.6845],[3.582,43.6845],[3.5817,43.6847],[3.5815,43.685],[3.5817,43.6854],[3.5814,43.686],[3.5803,43.6866],[3.5803,43.6867],[3.5806,43.6869],[3.581,43.6868],[3.5812,43.6869],[3.5808,43.6872],[3.5805,43.6874],[3.5804,43.6875],[3.5805,43.6876],[3.5803,43.6878],[3.5793,43.6876],[3.5792,43.6876],[3.5782,43.6874],[3.5779,43.6874],[3.5768,43.6879],[3.5763,43.688],[3.5757,43.6882],[3.5755,43.6884],[3.5758,43.6893],[3.5759,43.69],[3.5758,43.6902],[3.5758,43.6904],[3.576,43.6907],[3.5773,43.6914],[3.5779,43.6919],[3.578,43.6921],[3.5779,43.6924],[3.5782,43.6928],[3.5791,43.6934],[3.5808,43.6947],[3.581,43.6948],[3.5813,43.6952],[3.5814,43.6954],[3.5809,43.6965],[3.5809,43.6974],[3.5808,43.6981],[3.5807,43.6982],[3.5809,43.6986],[3.5814,43.6993],[3.5814,43.6996],[3.5818,43.7002],[3.5818,43.7004],[3.5816,43.701],[3.5815,43.7014],[3.5815,43.7021],[3.5817,43.7025],[3.582,43.703]]]}},{"type":"Feature","properties":{"MI_PRINX":3674003.0,"CARTE":264,"CODE":1009,"CODE_LEG":201,"NOTATION":"c6Vig","DESCR":"Marnes, grès, calcaires noduleux; grès de Villeveyrac (Maastrichtien supérieur)","C_FOND":25,"M_FOND":0,"J_FOND":100,"N_FOND":0,"NOM_SYMB":null,"C_SYMB":-1,"M_SYMB":-1,"J_SYMB":-1,"N_SYMB":-1,"ROT_SYMB":0,"score_potentiel":85,"niveau_potentiel":"Très élevé 🌟","pente_degres":19.0,"type_affleurement":"Affleurement Moyen (Escarpement) 🟠","score_relieffiltered":100.0},"geometry":{"type":"Polygon","coordinates":[[[3.5859,43.4802],[3.586,43.48],[3.5861,43.4797],[3.5863,43.4796],[3.5864,43.4794],[3.5867,43.4791],[3.5869,43.4787],[3.5872,43.4783],[3.5875,43.4778],[3.5876,43.4775],[3.5877,43.4771],[3.5879,43.4766],[3.5881,43.4761],[3.5883,43.4758],[3.5884,43.4755],[3.5887,43.4753],[3.589,43.475],[3.5891,43.4748],[3.5892,43.4747],[3.5892,43.4745],[3.5892,43.4742],[3.5892,43.4738],[3.5893,43.4735],[3.5894,43.4734],[3.5895,43.4732],[3.5897,43.4731],[3.5898,43.4731],[3.5901,43.4731],[3.5903,43.473],[3.5904,43.473],[3.5904,43.4729],[3.5906,43.4726],[3.5908,43.4724],[3.5909,43.4723],[3.5911,43.4722],[3.5914,43.4721],[3.5914,43.4721],[3.5916,43.4721],[3.5921,43.4718],[3.5927,43.4715],[3.5931,43.4712],[3.5934,43.471],[3.5936,43.4707],[3.5939,43.4703],[3.5941,43.4699],[3.5943,43.4693],[3.5945,43.4688],[3.5947,43.4683],[3.5949,43.4677],[3.595,43.4672],[3.595,43.4669],[3.595,43.4665],[3.5949,43.4661],[3.5947,43.4656],[3.5946,43.4651],[3.5945,43.4648],[3.5944,43.4646],[3.5944,43.4643],[3.5945,43.464],[3.5946,43.4636],[3.5947,43.4633],[3.5949,43.4629],[3.595,43.4627],[3.5953,43.4623],[3.5954,43.462],[3.5954,43.4619],[3.5954,43.4616],[3.5954,43.4615],[3.5953,43.4614],[3.5951,43.4613],[3.595,43.4613],[3.5948,43.4613],[3.5947,43.4614],[3.5944,43.4615],[3.5942,43.4617],[3.5941,43.4619],[3.5938,43.4622],[3.5938,43.4623],[3.5936,43.4626],[3.5934,43.4628],[3.5933,43.4629],[3.593,43.4631],[3.5927,43.4632],[3.5926,43.4633],[3.592,43.4634],[3.5914,43.4635],[3.591,43.4636],[3.591,43.4636],[3.5908,43.4638],[3.5907,43.464],[3.5906,43.4642],[3.5905,43.4643],[3.5904,43.4644],[3.5903,43.4644],[3.59,43.4645],[3.5897,43.4646],[3.5895,43.4648],[3.5893,43.4651],[3.5892,43.4652],[3.5891,43.4652],[3.5889,43.4652],[3.5888,43.4653],[3.5887,43.4652],[3.5886,43.4651],[3.5885,43.465],[3.5885,43.4649],[3.5885,43.4646],[3.5887,43.4639],[3.5889,43.4633],[3.589,43.463],[3.5893,43.4626],[3.5897,43.4621],[3.59,43.4619],[3.5903,43.4617],[3.5908,43.4613],[3.5914,43.4608],[3.5919,43.4603],[3.5925,43.4598],[3.5927,43.4596],[3.593,43.4593],[3.5934,43.4588],[3.5938,43.4584],[3.5941,43.458],[3.5944,43.4576],[3.5945,43.4574],[3.5948,43.457],[3.5951,43.4565],[3.5954,43.4561],[3.5954,43.456],[3.5944,43.4561],[3.5935,43.4562],[3.5928,43.4562],[3.5921,43.4562],[3.5914,43.4561],[3.5907,43.456],[3.5902,43.4558],[3.5898,43.4557],[3.5894,43.4557],[3.5889,43.4556],[3.5883,43.4556],[3.5877,43.4556],[3.587,43.4557],[3.5864,43.4559],[3.5858,43.456],[3.5851,43.4561],[3.5845,43.4562],[3.5844,43.4562],[3.5841,43.4562],[3.5838,43.4562],[3.5837,43.4562],[3.5837,43.4562],[3.5837,43.4561],[3.5837,43.456],[3.5837,43.4558],[3.5838,43.4557],[3.5842,43.4553],[3.5847,43.4548],[3.585,43.4545],[3.5852,43.4544],[3.5853,43.4542],[3.5854,43.454],[3.5855,43.4539],[3.5854,43.4538],[3.5853,43.4537],[3.585,43.4536],[3.5847,43.4536],[3.5843,43.4536],[3.5837,43.4536],[3.5833,43.4537],[3.583,43.4537],[3.5826,43.4537],[3.5822,43.4536],[3.5816,43.4535],[3.5812,43.4534],[3.5809,43.4533],[3.5807,43.4532],[3.5804,43.453],[3.5801,43.4528],[3.5798,43.4527],[3.5795,43.4526],[3.5793,43.4524],[3.5792,43.4522],[3.579,43.452],[3.5788,43.4519],[3.5786,43.4518],[3.5784,43.4517],[3.5781,43.4516],[3.5779,43.4515],[3.5778,43.4514],[3.5777,43.4512],[3.5776,43.451],[3.5775,43.4509],[3.5773,43.4508],[3.5771,43.4507],[3.577,43.4506],[3.5769,43.4505],[3.5769,43.4505],[3.577,43.4503],[3.5772,43.45],[3.5773,43.4495],[3.5773,43.4492],[3.5773,43.449],[3.5773,43.4488],[3.5771,43.4483],[3.577,43.4479],[3.5771,43.4476],[3.5771,43.4475],[3.5771,43.4474],[3.5772,43.4472],[3.5774,43.447],[3.5775,43.4469],[3.5776,43.4468],[3.5776,43.4466],[3.5777,43.4465],[3.5778,43.4462],[3.5779,43.4459],[3.5781,43.4457],[3.5781,43.4455],[3.5781,43.4454],[3.578,43.4453],[3.5778,43.4453],[3.5776,43.4452],[3.5773,43.4453],[3.5771,43.4453],[3.5768,43.4454],[3.5764,43.4455],[3.5758,43.4457],[3.5758,43.4458],[3.5756,43.4459],[3.5753,43.446],[3.5748,43.4462],[3.5744,43.4464],[3.5739,43.4465],[3.5734,43.4466],[3.5728,43.4467],[3.5723,43.4466],[3.572,43.4466],[3.5717,43.4465],[3.5713,43.4463],[3.571,43.4461],[3.5708,43.4461],[3.5706,43.4461],[3.5703,43.4462],[3.5699,43.4463],[3.5697,43.4464],[3.5695,43.4466],[3.5693,43.4469],[3.5692,43.4472],[3.5691,43.4475],[3.569,43.4477],[3.5688,43.4479],[3.5685,43.448],[3.5683,43.4482],[3.568,43.4482],[3.5679,43.4484],[3.5679,43.4486],[3.5679,43.449],[3.5679,43.4495],[3.5679,43.45],[3.5678,43.4503],[3.5678,43.4505],[3.5677,43.4507],[3.5676,43.4509],[3.5675,43.4511],[3.5674,43.4513],[3.5673,43.4514],[3.5673,43.4516],[3.5673,43.4517],[3.5673,43.4518],[3.5673,43.452],[3.5673,43.4522],[3.5674,43.4524],[3.5674,43.4526],[3.5674,43.4528],[3.5673,43.453],[3.5672,43.4533],[3.5671,43.4537],[3.567,43.454],[3.5669,43.4543],[3.5669,43.4545],[3.5669,43.4547],[3.5669,43.455],[3.5669,43.4553],[3.567,43.4555],[3.567,43.4557],[3.5672,43.456],[3.5675,43.4565],[3.5678,43.457],[3.5681,43.4574],[3.5682,43.4577],[3.5683,43.4579],[3.5684,43.4582],[3.5685,43.4585],[3.5687,43.4589],[3.5688,43.4592],[3.5689,43.4595],[3.569,43.4599],[3.5691,43.4603],[3.5691,43.4606],[3.5692,43.4609],[3.5693,43.4611],[3.5694,43.4613],[3.5695,43.4615],[3.5696,43.4617],[3.5698,43.4618],[3.5699,43.462],[3.5701,43.4622],[3.5704,43.4625],[3.5708,43.463],[3.5711,43.4634],[3.5713,43.4637],[3.5715,43.4639],[3.5716,43.4641],[3.5717,43.4643],[3.5718,43.4646],[3.5719,43.465],[3.5721,43.4655],[3.5722,43.4659],[3.5723,43.4661],[3.5725,43.4663],[3.5726,43.4664],[3.5729,43.4667],[3.5731,43.4669],[3.5733,43.467],[3.5735,43.4672],[3.5737,43.4674],[3.5738,43.4675],[3.574,43.4677],[3.5741,43.468],[3.5743,43.4682],[3.5744,43.4685],[3.5745,43.4686],[3.5745,43.4688],[3.5746,43.4691],[3.5747,43.4694],[3.5748,43.4698],[3.575,43.4702],[3.5752,43.4704],[3.5755,43.4706],[3.5757,43.4708],[3.5759,43.4709],[3.5762,43.471],[3.5765,43.4712],[3.5768,43.4712],[3.5768,43.4713],[3.5771,43.4714],[3.5774,43.4714],[3.5776,43.4715],[3.5778,43.4716],[3.578,43.4717],[3.5781,43.4719],[3.5783,43.472],[3.5784,43.4721],[3.5785,43.4723],[3.5785,43.4725],[3.5786,43.4727],[3.5786,43.4729],[3.5787,43.473],[3.5787,43.4732],[3.5788,43.4733],[3.5789,43.4735],[3.5793,43.4737],[3.5797,43.4739],[3.58,43.4741],[3.5803,43.4743],[3.5805,43.4745],[3.5807,43.4747],[3.5809,43.4749],[3.581,43.4751],[3.5812,43.4754],[3.5814,43.4757],[3.5815,43.476],[3.5817,43.4763],[3.5818,43.4766],[3.582,43.4769],[3.5822,43.4772],[3.5825,43.4775],[3.5839,43.4777],[3.5841,43.4778],[3.5842,43.4779],[3.5845,43.4781],[3.5848,43.4783],[3.585,43.4785],[3.5851,43.4786],[3.5852,43.4788],[3.5854,43.4791],[3.5856,43.4794],[3.5857,43.4798],[3.5859,43.4802]]]}},{"type":"Feature","properties":{"MI_PRINX":3674168.0,"CARTE":264,"CODE":50,"CODE_LEG":50,"NOTATION":"Fy","DESCR":"Blocs, galets et graviers de calcaires siliceux, de grès, de quartz, de lydiennes, de porphyrites et de débris basaltiques (Terrasses glaciaires Würm)","C_FOND":10,"M_FOND":0,"J_FOND":10,"N_FOND":0,"NOM_SYMB":null,"C_SYMB":-1,"M_SYMB":-1,"J_SYMB":-1,"N_SYMB":-1,"ROT_SYMB":0,"score_potentiel":70,"niveau_potentiel":"Très élevé 🌟","pente_degres":19.2,"type_affleurement":"Affleurement Moyen (Escarpement) 🟠","score_relieffiltered":82.9},"geometry":{"type":"Polygon","coordinates":[[[2.6943,43.4805],[2.6964,43.4804],[2.6975,43.4802],[2.6983,43.4802],[2.6988,43.4802],[2.6992,43.4804],[2.6994,43.4807],[2.6994,43.4806],[2.6997,43.4801],[2.7005,43.4788],[2.7007,43.4784],[2.7007,43.4781],[2.7006,43.4779],[2.7005,43.4778],[2.7002,43.4777],[2.6998,43.4777],[2.6994,43.4778],[2.6988,43.4779],[2.6984,43.4781],[2.698,43.4784],[2.6975,43.4788],[2.6971,43.4794],[2.6965,43.4797],[2.6958,43.4801],[2.6949,43.4804],[2.6943,43.4805]]]}},{"type":"Feature","properties":{"MI_PRINX":3662122.0,"CARTE":264,"CODE":50,"CODE_LEG":50,"NOTATION":"Fy","DESCR":"Blocs, galets et graviers de calcaires siliceux, de grès, de quartz, de lydiennes, de porphyrites et de débris basaltiques (Terrasses glaciaires Würm)","C_FOND":10,"M_FOND":0,"J_FOND":10,"N_FOND":0,"NOM_SYMB":null,"C_SYMB":-1,"M_SYMB":-1,"J_SYMB":-1,"N_SYMB":-1,"ROT_SYMB":0,"score_potentiel":70,"niveau_potentiel":"Très élevé 🌟","pente_degres":20.8,"type_affleurement":"Affleurement Moyen (Escarpement) 🟠","score_relieffiltered":85.1},"geometry":{"type":"Polygon","coordinates":[[[3.4256,43.7147],[3.4258,43.7147],[3.4267,43.7143],[3.4273,43.7143],[3.4279,43.7144],[3.4282,43.7145],[3.4284,43.7145],[3.429,43.7146],[3.4294,43.7146],[3.4295,43.7145],[3.4293,43.7142],[3.4286,43.7141],[3.4282,43.7139],[3.4278,43.7137],[3.4271,43.7132],[3.427,43.713],[3.4272,43.7125],[3.4271,43.7119],[3.4268,43.7112],[3.4267,43.711],[3.4268,43.7109],[3.4267,43.7107],[3.4268,43.7103],[3.4267,43.71],[3.4266,43.7097],[3.426,43.7091],[3.4258,43.7093],[3.4258,43.7096],[3.4255,43.7107],[3.4253,43.7109],[3.4253,43.7109],[3.4248,43.7117],[3.4248,43.7118],[3.4249,43.7121],[3.4253,43.7126],[3.4269,43.7138],[3.4269,43.7139],[3.4263,43.7137],[3.4258,43.7135],[3.4256,43.7135],[3.4254,43.7137],[3.4254,43.7137],[3.4256,43.7141],[3.4256,43.7144],[3.4256,43.7144],[3.4256,43.7146],[3.4256,43.7147]]]}},{"type":"Feature","properties":{"MI_PRINX":3662358.0,"CARTE":264,"CODE":50,"CODE_LEG":50,"NOTATION":"Fy","DESCR":"Blocs, galets et graviers de calcaires siliceux, de grès, de quartz, de lydiennes, de porphyrites et de débris basaltiques (Terrasses glaciaires Würm)","C_FOND":10,"M_FOND":0,"J_FOND":10,"N_FOND":0,"NOM_SYMB":null,"C_SYMB":-1,"M_SYMB":-1,"J_SYMB":-1,"N_SYMB":-1,"ROT_SYMB":0,"score_potentiel":70,"niveau_potentiel":"Très élevé 🌟","pente_degres":18.0,"type_affleurement":"Affleurement Moyen (Escarpement) 🟠","score_relieffiltered":81.2},"geometry":{"type":"Polygon","coordinates":[[[3.3985,43.7034],[3.3985,43.7029],[3.3983,43.7026],[3.398,43.7029],[3.3979,43.7032],[3.3978,43.7033],[3.3975,43.7038],[3.3966,43.7046],[3.3967,43.7047],[3.397,43.7047],[3.3972,43.7047],[3.3978,43.7052],[3.3979,43.7052],[3.3979,43.7046],[3.3981,43.7042],[3.3984,43.7037],[3.3984,43.7036],[3.3985,43.7034]]]}},{"type":"Feature","properties":{"MI_PRINX":3662470.0,"CARTE":264,"CODE":50,"CODE_LEG":50,"NOTATION":"Fy","DESCR":"Blocs, galets et graviers de calcaires siliceux, de grès, de quartz, de lydiennes, de porphyrites et de débris basaltiques (Terrasses glaciaires Würm)","C_FOND":10,"M_FOND":0,"J_FOND":10,"N_FOND":0,"NOM_SYMB":null,"C_SYMB":-1,"M_SYMB":-1,"J_SYMB":-1,"N_SYMB":-1,"ROT_SYMB":0,"score_potentiel":70,"niveau_potentiel":"Très élevé 🌟","pente_degres":19.9,"type_affleurement":"Affleurement Moyen (Escarpement) 🟠","score_relieffiltered":83.9},"geometry":{"type":"Polygon","coordinates":[[[3.4121,43.6993],[3.4119,43.6988],[3.4119,43.6987],[3.4119,43.6985],[3.4123,43.6981],[3.4127,43.698],[3.4131,43.6982],[3.4134,43.6984],[3.4135,43.6984],[3.4138,43.6982],[3.4138,43.6979],[3.4136,43.6975],[3.4136,43.6971],[3.4122,43.6963],[3.4119,43.6958],[3.4118,43.6955],[3.4118,43.6951],[3.4119,43.6949],[3.4118,43.6945],[3.4115,43.6938],[3.4117,43.6934],[3.4112,43.6924],[3.4112,43.6923],[3.4112,43.6919],[3.4112,43.6917],[3.4113,43.6913],[3.4112,43.6913],[3.4104,43.6923],[3.4092,43.6931],[3.4091,43.6932],[3.4091,43.6933],[3.4091,43.6935],[3.4095,43.6938],[3.4096,43.6942],[3.4096,43.6946],[3.4097,43.6948],[3.4098,43.6949],[3.41,43.695],[3.4102,43.695],[3.4104,43.695],[3.4107,43.6954],[3.4108,43.6967],[3.4106,43.6972],[3.4101,43.6981],[3.41,43.6984],[3.41,43.6989],[3.4101,43.699],[3.4102,43.6992],[3.4107,43.6996],[3.411,43.6998],[3.4112,43.7001],[3.4114,43.7003],[3.4116,43.7002],[3.412,43.6994],[3.4121,43.6993]]]}},{"type":"Feature","properties":{"MI_PRINX":3674143.0,"CARTE":264,"CODE":3316,"CODE_LEG":424,"NOTATION":"h1MF","DESCR":"Calcaires et lydiennes à nodules phosphatés du Pic de Vissou et de la Serre - Nappes des Monts de Faugères (Tournaisien)","C_FOND":20,"M_FOND":40,"J_FOND":70,"N_FOND":0,"NOM_SYMB":null,"C_SYMB":-1,"M_SYMB":-1,"J_SYMB":-1,"N_SYMB":-1,"ROT_SYMB":0,"score_potentiel":70,"niveau_potentiel":"Très élevé 🌟","pente_degres":19.5,"type_affleurement":"Affleurement Moyen (Escarpement) 🟠","score_relieffiltered":83.3},"geometry":{"type":"Polygon","coordinates":[[[3.0807,43.4796],[3.0812,43.4796],[3.0816,43.4796],[3.0818,43.4795],[3.0821,43.4795],[3.0823,43.4795],[3.0824,43.4795],[3.0821,43.4793],[3.0818,43.4791],[3.0815,43.479],[3.0813,43.4788],[3.081,43.4787],[3.0808,43.4786],[3.0805,43.4785],[3.0802,43.4783],[3.08,43.4782],[3.0797,43.4781],[3.0794,43.478],[3.079,43.4779],[3.0787,43.4778],[3.0783,43.4777],[3.0786,43.478],[3.0789,43.4783],[3.0791,43.4785],[3.0794,43.4787],[3.0796,43.4789],[3.0798,43.479],[3.08,43.4792],[3.0802,43.4793],[3.0805,43.4795],[3.0807,43.4796]]]}},{"type":"Feature","properties":{"MI_PRINX":3662333.0,"CARTE":264,"CODE":50,"CODE_LEG":50,"NOTATION":"Fy","DESCR":"Blocs, galets et graviers de calcaires siliceux, de grès, de quartz, de lydiennes, de porphyrites et de débris basaltiques (Terrasses glaciaires Würm)","C_FOND":10,"M_FOND":0,"J_FOND":10,"N_FOND":0,"NOM_SYMB":null,"C_SYMB":-1,"M_SYMB":-1,"J_SYMB":-1,"N_SYMB":-1,"ROT_SYMB":0,"score_potentiel":70,"niveau_potentiel":"Très élevé 🌟","pente_degres":15.5,"type_affleurement":"Affleurement Moyen (Escarpement) 🟠","score_relieffiltered":77.7},"geometry":{"type":"Polygon","coordinates":[[[3.4215,43.7054],[3.4223,43.7051],[3.4226,43.7048],[3.4224,43.7044],[3.4222,43.7041],[3.4218,43.704],[3.42,43.7035],[3.4202,43.7038],[3.4202,43.7041],[3.4201,43.7044],[3.42,43.7046],[3.4199,43.7048],[3.4199,43.7048],[3.4201,43.7051],[3.4202,43.7054],[3.4204,43.7058],[3.4208,43.7062],[3.421,43.7061],[3.4212,43.7057],[3.4215,43.7054]]]}},{"type":"Feature","properties":{"MI_PRINX":3662463.0,"CARTE":264,"CODE":50,"CODE_LEG":50,"NOTATION":"Fy","DESCR":"Blocs, galets et graviers de calcaires siliceux, de grès, de quartz, de lydiennes, de porphyrites et de débris basaltiques (Terrasses glaciaires Würm)","C_FOND":10,"M_FOND":0,"J_FOND":10,"N_FOND":0,"NOM_SYMB":null,"C_SYMB":-1,"M_SYMB":-1,"J_SYMB":-1,"N_SYMB":-1,"ROT_SYMB":0,"score_potentiel":70,"niveau_potentiel":"Très élevé 🌟","pente_degres":19.8,"type_affleurement":"Affleurement Moyen (Escarpement) 🟠","score_relieffiltered":83.7},"geometry":{"type":"Polygon","coordinates":[[[3.3991,43.7007],[3.3992,43.7007],[3.3994,43.7003],[3.3997,43.6999],[3.4002,43.6995],[3.4009,43.6993],[3.4022,43.6978],[3.4028,43.6975],[3.4035,43.6974],[3.4039,43.6973],[3.4044,43.6973],[3.4048,43.6971],[3.405,43.6967],[3.405,43.696],[3.4051,43.6957],[3.4055,43.695],[3.4053,43.6949],[3.4048,43.6951],[3.4042,43.6955],[3.4037,43.6957],[3.4033,43.6958],[3.403,43.6958],[3.4022,43.6957],[3.4018,43.6957],[3.4014,43.6959],[3.4012,43.6961],[3.4012,43.6962],[3.401,43.6969],[3.4005,43.6976],[3.4004,43.6984],[3.4003,43.6986],[3.3995,43.6993],[3.3994,43.6995],[3.3992,43.6999],[3.3992,43.7002],[3.3991,43.7006],[3.3991,43.7007],[3.3991,43.7007]]]}},{"type":"Feature","properties":{"MI_PRINX":3662584.0,"CARTE":264,"CODE":50,"CODE_LEG":50,"NOTATION":"Fy","DESCR":"Blocs, galets et graviers de calcaires siliceux, de grès, de quartz, de lydiennes, de porphyrites et de débris basaltiques (Terrasses glaciaires Würm)","C_FOND":10,"M_FOND":0,"J_FOND":10,"N_FOND":0,"NOM_SYMB":null,"C_SYMB":-1,"M_SYMB":-1,"J_SYMB":-1,"N_SYMB":-1,"ROT_SYMB":0,"score_potentiel":70,"niveau_potentiel":"Très élevé 🌟","pente_degres":17.1,"type_affleurement":"Affleurement Moyen (Escarpement) 🟠","score_relieffiltered":79.9},"geometry":{"type":"Polygon","coordinates":[[[3.308,43.695],[3.3078,43.695],[3.3083,43.6955],[3.3084,43.6959],[3.308,43.6964],[3.3076,43.6968],[3.3082,43.697],[3.3086,43.697],[3.309,43.697],[3.309,43.697],[3.3101,43.6968],[3.3104,43.6968],[3.3107,43.6967],[3.3098,43.6955],[3.3093,43.6952],[3.3087,43.6951],[3.3085,43.6951],[3.3084,43.695],[3.308,43.695]]]}},{"type":"Feature","properties":{"MI_PRINX":3674243.0,"CARTE":264,"CODE":3316,"CODE_LEG":424,"NOTATION":"h1MF","DESCR":"Calcaires et lydiennes à nodules phosphatés du Pic de Vissou et de la Serre - Nappes des Monts de Faugères (Tournaisien)","C_FOND":20,"M_FOND":40,"J_FOND":70,"N_FOND":0,"NOM_SYMB":null,"C_SYMB":-1,"M_SYMB":-1,"J_SYMB":-1,"N_SYMB":-1,"ROT_SYMB":0,"score_potentiel":70,"niveau_potentiel":"Très élevé 🌟","pente_degres":18.8,"type_affleurement":"Affleurement Moyen (Escarpement) 🟠","score_relieffiltered":82.3},"geometry":{"type":"Polygon","coordinates":[[[3.063,43.476],[3.0637,43.4757],[3.0637,43.4753],[3.0637,43.4749],[3.0638,43.4747],[3.064,43.4746],[3.0642,43.4748],[3.0644,43.475],[3.0645,43.4752],[3.0646,43.4754],[3.0653,43.4751],[3.0653,43.475],[3.0652,43.4748],[3.065,43.4746],[3.0647,43.4744],[3.0643,43.4741],[3.064,43.4739],[3.0638,43.4736],[3.0636,43.4735],[3.0634,43.4735],[3.0634,43.4736],[3.0633,43.4737],[3.0632,43.4738],[3.0631,43.4741],[3.0631,43.4745],[3.063,43.4749],[3.063,43.4755],[3.063,43.476]]]}},{"type":"Feature","properties":{"MI_PRINX":3674231.0,"CARTE":264,"CODE":3316,"CODE_LEG":424,"NOTATION":"h1MF","DESCR":"Calcaires et lydiennes à nodules phosphatés du Pic de Vissou et de la Serre - Nappes des Monts de Faugères (Tournaisien)","C_FOND":20,"M_FOND":40,"J_FOND":70,"N_FOND":0,"NOM_SYMB":null,"C_SYMB":-1,"M_SYMB":-1,"J_SYMB":-1,"N_SYMB":-1,"ROT_SYMB":0,"score_potentiel":70,"niveau_potentiel":"Très élevé 🌟","pente_degres":32.5,"type_affleurement":"Affleurement Fort (Falaise / Ravine) 🔴","score_relieffiltered":100.0},"geometry":{"type":"Polygon","coordinates":[[[3.0614,43.4766],[3.0617,43.4765],[3.0625,43.4762],[3.0625,43.4759],[3.0624,43.4756],[3.0624,43.4753],[3.0624,43.4752],[3.0623,43.4752],[3.0622,43.4752],[3.0621,43.4752],[3.062,43.4752],[3.0619,43.4751],[3.0618,43.4749],[3.0617,43.4747],[3.0616,43.4744],[3.0616,43.4742],[3.0617,43.4738],[3.0619,43.4736],[3.0621,43.4735],[3.0625,43.4734],[3.0629,43.4732],[3.0631,43.4731],[3.0632,43.4729],[3.0632,43.4727],[3.0631,43.4725],[3.0628,43.4721],[3.0624,43.4718],[3.0619,43.4713],[3.0614,43.4707],[3.0609,43.4702],[3.0607,43.4698],[3.0607,43.4697],[3.0603,43.4695],[3.06,43.4693],[3.0597,43.4691],[3.0594,43.4689],[3.0591,43.4688],[3.0591,43.469],[3.0591,43.4691],[3.0591,43.4693],[3.0591,43.4694],[3.0593,43.4695],[3.0595,43.4697],[3.0599,43.47],[3.0603,43.4704],[3.0607,43.4708],[3.061,43.4711],[3.0614,43.4715],[3.0617,43.4719],[3.062,43.4723],[3.0623,43.4726],[3.0623,43.4729],[3.0622,43.473],[3.062,43.4731],[3.0617,43.4731],[3.0615,43.4732],[3.0613,43.4732],[3.0612,43.4733],[3.0611,43.4734],[3.061,43.4735],[3.0609,43.4736],[3.0607,43.4736],[3.0603,43.4732],[3.0599,43.4726],[3.0595,43.4719],[3.0592,43.4715],[3.059,43.4715],[3.0589,43.4715],[3.0587,43.4716],[3.0584,43.4716],[3.0582,43.4717],[3.058,43.4718],[3.0578,43.4717],[3.0575,43.4712],[3.0571,43.4706],[3.0568,43.4701],[3.0566,43.4698],[3.0565,43.4698],[3.0565,43.4698],[3.0563,43.4698],[3.0561,43.4698],[3.0559,43.47],[3.0557,43.4702],[3.0555,43.4703],[3.0553,43.4705],[3.0551,43.4705],[3.0549,43.4705],[3.0547,43.4704],[3.0545,43.4703],[3.0542,43.4701],[3.0536,43.4698],[3.053,43.4693],[3.0522,43.4688],[3.0525,43.4693],[3.0528,43.4697],[3.0529,43.47],[3.0531,43.4702],[3.0532,43.4703],[3.0534,43.4705],[3.0536,43.4707],[3.0537,43.4708],[3.0544,43.4712],[3.055,43.4714],[3.0554,43.4716],[3.0557,43.4717],[3.0561,43.4719],[3.0566,43.4722],[3.057,43.4726],[3.0573,43.4728],[3.0575,43.4729],[3.0577,43.473],[3.0579,43.473],[3.0581,43.473],[3.0584,43.473],[3.0586,43.473],[3.0589,43.473],[3.0591,43.4731],[3.0594,43.4732],[3.0597,43.4734],[3.0599,43.4736],[3.06,43.4738],[3.0602,43.4741],[3.0604,43.4747],[3.0606,43.4753],[3.0607,43.4757],[3.0609,43.4759],[3.061,43.476],[3.0612,43.4762],[3.0613,43.4764],[3.0614,43.4766]]]}},{"type":"Feature","properties":{"MI_PRINX":3661187.0,"CARTE":264,"CODE":50,"CODE_LEG":50,"NOTATION":"Fy","DESCR":"Blocs, galets et graviers de calcaires siliceux, de grès, de quartz, de lydiennes, de porphyrites et de débris basaltiques (Terrasses glaciaires Würm)","C_FOND":10,"M_FOND":0,"J_FOND":10,"N_FOND":0,"NOM_SYMB":null,"C_SYMB":-1,"M_SYMB":-1,"J_SYMB":-1,"N_SYMB":-1,"ROT_SYMB":0,"score_potentiel":70,"niveau_potentiel":"Très élevé 🌟","pente_degres":17.6,"type_affleurement":"Affleurement Moyen (Escarpement) 🟠","score_relieffiltered":80.6},"geometry":{"type":"Polygon","coordinates":[[[3.8626,43.7532],[3.8626,43.7532],[3.8627,43.753],[3.8627,43.7529],[3.8627,43.7527],[3.8626,43.7525],[3.8624,43.7523],[3.8621,43.7522],[3.8617,43.7519],[3.8613,43.7517],[3.861,43.7516],[3.8608,43.7515],[3.8609,43.7519],[3.861,43.7521],[3.8613,43.7524],[3.8615,43.7526],[3.8618,43.7528],[3.8622,43.7529],[3.8624,43.7531],[3.8626,43.7532]]]}},{"type":"Feature","properties":{"MI_PRINX":3661171.0,"CARTE":264,"CODE":50,"CODE_LEG":50,"NOTATION":"Fy","DESCR":"Blocs, galets et graviers de calcaires siliceux, de grès, de quartz, de lydiennes, de porphyrites et de débris basaltiques (Terrasses glaciaires Würm)","C_FOND":10,"M_FOND":0,"J_FOND":10,"N_FOND":0,"NOM_SYMB":null,"C_SYMB":-1,"M_SYMB":-1,"J_SYMB":-1,"N_SYMB":-1,"ROT_SYMB":0,"score_potentiel":70,"niveau_potentiel":"Très élevé 🌟","pente_degres":14.7,"type_affleurement":"Affleurement Moyen (Escarpement) 🟠","score_relieffiltered":76.6},"geometry":{"type":"Polygon","coordinates":[[[3.329,43.7595],[3.3285,43.7598],[3.3285,43.7599],[3.3287,43.76],[3.329,43.7601],[3.329,43.76],[3.3291,43.7598],[3.329,43.7595],[3.329,43.7595]]]}},{"type":"Feature","properties":{"MI_PRINX":3674208.0,"CARTE":264,"CODE":3316,"CODE_LEG":424,"NOTATION":"h1MF","DESCR":"Calcaires et lydiennes à nodules phosphatés du Pic de Vissou et de la Serre - Nappes des Monts de Faugères (Tournaisien)","C_FOND":20,"M_FOND":40,"J_FOND":70,"N_FOND":0,"NOM_SYMB":null,"C_SYMB":-1,"M_SYMB":-1,"J_SYMB":-1,"N_SYMB":-1,"ROT_SYMB":0,"score_potentiel":70,"niveau_potentiel":"Très élevé 🌟","pente_degres":19.3,"type_affleurement":"Affleurement Moyen (Escarpement) 🟠","score_relieffiltered":83.0},"geometry":{"type":"Polygon","coordinates":[[[3.0586,43.4771],[3.0587,43.4772],[3.0588,43.4772],[3.0589,43.4773],[3.0589,43.4773],[3.059,43.4773],[3.0591,43.4774],[3.0595,43.4774],[3.0595,43.4773],[3.0594,43.4772],[3.0593,43.477],[3.0592,43.4768],[3.0591,43.4765],[3.059,43.4762],[3.0589,43.4758],[3.0588,43.4755],[3.0587,43.4753],[3.0586,43.4751],[3.0585,43.4748],[3.0584,43.4746],[3.0583,43.4743],[3.0581,43.474],[3.058,43.4737],[3.0578,43.4737],[3.0577,43.4737],[3.0576,43.4738],[3.0574,43.4737],[3.0571,43.4736],[3.0572,43.4739],[3.0574,43.4742],[3.0575,43.4745],[3.0576,43.4748],[3.0578,43.4751],[3.0579,43.4755],[3.058,43.4758],[3.0581,43.4761],[3.0583,43.4764],[3.0584,43.4766],[3.0584,43.4768],[3.0585,43.4769],[3.0585,43.477],[3.0586,43.4771]]]}},{"type":"Feature","properties":{"MI_PRINX":3674205.0,"CARTE":264,"CODE":50,"CODE_LEG":50,"NOTATION":"Fy","DESCR":"Blocs, galets et graviers de calcaires siliceux, de grès, de quartz, de lydiennes, de porphyrites et de débris basaltiques (Terrasses glaciaires Würm)","C_FOND":10,"M_FOND":0,"J_FOND":10,"N_FOND":0,"NOM_SYMB":null,"C_SYMB":-1,"M_SYMB":-1,"J_SYMB":-1,"N_SYMB":-1,"ROT_SYMB":0,"score_potentiel":70,"niveau_potentiel":"Très élevé 🌟","pente_degres":31.6,"type_affleurement":"Affleurement Fort (Falaise / Ravine) 🔴","score_relieffiltered":100.0},"geometry":{"type":"Polygon","coordinates":[[[2.6865,43.4792],[2.6869,43.4793],[2.6871,43.4794],[2.6874,43.4793],[2.6878,43.4792],[2.688,43.4792],[2.688,43.4789],[2.6882,43.4786],[2.6882,43.4784],[2.6881,43.4783],[2.6878,43.4784],[2.6876,43.4784],[2.6873,43.4783],[2.6869,43.478],[2.6869,43.4778],[2.6867,43.4777],[2.6865,43.4777],[2.6865,43.4779],[2.6866,43.478],[2.6867,43.478],[2.6868,43.4781],[2.6871,43.4783],[2.6873,43.4784],[2.6875,43.4787],[2.6876,43.479],[2.6873,43.4791],[2.6871,43.4792],[2.687,43.4792],[2.6866,43.4791],[2.6865,43.4792]]]}},{"type":"Feature","properties":{"MI_PRINX":3674308.0,"CARTE":264,"CODE":50,"CODE_LEG":50,"NOTATION":"Fy","DESCR":"Blocs, galets et graviers de calcaires siliceux, de grès, de quartz, de lydiennes, de porphyrites et de débris basaltiques (Terrasses glaciaires Würm)","C_FOND":10,"M_FOND":0,"J_FOND":10,"N_FOND":0,"NOM_SYMB":null,"C_SYMB":-1,"M_SYMB":-1,"J_SYMB":-1,"N_SYMB":-1,"ROT_SYMB":0,"score_potentiel":70,"niveau_potentiel":"Très élevé 🌟","pente_degres":18.5,"type_affleurement":"Affleurement Moyen (Escarpement) 🟠","score_relieffiltered":81.9},"geometry":{"type":"Polygon","coordinates":[[[3.2977,43.4713],[3.2978,43.4713],[3.2983,43.4715],[3.2988,43.4716],[3.2991,43.4716],[3.2994,43.4716],[3.2997,43.4715],[3.2999,43.4714],[3.3001,43.4711],[3.3003,43.4707],[3.3003,43.4704],[3.3003,43.4702],[3.3003,43.47],[3.3001,43.4697],[3.2999,43.4692],[3.2995,43.4686],[3.2995,43.469],[3.2995,43.4692],[3.2995,43.4694],[3.2994,43.4696],[3.2993,43.47],[3.2992,43.4703],[3.299,43.4706],[3.2988,43.4708],[3.2985,43.4709],[3.2981,43.4711],[3.2979,43.4712],[3.2977,43.4713]]]}},{"type":"Feature","properties":{"MI_PRINX":3661575.0,"CARTE":264,"CODE":50,"CODE_LEG":50,"NOTATION":"Fy","DESCR":"Blocs, galets et graviers de calcaires siliceux, de grès, de quartz, de lydiennes, de porphyrites et de débris basaltiques (Terrasses glaciaires Würm)","C_FOND":10,"M_FOND":0,"J_FOND":10,"N_FOND":0,"NOM_SYMB":null,"C_SYMB":-1,"M_SYMB":-1,"J_SYMB":-1,"N_SYMB":-1,"ROT_SYMB":0,"score_potentiel":70,"niveau_potentiel":"Très élevé 🌟","pente_degres":20.1,"type_affleurement":"Affleurement Moyen (Escarpement) 🟠","score_relieffiltered":84.1},"geometry":{"type":"Polygon","coordinates":[[[3.3236,43.7386],[3.3239,43.7383],[3.3243,43.7383],[3.3245,43.7383],[3.3235,43.737],[3.3226,43.736],[3.3224,43.7359],[3.3212,43.7348],[3.3206,43.7339],[3.3205,43.7334],[3.3206,43.7329],[3.3207,43.7328],[3.321,43.7326],[3.3214,43.7323],[3.321,43.7305],[3.3202,43.7305],[3.3193,43.7306],[3.3176,43.731],[3.3172,43.7311],[3.3169,43.7312],[3.3168,43.7312],[3.3158,43.7313],[3.3148,43.7317],[3.314,43.7318],[3.3135,43.7319],[3.3126,43.7319],[3.312,43.7318],[3.3113,43.7319],[3.3101,43.7323],[3.3097,43.7324],[3.3096,43.7323],[3.3096,43.7323],[3.309,43.7322],[3.3087,43.7321],[3.3086,43.7321],[3.3084,43.732],[3.3076,43.732],[3.3068,43.7325],[3.3062,43.7329],[3.3064,43.7328],[3.3068,43.7329],[3.3069,43.7329],[3.3071,43.7329],[3.3074,43.7329],[3.3076,43.733],[3.3077,43.733],[3.3079,43.733],[3.3079,43.7331],[3.3082,43.7331],[3.3085,43.7332],[3.3087,43.7332],[3.3089,43.7333],[3.3092,43.7333],[3.3092,43.7333],[3.3093,43.7333],[3.3094,43.7333],[3.3099,43.7333],[3.3102,43.7332],[3.3108,43.7332],[3.3109,43.7332],[3.311,43.7332],[3.311,43.7332],[3.3112,43.7332],[3.3114,43.7332],[3.3114,43.7332],[3.3118,43.7334],[3.3122,43.734],[3.3122,43.7341],[3.3127,43.7344],[3.3135,43.7345],[3.3136,43.7346],[3.3138,43.7346],[3.3151,43.7357],[3.3156,43.7358],[3.3157,43.7358],[3.3158,43.7358],[3.3158,43.7359],[3.3159,43.7359],[3.316,43.7359],[3.316,43.7358],[3.3167,43.7358],[3.3168,43.7358],[3.3171,43.7359],[3.3172,43.7359],[3.3176,43.7361],[3.3182,43.7366],[3.3184,43.737],[3.3185,43.7375],[3.3191,43.738],[3.3199,43.7385],[3.3203,43.739],[3.3204,43.7395],[3.3206,43.7399],[3.3207,43.7401],[3.3208,43.7401],[3.3209,43.7401],[3.3209,43.7401],[3.321,43.74],[3.3211,43.74],[3.3213,43.7399],[3.3219,43.7397],[3.3223,43.7396],[3.3228,43.7397],[3.3229,43.7397],[3.3233,43.7399],[3.3235,43.74],[3.3236,43.7401],[3.3237,43.7401],[3.3238,43.7401],[3.3239,43.7401],[3.3239,43.74],[3.3239,43.7399],[3.3237,43.7393],[3.3236,43.7388],[3.3236,43.7386]]]}},{"type":"Feature","properties":{"MI_PRINX":3661357.0,"CARTE":264,"CODE":50,"CODE_LEG":50,"NOTATION":"Fy","DESCR":"Blocs, galets et graviers de calcaires siliceux, de grès, de quartz, de lydiennes, de porphyrites et de débris basaltiques (Terrasses glaciaires Würm)","C_FOND":10,"M_FOND":0,"J_FOND":10,"N_FOND":0,"NOM_SYMB":null,"C_SYMB":-1,"M_SYMB":-1,"J_SYMB":-1,"N_SYMB":-1,"ROT_SYMB":0,"score_potentiel":70,"niveau_potentiel":"Très élevé 🌟","pente_degres":17.6,"type_affleurement":"Affleurement Moyen (Escarpement) 🟠","score_relieffiltered":80.6},"geometry":{"type":"Polygon","coordinates":[[[3.8629,43.7401],[3.8628,43.7404],[3.8627,43.7407],[3.8624,43.7411],[3.8622,43.7415],[3.8619,43.7419],[3.8615,43.7423],[3.8611,43.7426],[3.8608,43.7429],[3.8604,43.7433],[3.8602,43.7435],[3.8602,43.7436],[3.8602,43.7438],[3.8602,43.7439],[3.8602,43.7441],[3.8603,43.7443],[3.8605,43.7445],[3.8608,43.7447],[3.8613,43.7448],[3.8617,43.745],[3.862,43.7451],[3.8622,43.7453],[3.8622,43.7451],[3.8622,43.745],[3.8623,43.7449],[3.8625,43.7448],[3.8628,43.7447],[3.8631,43.7446],[3.8633,43.7445],[3.8635,43.7443],[3.8634,43.7441],[3.8631,43.7437],[3.8629,43.7435],[3.8628,43.7433],[3.8628,43.7432],[3.8629,43.7429],[3.8629,43.7423],[3.863,43.7417],[3.8631,43.7411],[3.8631,43.7407],[3.8631,43.7404],[3.863,43.7402],[3.8629,43.7401]]]}},{"type":"Feature","properties":{"MI_PRINX":3674561.0,"CARTE":264,"CODE":1009,"CODE_LEG":201,"NOTATION":"c6Vig","DESCR":"Marnes, grès, calcaires noduleux; grès de Villeveyrac (Maastrichtien supérieur)","C_FOND":25,"M_FOND":0,"J_FOND":100,"N_FOND":0,"NOM_SYMB":null,"C_SYMB":-1,"M_SYMB":-1,"J_SYMB":-1,"N_SYMB":-1,"ROT_SYMB":0,"score_potentiel":85,"niveau_potentiel":"Très élevé 🌟","pente_degres":19.1,"type_affleurement":"Affleurement Moyen (Escarpement) 🟠","score_relieffiltered":100.0},"geometry":{"type":"Polygon","coordinates":[[[3.5151,43.4584],[3.5152,43.4583],[3.5153,43.4582],[3.5154,43.4581],[3.5155,43.458],[3.5158,43.4579],[3.5162,43.4578],[3.5165,43.4577],[3.5167,43.4577],[3.5169,43.4576],[3.5171,43.4575],[3.5172,43.4573],[3.5174,43.4571],[3.5175,43.4569],[3.5176,43.4568],[3.5177,43.4568],[3.5181,43.4567],[3.5184,43.4566],[3.5187,43.4565],[3.5189,43.4563],[3.519,43.4561],[3.5192,43.4559],[3.5194,43.4556],[3.5197,43.4552],[3.52,43.455],[3.5202,43.4548],[3.5202,43.4547],[3.5203,43.4547],[3.5211,43.4545],[3.5226,43.4543],[3.5241,43.454],[3.5252,43.4539],[3.526,43.4538],[3.5268,43.4536],[3.5275,43.4535],[3.528,43.4533],[3.5283,43.4532],[3.5287,43.453],[3.529,43.4528],[3.5293,43.4525],[3.5294,43.4523],[3.5296,43.4521],[3.5296,43.4519],[3.5297,43.4517],[3.5297,43.4514],[3.5297,43.4511],[3.5298,43.4509],[3.5299,43.4508],[3.53,43.4507],[3.5302,43.4505],[3.5307,43.4503],[3.5312,43.45],[3.5316,43.4496],[3.5319,43.4493],[3.5321,43.4489],[3.5323,43.4486],[3.5324,43.4482],[3.5324,43.4478],[3.5324,43.4474],[3.5324,43.4471],[3.5325,43.4468],[3.5326,43.4466],[3.5327,43.4464],[3.5328,43.4462],[3.533,43.446],[3.5333,43.4457],[3.5336,43.4454],[3.5338,43.4451],[3.5339,43.4448],[3.534,43.4445],[3.534,43.4442],[3.534,43.444],[3.534,43.4438],[3.534,43.4435],[3.534,43.4433],[3.5339,43.4431],[3.5339,43.443],[3.5336,43.4428],[3.5333,43.4425],[3.533,43.4422],[3.5328,43.442],[3.5325,43.4418],[3.5322,43.4416],[3.532,43.4414],[3.5318,43.4411],[3.5316,43.441],[3.5315,43.4408],[3.5315,43.4406],[3.5314,43.4405],[3.5314,43.4404],[3.5314,43.4403],[3.5314,43.4402],[3.5315,43.4402],[3.5315,43.4402],[3.5316,43.4403],[3.5318,43.4403],[3.5322,43.4405],[3.5327,43.4407],[3.5331,43.4407],[3.5336,43.4408],[3.5342,43.4407],[3.5348,43.4407],[3.5353,43.4407],[3.5356,43.4406],[3.5359,43.4405],[3.5361,43.4404],[3.5363,43.4403],[3.5365,43.4401],[3.5365,43.44],[3.5366,43.44],[3.5365,43.4399],[3.5366,43.4398],[3.5367,43.4396],[3.5368,43.4394],[3.537,43.4391],[3.5371,43.4388],[3.5372,43.4386],[3.5372,43.4384],[3.5371,43.4382],[3.5369,43.4379],[3.5368,43.4375],[3.5366,43.4372],[3.5366,43.4369],[3.5366,43.4367],[3.5366,43.4365],[3.5366,43.4363],[3.5367,43.4361],[3.5369,43.4359],[3.537,43.4356],[3.5372,43.4354],[3.5374,43.4352],[3.5377,43.435],[3.538,43.4349],[3.5385,43.4347],[3.539,43.4345],[3.5394,43.4343],[3.5398,43.4342],[3.5402,43.4341],[3.5406,43.434],[3.5408,43.4339],[3.5409,43.4337],[3.541,43.4335],[3.5411,43.4333],[3.5412,43.4331],[3.5413,43.433],[3.5414,43.4329],[3.5416,43.4328],[3.5419,43.4326],[3.5423,43.4323],[3.5426,43.4321],[3.5428,43.4319],[3.543,43.4318],[3.5431,43.4315],[3.5433,43.4312],[3.5433,43.431],[3.5432,43.4308],[3.5431,43.4307],[3.5431,43.4306],[3.5429,43.4305],[3.5428,43.4305],[3.5426,43.4305],[3.5424,43.4305],[3.5422,43.4306],[3.5419,43.4306],[3.5417,43.4307],[3.5413,43.4307],[3.541,43.4307],[3.5407,43.4307],[3.5405,43.4307],[3.5403,43.4306],[3.5402,43.4306],[3.5401,43.4306],[3.5401,43.4305],[3.5405,43.4303],[3.5411,43.43],[3.5417,43.4297],[3.542,43.4294],[3.5422,43.4292],[3.5424,43.429],[3.5426,43.4289],[3.5428,43.4288],[3.5431,43.4287],[3.5433,43.4286],[3.5435,43.4287],[3.5438,43.4287],[3.5442,43.4288],[3.5444,43.4288],[3.5447,43.4288],[3.545,43.4288],[3.5453,43.4287],[3.5456,43.4286],[3.5458,43.4285],[3.5459,43.4283],[3.546,43.4282],[3.5461,43.428],[3.5462,43.4278],[3.5462,43.4275],[3.5462,43.4273],[3.5462,43.427],[3.5462,43.4268],[3.5463,43.4268],[3.5459,43.4269],[3.5455,43.427],[3.5452,43.4274],[3.5451,43.4278],[3.545,43.428],[3.5449,43.4282],[3.5447,43.4283],[3.5443,43.4284],[3.5439,43.4284],[3.5431,43.4283],[3.5425,43.4283],[3.5422,43.4285],[3.5419,43.4286],[3.5418,43.4289],[3.5416,43.429],[3.5414,43.4291],[3.5411,43.4292],[3.5408,43.4291],[3.5406,43.429],[3.5405,43.4287],[3.5403,43.4285],[3.54,43.4283],[3.5397,43.4282],[3.5395,43.4282],[3.5393,43.4282],[3.539,43.4283],[3.5387,43.4282],[3.5385,43.428],[3.5385,43.4278],[3.5384,43.4276],[3.5383,43.4275],[3.538,43.4273],[3.5377,43.4272],[3.5375,43.427],[3.5375,43.4268],[3.5376,43.4264],[3.5378,43.4259],[3.5378,43.4255],[3.5379,43.4252],[3.5378,43.4253],[3.5376,43.4253],[3.5374,43.4252],[3.5371,43.4252],[3.537,43.4251],[3.5368,43.4249],[3.5367,43.4248],[3.5366,43.4246],[3.5365,43.424],[3.5364,43.4233],[3.5363,43.4228],[3.5362,43.4226],[3.5361,43.4224],[3.5359,43.4221],[3.5358,43.4219],[3.5356,43.4218],[3.5354,43.4217],[3.5352,43.4216],[3.5349,43.4215],[3.5347,43.4214],[3.5344,43.4214],[3.5341,43.4214],[3.5337,43.4213],[3.5332,43.4214],[3.5328,43.4214],[3.5323,43.4216],[3.5319,43.4217],[3.5313,43.4219],[3.5306,43.4222],[3.5298,43.4225],[3.5291,43.4228],[3.5287,43.423],[3.5285,43.4231],[3.5285,43.4232],[3.5284,43.4233],[3.5284,43.4233],[3.5283,43.4234],[3.5281,43.4237],[3.5277,43.4241],[3.5273,43.4246],[3.527,43.425],[3.5269,43.4252],[3.5266,43.4254],[3.5262,43.4258],[3.5256,43.4263],[3.5249,43.4268],[3.5244,43.4272],[3.5241,43.4275],[3.5238,43.4277],[3.5236,43.4278],[3.5235,43.4279],[3.5235,43.428],[3.5234,43.4282],[3.5234,43.4284],[3.5234,43.4287],[3.5234,43.429],[3.5233,43.4291],[3.5233,43.4293],[3.5231,43.4294],[3.5229,43.4296],[3.5227,43.4298],[3.5225,43.43],[3.5223,43.4301],[3.5221,43.4303],[3.5219,43.4305],[3.5218,43.4307],[3.5217,43.4309],[3.5216,43.431],[3.5216,43.4312],[3.5216,43.4313],[3.5215,43.4316],[3.5216,43.432],[3.5216,43.4325],[3.5216,43.433],[3.5216,43.4334],[3.5215,43.4335],[3.5214,43.4337],[3.5213,43.434],[3.5211,43.4342],[3.5209,43.4345],[3.5207,43.4348],[3.5204,43.435],[3.5202,43.4352],[3.52,43.4353],[3.5198,43.4355],[3.5197,43.4355],[3.5195,43.4356],[3.5185,43.4353],[3.5183,43.4352],[3.5174,43.436],[3.5172,43.4363],[3.517,43.4368],[3.5168,43.4374],[3.5168,43.4382],[3.5166,43.4388],[3.5162,43.4399],[3.5161,43.4405],[3.5161,43.441],[3.5158,43.4413],[3.5157,43.4416],[3.5158,43.4422],[3.5156,43.4426],[3.5151,43.4434],[3.5148,43.4442],[3.5148,43.4445],[3.5149,43.4459],[3.5154,43.4459],[3.5156,43.4459],[3.5155,43.4464],[3.5153,43.4468],[3.5152,43.4472],[3.5151,43.4475],[3.515,43.4477],[3.5149,43.448],[3.5148,43.4482],[3.5146,43.4484],[3.5144,43.4487],[3.5143,43.4489],[3.5142,43.4491],[3.5142,43.4493],[3.5142,43.4496],[3.5142,43.4499],[3.5142,43.4503],[3.5142,43.4506],[3.5143,43.4509],[3.5143,43.4512],[3.5143,43.4514],[3.5143,43.4516],[3.5143,43.4518],[3.5142,43.452],[3.514,43.4523],[3.5137,43.4527],[3.5134,43.4532],[3.5131,43.4536],[3.5128,43.4539],[3.5127,43.4541],[3.5127,43.4543],[3.5127,43.4544],[3.5127,43.4546],[3.5128,43.4547],[3.5129,43.4549],[3.5131,43.455],[3.5133,43.4551],[3.5136,43.4552],[3.5139,43.4553],[3.5141,43.4554],[3.5143,43.4556],[3.5144,43.4557],[3.5145,43.4559],[3.5145,43.4561],[3.5145,43.4563],[3.5145,43.4566],[3.5145,43.4568],[3.5145,43.457],[3.5145,43.4573],[3.5145,43.4576],[3.5146,43.4578],[3.5148,43.458],[3.5149,43.4581],[3.515,43.4582],[3.5151,43.4583],[3.5151,43.4584]]]}},{"type":"Feature","properties":{"MI_PRINX":3673151.0,"CARTE":264,"CODE":3442,"CODE_LEG":467,"NOTATION":"o5Gg","DESCR":"Grès et grès quartzitiques à poundingues de galets de quartz à la base de Gabian (Caradoc supérieur)","C_FOND":50,"M_FOND":10,"J_FOND":50,"N_FOND":0,"NOM_SYMB":null,"C_SYMB":-1,"M_SYMB":-1,"J_SYMB":-1,"N_SYMB":-1,"ROT_SYMB":0,"score_potentiel":70,"niveau_potentiel":"Très élevé 🌟","pente_degres":17.4,"type_affleurement":"Affleurement Moyen (Escarpement) 🟠","score_relieffiltered":80.4},"geometry":{"type":"Polygon","coordinates":[[[3.2097,43.5187],[3.2103,43.5185],[3.2105,43.5185],[3.2107,43.5183],[3.2111,43.5182],[3.2113,43.518],[3.2114,43.5178],[3.2115,43.5176],[3.2115,43.5174],[3.2113,43.5175],[3.211,43.5176],[3.2107,43.5177],[3.2104,43.5178],[3.2101,43.518],[3.2099,43.5182],[3.2098,43.5185],[3.2097,43.5187]]]}},{"type":"Feature","properties":{"MI_PRINX":3661456.0,"CARTE":264,"CODE":50,"CODE_LEG":50,"NOTATION":"Fy","DESCR":"Blocs, galets et graviers de calcaires siliceux, de grès, de quartz, de lydiennes, de porphyrites et de débris basaltiques (Terrasses glaciaires Würm)","C_FOND":10,"M_FOND":0,"J_FOND":10,"N_FOND":0,"NOM_SYMB":null,"C_SYMB":-1,"M_SYMB":-1,"J_SYMB":-1,"N_SYMB":-1,"ROT_SYMB":0,"score_potentiel":70,"niveau_potentiel":"Très élevé 🌟","pente_degres":19.4,"type_affleurement":"Affleurement Moyen (Escarpement) 🟠","score_relieffiltered":83.2},"geometry":{"type":"Polygon","coordinates":[[[3.5627,43.7441],[3.5611,43.7432],[3.561,43.7431],[3.5605,43.7428],[3.5593,43.7415],[3.5592,43.7417],[3.559,43.7422],[3.5591,43.7423],[3.5593,43.7426],[3.5597,43.7431],[3.5602,43.7434],[3.5608,43.7438],[3.5609,43.7439],[3.5611,43.744],[3.5619,43.7442],[3.5624,43.7442],[3.5627,43.7441]]]}},{"type":"Feature","properties":{"MI_PRINX":3673135.0,"CARTE":264,"CODE":50,"CODE_LEG":50,"NOTATION":"Fy","DESCR":"Blocs, galets et graviers de calcaires siliceux, de grès, de quartz, de lydiennes, de porphyrites et de débris basaltiques (Terrasses glaciaires Würm)","C_FOND":10,"M_FOND":0,"J_FOND":10,"N_FOND":0,"NOM_SYMB":null,"C_SYMB":-1,"M_SYMB":-1,"J_SYMB":-1,"N_SYMB":-1,"ROT_SYMB":0,"score_potentiel":70,"niveau_potentiel":"Très élevé 🌟","pente_degres":20.1,"type_affleurement":"Affleurement Moyen (Escarpement) 🟠","score_relieffiltered":84.1},"geometry":{"type":"Polygon","coordinates":[[[2.8194,43.5217],[2.8197,43.5215],[2.8198,43.5212],[2.8201,43.5208],[2.8202,43.5203],[2.8201,43.52],[2.8198,43.5198],[2.8198,43.5193],[2.8197,43.519],[2.8192,43.5188],[2.8189,43.5189],[2.8184,43.5191],[2.8178,43.5193],[2.8172,43.5194],[2.8169,43.5194],[2.817,43.5196],[2.8171,43.5197],[2.817,43.5199],[2.8166,43.5199],[2.8161,43.5199],[2.8155,43.5199],[2.8152,43.5199],[2.8152,43.5197],[2.8149,43.52],[2.8144,43.5205],[2.8145,43.5207],[2.8146,43.5209],[2.8149,43.5211],[2.8152,43.5208],[2.8156,43.5205],[2.8162,43.5205],[2.8165,43.5203],[2.8172,43.5204],[2.8181,43.5205],[2.8189,43.5208],[2.8191,43.5209],[2.8192,43.5211],[2.8194,43.5212],[2.8194,43.5215],[2.8194,43.5217]]]}},{"type":"Feature","properties":{"MI_PRINX":3673137.0,"CARTE":264,"CODE":3443,"CODE_LEG":468,"NOTATION":"o5Gvs","DESCR":"Grauwackes, schistes psammitiques et coulées interstratifiées d'andésites de Gabian - Ecailles de Cabrières (Caradoc inférieur?)","C_FOND":25,"M_FOND":0,"J_FOND":10,"N_FOND":0,"NOM_SYMB":null,"C_SYMB":-1,"M_SYMB":-1,"J_SYMB":-1,"N_SYMB":-1,"ROT_SYMB":0,"score_potentiel":55,"niveau_potentiel":"Élevé 🟢","pente_degres":16.8,"type_affleurement":"Affleurement Moyen (Escarpement) 🟠","score_relieffiltered":62.5},"geometry":{"type":"Polygon","coordinates":[[[3.2531,43.5186],[3.2533,43.5188],[3.2542,43.5184],[3.254,43.5181],[3.2537,43.5182],[3.2535,43.5184],[3.2531,43.5186]]]}},{"type":"Feature","properties":{"MI_PRINX":3673265.0,"CARTE":264,"CODE":3316,"CODE_LEG":424,"NOTATION":"h1MF","DESCR":"Calcaires et lydiennes à nodules phosphatés du Pic de Vissou et de la Serre - Nappes des Monts de Faugères (Tournaisien)","C_FOND":20,"M_FOND":40,"J_FOND":70,"N_FOND":0,"NOM_SYMB":null,"C_SYMB":-1,"M_SYMB":-1,"J_SYMB":-1,"N_SYMB":-1,"ROT_SYMB":0,"score_potentiel":70,"niveau_potentiel":"Très élevé 🌟","pente_degres":32.4,"type_affleurement":"Affleurement Fort (Falaise / Ravine) 🔴","score_relieffiltered":100.0},"geometry":{"type":"Polygon","coordinates":[[[2.9878,43.5164],[2.9878,43.5161],[2.9879,43.5158],[2.9879,43.5155],[2.9879,43.5153],[2.9878,43.515],[2.9877,43.5148],[2.9876,43.5146],[2.9874,43.5144],[2.9871,43.5142],[2.9866,43.5139],[2.9862,43.5136],[2.9857,43.5134],[2.9853,43.5132],[2.9849,43.513],[2.9846,43.5128],[2.9844,43.5127],[2.9842,43.5125],[2.984,43.5123],[2.9839,43.5121],[2.9837,43.512],[2.9834,43.5119],[2.9831,43.5117],[2.9827,43.5116],[2.9824,43.5115],[2.9821,43.5114],[2.9819,43.5112],[2.9817,43.5111],[2.9816,43.5109],[2.9814,43.5107],[2.9812,43.511],[2.9812,43.511],[2.9814,43.5113],[2.9816,43.5115],[2.9818,43.5116],[2.9822,43.5118],[2.9827,43.512],[2.9833,43.5123],[2.9837,43.5125],[2.9839,43.5126],[2.9841,43.5128],[2.9843,43.513],[2.9845,43.5133],[2.9847,43.5135],[2.9849,43.5136],[2.9851,43.5137],[2.9853,43.5138],[2.9858,43.514],[2.9863,43.5143],[2.9867,43.5144],[2.9868,43.5145],[2.987,43.5147],[2.9872,43.5149],[2.9874,43.5152],[2.9875,43.5154],[2.9875,43.5156],[2.9876,43.5159],[2.9875,43.5162],[2.9875,43.5163],[2.9875,43.5165],[2.9876,43.5165],[2.9878,43.5164]]]}},{"type":"Feature","properties":{"MI_PRINX":3661746.0,"CARTE":264,"CODE":50,"CODE_LEG":50,"NOTATION":"Fy","DESCR":"Blocs, galets et graviers de calcaires siliceux, de grès, de quartz, de lydiennes, de porphyrites et de débris basaltiques (Terrasses glaciaires Würm)","C_FOND":10,"M_FOND":0,"J_FOND":10,"N_FOND":0,"NOM_SYMB":null,"C_SYMB":-1,"M_SYMB":-1,"J_SYMB":-1,"N_SYMB":-1,"ROT_SYMB":0,"score_potentiel":70,"niveau_potentiel":"Très élevé 🌟","pente_degres":20.6,"type_affleurement":"Affleurement Moyen (Escarpement) 🟠","score_relieffiltered":84.8},"geometry":{"type":"Polygon","coordinates":[[[3.3034,43.73],[3.303,43.7296],[3.303,43.7295],[3.3028,43.7293],[3.3027,43.7293],[3.3026,43.7293],[3.3022,43.7294],[3.3022,43.7294],[3.3018,43.7293],[3.3017,43.7293],[3.3017,43.7293],[3.3015,43.7293],[3.3014,43.7294],[3.3015,43.7301],[3.3012,43.7305],[3.3009,43.7308],[3.3001,43.7309],[3.2997,43.731],[3.2996,43.731],[3.2991,43.731],[3.299,43.731],[3.2987,43.731],[3.2982,43.7309],[3.2978,43.7308],[3.2975,43.7308],[3.2975,43.7309],[3.2971,43.731],[3.297,43.731],[3.2976,43.7312],[3.2983,43.7315],[3.299,43.7317],[3.2998,43.7317],[3.3002,43.7317],[3.3003,43.7316],[3.3004,43.7316],[3.3005,43.7316],[3.3013,43.7311],[3.3019,43.7309],[3.302,43.7309],[3.3026,43.7307],[3.3028,43.7307],[3.3031,43.7304],[3.3034,43.73]]]}},{"type":"Feature","properties":{"MI_PRINX":3661756.0,"CARTE":264,"CODE":50,"CODE_LEG":50,"NOTATION":"Fy","DESCR":"Blocs, galets et graviers de calcaires siliceux, de grès, de quartz, de lydiennes, de porphyrites et de débris basaltiques (Terrasses glaciaires Würm)","C_FOND":10,"M_FOND":0,"J_FOND":10,"N_FOND":0,"NOM_SYMB":null,"C_SYMB":-1,"M_SYMB":-1,"J_SYMB":-1,"N_SYMB":-1,"ROT_SYMB":0,"score_potentiel":70,"niveau_potentiel":"Très élevé 🌟","pente_degres":33.0,"type_affleurement":"Affleurement Fort (Falaise / Ravine) 🔴","score_relieffiltered":100.0},"geometry":{"type":"Polygon","coordinates":[[[3.3037,43.7301],[3.3038,43.7302],[3.3044,43.7304],[3.3046,43.7304],[3.3051,43.7306],[3.3052,43.7306],[3.3064,43.7312],[3.3065,43.7312],[3.3068,43.7312],[3.307,43.731],[3.307,43.7309],[3.3071,43.7306],[3.3073,43.7304],[3.3077,43.7303],[3.3078,43.7303],[3.308,43.7303],[3.3087,43.7304],[3.3088,43.7304],[3.3091,43.7305],[3.3091,43.7305],[3.3099,43.7305],[3.3108,43.7304],[3.3114,43.7305],[3.3117,43.7305],[3.312,43.7306],[3.3121,43.7306],[3.3123,43.7306],[3.3123,43.7305],[3.3124,43.7305],[3.3131,43.7303],[3.3144,43.7298],[3.3152,43.7298],[3.3153,43.7298],[3.3158,43.7298],[3.316,43.7299],[3.3165,43.7299],[3.3166,43.7299],[3.3168,43.73],[3.3169,43.73],[3.3175,43.73],[3.3178,43.73],[3.3183,43.73],[3.3187,43.7299],[3.3198,43.7293],[3.3201,43.7293],[3.3204,43.7292],[3.3207,43.7292],[3.3206,43.7291],[3.3204,43.7291],[3.3201,43.729],[3.3194,43.7292],[3.3187,43.7294],[3.3183,43.7295],[3.318,43.7295],[3.3179,43.7295],[3.3179,43.7295],[3.3173,43.7295],[3.3162,43.7295],[3.3159,43.7295],[3.3156,43.7295],[3.315,43.7294],[3.3142,43.7294],[3.3125,43.73],[3.312,43.7301],[3.3119,43.7301],[3.3118,43.7302],[3.3109,43.7302],[3.3106,43.7301],[3.3104,43.7301],[3.3104,43.7301],[3.3098,43.73],[3.3096,43.73],[3.3094,43.7299],[3.3092,43.73],[3.3092,43.73],[3.3088,43.73],[3.3083,43.73],[3.3075,43.7299],[3.3067,43.7299],[3.3063,43.7299],[3.3058,43.7299],[3.3053,43.7299],[3.3047,43.7298],[3.3045,43.7298],[3.3041,43.7301],[3.3037,43.7301],[3.3037,43.7301]]]}},{"type":"Feature","properties":{"MI_PRINX":3673118.0,"CARTE":264,"CODE":3442,"CODE_LEG":467,"NOTATION":"o5Gg","DESCR":"Grès et grès quartzitiques à poundingues de galets de quartz à la base de Gabian (Caradoc supérieur)","C_FOND":50,"M_FOND":10,"J_FOND":50,"N_FOND":0,"NOM_SYMB":null,"C_SYMB":-1,"M_SYMB":-1,"J_SYMB":-1,"N_SYMB":-1,"ROT_SYMB":0,"score_potentiel":70,"niveau_potentiel":"Très élevé 🌟","pente_degres":18.8,"type_affleurement":"Affleurement Moyen (Escarpement) 🟠","score_relieffiltered":82.3},"geometry":{"type":"Polygon","coordinates":[[[3.2556,43.5175],[3.2554,43.5178],[3.2547,43.5186],[3.2551,43.5189],[3.2556,43.5192],[3.256,43.5193],[3.2564,43.5195],[3.2567,43.5195],[3.2569,43.5195],[3.2572,43.5194],[3.2574,43.5193],[3.2575,43.5191],[3.2577,43.5188],[3.2579,43.5185],[3.258,43.5182],[3.2581,43.518],[3.2583,43.5178],[3.2585,43.5177],[3.2587,43.5176],[3.2589,43.5175],[3.2592,43.5174],[3.2596,43.5173],[3.2599,43.5172],[3.2601,43.5172],[3.2605,43.5172],[3.2609,43.5173],[3.261,43.5171],[3.2612,43.5169],[3.2609,43.5166],[3.2607,43.5164],[3.2604,43.5163],[3.2602,43.5162],[3.2599,43.5162],[3.2594,43.5163],[3.259,43.5163],[3.2586,43.5164],[3.2587,43.5166],[3.2585,43.5167],[3.2582,43.5169],[3.2578,43.5171],[3.2575,43.5172],[3.2571,43.5173],[3.2566,43.5174],[3.2562,43.5175],[3.2559,43.5175],[3.2556,43.5175]]]}},{"type":"Feature","properties":{"MI_PRINX":3673119.0,"CARTE":264,"CODE":1009,"CODE_LEG":201,"NOTATION":"c6Vig","DESCR":"Marnes, grès, calcaires noduleux; grès de Villeveyrac (Maastrichtien supérieur)","C_FOND":25,"M_FOND":0,"J_FOND":100,"N_FOND":0,"NOM_SYMB":null,"C_SYMB":-1,"M_SYMB":-1,"J_SYMB":-1,"N_SYMB":-1,"ROT_SYMB":0,"score_potentiel":85,"niveau_potentiel":"Très élevé 🌟","pente_degres":32.7,"type_affleurement":"Affleurement Fort (Falaise / Ravine) 🔴","score_relieffiltered":100.0},"geometry":{"type":"Polygon","coordinates":[[[3.5966,43.5121],[3.5965,43.5121],[3.5965,43.5121],[3.5964,43.5122],[3.5964,43.5123],[3.5963,43.5125],[3.5962,43.5127],[3.596,43.5128],[3.5958,43.5129],[3.5955,43.513],[3.5952,43.5131],[3.595,43.5133],[3.5948,43.5135],[3.5946,43.5137],[3.5944,43.5139],[3.5942,43.514],[3.5939,43.5141],[3.5933,43.5142],[3.5927,43.5143],[3.5922,43.5143],[3.5918,43.5142],[3.5914,43.5142],[3.591,43.514],[3.5906,43.5138],[3.59,43.5134],[3.5896,43.5132],[3.5893,43.513],[3.5888,43.5129],[3.5884,43.5128],[3.5881,43.5126],[3.5878,43.5125],[3.5876,43.5124],[3.5873,43.5124],[3.5868,43.5124],[3.5861,43.5124],[3.5856,43.5125],[3.5851,43.5125],[3.5848,43.5125],[3.5845,43.5124],[3.5842,43.5123],[3.584,43.5121],[3.5838,43.5118],[3.5837,43.5116],[3.5836,43.5114],[3.5835,43.5112],[3.5833,43.5112],[3.5832,43.5111],[3.583,43.5111],[3.5828,43.5112],[3.5825,43.5114],[3.5822,43.5115],[3.582,43.5115],[3.5817,43.5115],[3.5813,43.5114],[3.581,43.5113],[3.5808,43.5112],[3.5805,43.5113],[3.58,43.5113],[3.5796,43.5113],[3.5792,43.5113],[3.5789,43.5111],[3.5786,43.5109],[3.5784,43.5107],[3.5782,43.5105],[3.5779,43.5104],[3.5774,43.5104],[3.5769,43.5104],[3.5767,43.5103],[3.5765,43.5101],[3.5764,43.5098],[3.5762,43.5097],[3.5761,43.5096],[3.5758,43.5096],[3.5756,43.5096],[3.5753,43.5097],[3.5749,43.5098],[3.5744,43.51],[3.5741,43.5101],[3.5738,43.5101],[3.5733,43.5101],[3.5729,43.5101],[3.5724,43.51],[3.5719,43.5099],[3.5716,43.5098],[3.5713,43.5098],[3.5708,43.5097],[3.5705,43.5096],[3.5703,43.5096],[3.5699,43.5097],[3.5694,43.5098],[3.569,43.5098],[3.5687,43.5097],[3.5685,43.5098],[3.5682,43.5098],[3.5678,43.5097],[3.5674,43.5095],[3.567,43.5094],[3.5667,43.5093],[3.5663,43.5093],[3.5657,43.5095],[3.5652,43.5094],[3.5647,43.5093],[3.5642,43.5093],[3.5636,43.5094],[3.563,43.5094],[3.5624,43.5093],[3.562,43.5092],[3.5618,43.5092],[3.5615,43.5093],[3.5611,43.5094],[3.5607,43.5093],[3.5603,43.5092],[3.5599,43.5091],[3.5595,43.5092],[3.559,43.5093],[3.5585,43.5094],[3.558,43.5095],[3.5574,43.5095],[3.557,43.5095],[3.5569,43.5096],[3.5568,43.5097],[3.5568,43.5099],[3.5568,43.5101],[3.5568,43.5103],[3.5567,43.5104],[3.5564,43.5104],[3.5561,43.5105],[3.5559,43.5107],[3.5558,43.5108],[3.5556,43.5111],[3.5557,43.5111],[3.556,43.5114],[3.5564,43.5117],[3.5567,43.5119],[3.5568,43.5121],[3.5569,43.5124],[3.5571,43.5128],[3.5573,43.5132],[3.5577,43.5134],[3.5577,43.5134],[3.5577,43.5133],[3.5578,43.5132],[3.5579,43.5131],[3.5581,43.513],[3.5583,43.513],[3.5586,43.513],[3.5591,43.5129],[3.5594,43.5128],[3.5596,43.5127],[3.5596,43.5127],[3.5596,43.5126],[3.5596,43.5125],[3.5595,43.5124],[3.5594,43.5122],[3.5593,43.5121],[3.5593,43.512],[3.5593,43.5119],[3.5594,43.5117],[3.5595,43.5116],[3.5597,43.5115],[3.56,43.5114],[3.5602,43.5114],[3.5604,43.5113],[3.5607,43.5113],[3.5613,43.5113],[3.5616,43.5113],[3.5618,43.5113],[3.5625,43.5114],[3.5635,43.5115],[3.5643,43.5116],[3.5646,43.5116],[3.5648,43.5116],[3.565,43.5115],[3.5653,43.5115],[3.5655,43.5115],[3.5659,43.5115],[3.5663,43.5116],[3.5666,43.5116],[3.5668,43.5116],[3.5669,43.5115],[3.567,43.5114],[3.5671,43.5114],[3.5672,43.5114],[3.5674,43.5114],[3.5676,43.5116],[3.5679,43.5118],[3.5681,43.5119],[3.5682,43.512],[3.5685,43.512],[3.5694,43.512],[3.5703,43.5121],[3.5709,43.5121],[3.5712,43.5122],[3.5717,43.5124],[3.5723,43.5127],[3.5727,43.5128],[3.573,43.5129],[3.5734,43.513],[3.5738,43.5129],[3.5741,43.5129],[3.5743,43.5128],[3.5745,43.5128],[3.5747,43.5129],[3.5749,43.513],[3.5751,43.513],[3.5753,43.5131],[3.5755,43.513],[3.5757,43.513],[3.5759,43.5129],[3.5762,43.5129],[3.5764,43.5129],[3.5767,43.513],[3.5769,43.5131],[3.5773,43.5134],[3.5777,43.5136],[3.578,43.5137],[3.5784,43.5138],[3.5787,43.5139],[3.5792,43.514],[3.5798,43.514],[3.5804,43.514],[3.5807,43.5142],[3.581,43.5143],[3.5813,43.5143],[3.5816,43.5143],[3.582,43.5143],[3.5823,43.5142],[3.5826,43.5142],[3.583,43.5142],[3.5835,43.5143],[3.5837,43.5143],[3.5841,43.5144],[3.5858,43.5146],[3.5882,43.5149],[3.5889,43.515],[3.5893,43.5152],[3.5896,43.5154],[3.5899,43.5155],[3.5902,43.5157],[3.5906,43.5157],[3.5911,43.5158],[3.5915,43.5158],[3.592,43.5158],[3.5926,43.5158],[3.5932,43.5158],[3.5936,43.5159],[3.5939,43.516],[3.594,43.516],[3.5942,43.516],[3.5945,43.516],[3.595,43.516],[3.5956,43.5158],[3.5962,43.5158],[3.5965,43.5157],[3.5966,43.5157],[3.5977,43.5155],[3.5986,43.5154],[3.5995,43.5152],[3.6009,43.5147],[3.602,43.5145],[3.6017,43.5144],[3.6022,43.514],[3.6029,43.5136],[3.6037,43.5134],[3.6054,43.5128],[3.6063,43.5128],[3.6068,43.5127],[3.6076,43.5123],[3.6084,43.512],[3.61,43.5118],[3.6106,43.5116],[3.6115,43.511],[3.6128,43.5104],[3.6141,43.5098],[3.6151,43.509],[3.6158,43.5076],[3.6167,43.5061],[3.6171,43.5053],[3.6173,43.504],[3.6173,43.5032],[3.6166,43.5018],[3.6156,43.5004],[3.615,43.4996],[3.6143,43.4991],[3.6133,43.4984],[3.6125,43.4973],[3.6116,43.496],[3.6107,43.4952],[3.6104,43.495],[3.6081,43.4921],[3.6072,43.4912],[3.6067,43.4906],[3.606,43.4898],[3.6044,43.4886],[3.6031,43.4875],[3.6022,43.4868],[3.6012,43.4859],[3.5999,43.4844],[3.5991,43.4835],[3.5982,43.4827],[3.597,43.4814],[3.5966,43.481],[3.5965,43.4809],[3.5964,43.4809],[3.5963,43.4809],[3.5961,43.4809],[3.5959,43.481],[3.5958,43.481],[3.5956,43.481],[3.5954,43.481],[3.5951,43.481],[3.5949,43.481],[3.5947,43.4811],[3.5946,43.4812],[3.5945,43.4814],[3.5944,43.4816],[3.5943,43.4818],[3.5942,43.4821],[3.5942,43.4823],[3.5942,43.4826],[3.5941,43.4828],[3.594,43.4829],[3.5939,43.483],[3.5936,43.4832],[3.5933,43.4833],[3.593,43.4834],[3.5926,43.4835],[3.5923,43.4837],[3.5921,43.4838],[3.5919,43.4839],[3.5916,43.4842],[3.5913,43.4845],[3.5917,43.4847],[3.592,43.4849],[3.5924,43.485],[3.5928,43.4852],[3.5932,43.4854],[3.5935,43.4857],[3.5937,43.4859],[3.5939,43.4861],[3.5941,43.4864],[3.5942,43.4866],[3.5943,43.4868],[3.5945,43.487],[3.5947,43.4872],[3.5949,43.4874],[3.5951,43.4875],[3.5954,43.4875],[3.5957,43.4876],[3.596,43.4877],[3.5963,43.4879],[3.5965,43.4881],[3.597,43.4888],[3.598,43.4899],[3.5981,43.4902],[3.5982,43.4904],[3.5984,43.4906],[3.5986,43.4908],[3.599,43.4911],[3.5994,43.4914],[3.5998,43.4918],[3.6002,43.4923],[3.6006,43.4927],[3.601,43.4931],[3.6014,43.4935],[3.6017,43.4938],[3.602,43.4941],[3.6022,43.4944],[3.6025,43.4947],[3.6029,43.495],[3.6033,43.4953],[3.6036,43.4955],[3.6039,43.4958],[3.6042,43.4962],[3.6045,43.4965],[3.6046,43.4968],[3.6047,43.497],[3.6047,43.4972],[3.6048,43.4975],[3.605,43.4979],[3.6052,43.4982],[3.6054,43.4984],[3.6057,43.4986],[3.6059,43.4987],[3.6062,43.4989],[3.6066,43.4991],[3.607,43.4993],[3.6074,43.4995],[3.6078,43.4998],[3.608,43.5],[3.6083,43.5003],[3.6086,43.5006],[3.6089,43.501],[3.6092,43.5013],[3.6093,43.5016],[3.6094,43.5018],[3.6095,43.5021],[3.6096,43.5024],[3.6096,43.5027],[3.6096,43.5029],[3.6097,43.5032],[3.6099,43.5034],[3.6102,43.5036],[3.6104,43.5039],[3.6106,43.5042],[3.6107,43.5045],[3.6107,43.5046],[3.6108,43.5047],[3.6108,43.5049],[3.6108,43.505],[3.6107,43.5053],[3.6106,43.5055],[3.6106,43.5057],[3.6105,43.506],[3.6104,43.5064],[3.6102,43.5068],[3.61,43.5072],[3.6098,43.5074],[3.6097,43.5074],[3.6095,43.5075],[3.6094,43.5077],[3.6092,43.5078],[3.609,43.5078],[3.6088,43.5078],[3.6087,43.5079],[3.6085,43.5079],[3.6084,43.508],[3.6083,43.508],[3.6083,43.5081],[3.6082,43.5083],[3.6082,43.5084],[3.6082,43.5085],[3.6082,43.5087],[3.6082,43.5089],[3.6082,43.5091],[3.6081,43.5093],[3.608,43.5094],[3.6079,43.5095],[3.6078,43.5096],[3.6076,43.5097],[3.6075,43.5098],[3.6073,43.5098],[3.6071,43.5099],[3.6069,43.51],[3.6066,43.5101],[3.6062,43.5101],[3.6057,43.5102],[3.6052,43.5102],[3.6048,43.5102],[3.6045,43.5103],[3.6042,43.5104],[3.6039,43.5105],[3.6036,43.5105],[3.6033,43.5105],[3.6028,43.5105],[3.6023,43.5105],[3.6018,43.5105],[3.6013,43.5105],[3.6009,43.5106],[3.6007,43.5106],[3.6005,43.5107],[3.6002,43.5109],[3.6,43.511],[3.5997,43.5111],[3.5995,43.5113],[3.5993,43.5114],[3.5989,43.5115],[3.5984,43.5117],[3.598,43.5118],[3.5976,43.5119],[3.5973,43.512],[3.597,43.512],[3.5966,43.5121]]]}},{"type":"Feature","properties":{"MI_PRINX":3673255.0,"CARTE":264,"CODE":1009,"CODE_LEG":201,"NOTATION":"c6Vig","DESCR":"Marnes, grès, calcaires noduleux; grès de Villeveyrac (Maastrichtien supérieur)","C_FOND":25,"M_FOND":0,"J_FOND":100,"N_FOND":0,"NOM_SYMB":null,"C_SYMB":-1,"M_SYMB":-1,"J_SYMB":-1,"N_SYMB":-1,"ROT_SYMB":0,"score_potentiel":85,"niveau_potentiel":"Très élevé 🌟","pente_degres":31.2,"type_affleurement":"Affleurement Fort (Falaise / Ravine) 🔴","score_relieffiltered":100.0},"geometry":{"type":"Polygon","coordinates":[[[3.5554,43.5092],[3.5554,43.5091],[3.5555,43.509],[3.5557,43.5089],[3.5559,43.5088],[3.5561,43.5087],[3.5563,43.5087],[3.5565,43.5087],[3.5567,43.5086],[3.557,43.5087],[3.5573,43.5088],[3.5577,43.5089],[3.5581,43.5089],[3.5584,43.5088],[3.5586,43.5087],[3.5589,43.5086],[3.5592,43.5085],[3.5596,43.5084],[3.5598,43.5083],[3.56,43.5083],[3.5602,43.5083],[3.5603,43.5083],[3.5606,43.5083],[3.5611,43.5084],[3.5616,43.5085],[3.5623,43.5086],[3.5628,43.5086],[3.5632,43.5086],[3.5635,43.5086],[3.5637,43.5085],[3.5641,43.5085],[3.5644,43.5084],[3.5647,43.5083],[3.565,43.5083],[3.5652,43.5083],[3.5655,43.5083],[3.5658,43.5083],[3.5662,43.5084],[3.5666,43.5085],[3.5669,43.5086],[3.5674,43.5087],[3.5679,43.5089],[3.5684,43.509],[3.5688,43.509],[3.5692,43.509],[3.5696,43.509],[3.5701,43.5089],[3.5706,43.5088],[3.5712,43.5087],[3.5717,43.5087],[3.5722,43.5087],[3.5729,43.5087],[3.5736,43.5088],[3.5742,43.5087],[3.5745,43.5086],[3.5748,43.5086],[3.575,43.5086],[3.5754,43.5087],[3.5759,43.5089],[3.5763,43.5091],[3.5766,43.5092],[3.5769,43.5092],[3.5773,43.5092],[3.5779,43.5092],[3.5784,43.5092],[3.5787,43.5093],[3.579,43.5093],[3.5792,43.5094],[3.5795,43.5096],[3.58,43.5097],[3.5806,43.5098],[3.5812,43.51],[3.5819,43.5101],[3.5826,43.5102],[3.5831,43.5102],[3.5835,43.5102],[3.5839,43.5103],[3.5843,43.5104],[3.5847,43.5105],[3.5852,43.5106],[3.5857,43.5108],[3.5861,43.5109],[3.5865,43.511],[3.5868,43.511],[3.5872,43.511],[3.5876,43.511],[3.588,43.511],[3.5884,43.5109],[3.589,43.5109],[3.5897,43.5109],[3.5902,43.5109],[3.5905,43.5109],[3.5909,43.511],[3.5916,43.5112],[3.5923,43.5114],[3.5927,43.5115],[3.593,43.5115],[3.5933,43.5115],[3.5936,43.5115],[3.5939,43.5114],[3.5941,43.5113],[3.5943,43.5112],[3.5944,43.5112],[3.5944,43.5111],[3.5945,43.5109],[3.5946,43.5108],[3.5949,43.5106],[3.5951,43.5105],[3.5953,43.5105],[3.5955,43.5104],[3.5957,43.5104],[3.5958,43.5104],[3.5959,43.5104],[3.5961,43.5103],[3.5962,43.5102],[3.5963,43.5101],[3.5964,43.51],[3.5966,43.5099],[3.5975,43.5097],[3.5981,43.5095],[3.599,43.5092],[3.6,43.509],[3.6008,43.5089],[3.6022,43.5089],[3.6034,43.5088],[3.6051,43.5086],[3.6058,43.5082],[3.6064,43.5077],[3.6072,43.5065],[3.6078,43.5049],[3.6076,43.503],[3.6073,43.5019],[3.6065,43.5008],[3.6054,43.5],[3.604,43.4992],[3.6029,43.4983],[3.6023,43.4971],[3.6017,43.4961],[3.6007,43.4951],[3.5992,43.4936],[3.5983,43.4927],[3.5972,43.4911],[3.5966,43.49],[3.5964,43.4896],[3.5962,43.4893],[3.5959,43.489],[3.5957,43.4887],[3.5954,43.4885],[3.595,43.4883],[3.5946,43.4881],[3.5943,43.488],[3.5939,43.4878],[3.5935,43.4877],[3.5932,43.4876],[3.593,43.4874],[3.5929,43.4873],[3.5929,43.4871],[3.5927,43.487],[3.5926,43.4869],[3.5924,43.4868],[3.5922,43.4867],[3.592,43.4864],[3.5918,43.4861],[3.5917,43.486],[3.5915,43.4858],[3.5911,43.4856],[3.5906,43.4854],[3.5903,43.4853],[3.5901,43.4851],[3.5899,43.4848],[3.5898,43.4846],[3.5897,43.4845],[3.5895,43.484],[3.5893,43.4832],[3.5891,43.4826],[3.5889,43.4823],[3.5888,43.4822],[3.5886,43.482],[3.5884,43.4819],[3.5881,43.4818],[3.5879,43.4817],[3.5877,43.4817],[3.5873,43.4817],[3.5869,43.4816],[3.5867,43.4815],[3.5865,43.4815],[3.5863,43.4813],[3.586,43.4812],[3.586,43.4813],[3.5861,43.4815],[3.5861,43.4817],[3.5862,43.4819],[3.5862,43.4821],[3.5861,43.4824],[3.5859,43.4827],[3.5857,43.4829],[3.5855,43.4831],[3.5853,43.4832],[3.5851,43.4833],[3.5848,43.4835],[3.5844,43.4837],[3.5838,43.4839],[3.5833,43.484],[3.583,43.4841],[3.5827,43.4842],[3.5825,43.4844],[3.5824,43.4845],[3.5823,43.4847],[3.5822,43.4849],[3.5821,43.4852],[3.5821,43.4855],[3.5821,43.4858],[3.582,43.4863],[3.5819,43.4867],[3.5818,43.487],[3.5817,43.4872],[3.5815,43.4874],[3.5814,43.4876],[3.5813,43.4876],[3.5813,43.4876],[3.5812,43.4876],[3.5812,43.4876],[3.5811,43.4874],[3.5811,43.4872],[3.5811,43.487],[3.5812,43.4869],[3.5812,43.4868],[3.5811,43.4866],[3.5809,43.4863],[3.5808,43.4862],[3.5808,43.486],[3.5809,43.4858],[3.581,43.4856],[3.5811,43.4855],[3.5811,43.4853],[3.5811,43.4853],[3.581,43.4852],[3.5807,43.4851],[3.5806,43.485],[3.5805,43.4849],[3.5805,43.4848],[3.5806,43.4847],[3.5807,43.4845],[3.5809,43.4844],[3.5812,43.4842],[3.5815,43.484],[3.5819,43.4838],[3.5821,43.4836],[3.5822,43.4834],[3.5823,43.4832],[3.5824,43.4831],[3.5826,43.4829],[3.5827,43.4828],[3.5831,43.4826],[3.5836,43.4825],[3.5841,43.4823],[3.5844,43.4821],[3.5845,43.4819],[3.5846,43.4818],[3.5847,43.4815],[3.5849,43.4811],[3.585,43.4809],[3.5853,43.4808],[3.585,43.4804],[3.5849,43.4802],[3.5848,43.48],[3.5845,43.4794],[3.5841,43.4791],[3.5835,43.4788],[3.5825,43.4783],[3.5819,43.4778],[3.5815,43.4774],[3.5813,43.4774],[3.5808,43.4766],[3.5804,43.476],[3.58,43.4755],[3.5799,43.4752],[3.5798,43.4751],[3.5796,43.475],[3.5794,43.4748],[3.5793,43.4747],[3.5791,43.4745],[3.5789,43.4744],[3.5788,43.4743],[3.5787,43.4742],[3.5786,43.474],[3.5784,43.4738],[3.5783,43.4735],[3.5781,43.4733],[3.578,43.473],[3.5778,43.4728],[3.5777,43.4727],[3.5775,43.4725],[3.5774,43.4724],[3.5772,43.4722],[3.5769,43.472],[3.5766,43.4718],[3.5763,43.4716],[3.576,43.4714],[3.5759,43.4714],[3.5758,43.4713],[3.5756,43.4712],[3.5753,43.471],[3.575,43.4708],[3.5748,43.4705],[3.5745,43.4703],[3.5743,43.4701],[3.5741,43.4699],[3.5739,43.4698],[3.5738,43.4697],[3.5737,43.4694],[3.5737,43.4691],[3.5736,43.4687],[3.5735,43.4685],[3.5735,43.4684],[3.5735,43.4682],[3.5734,43.468],[3.5732,43.4678],[3.5731,43.4676],[3.5731,43.4675],[3.573,43.4674],[3.5728,43.4672],[3.5725,43.467],[3.5722,43.4668],[3.572,43.4665],[3.5718,43.4664],[3.5717,43.4662],[3.5716,43.4661],[3.5716,43.4659],[3.5715,43.4656],[3.5713,43.4652],[3.5712,43.4648],[3.571,43.4643],[3.5708,43.464],[3.5706,43.4637],[3.5705,43.4635],[3.5704,43.4633],[3.5702,43.4631],[3.5698,43.4627],[3.5694,43.4623],[3.5689,43.4619],[3.5687,43.4617],[3.5685,43.4615],[3.5684,43.4612],[3.5683,43.461],[3.5683,43.4607],[3.5683,43.4604],[3.5683,43.4602],[3.5683,43.46],[3.5683,43.4598],[3.5682,43.4597],[3.5682,43.4596],[3.568,43.4594],[3.5679,43.4592],[3.5678,43.459],[3.5677,43.4589],[3.5677,43.4587],[3.5677,43.4586],[3.5677,43.4584],[3.5677,43.4582],[3.5677,43.458],[3.5676,43.4578],[3.5675,43.4575],[3.5673,43.4571],[3.567,43.4568],[3.5668,43.4565],[3.5666,43.4562],[3.5666,43.456],[3.5665,43.4558],[3.5664,43.4556],[3.5663,43.4553],[3.5662,43.4551],[3.5662,43.4548],[3.5662,43.4545],[3.5662,43.4542],[3.5662,43.4538],[3.5663,43.4535],[3.5664,43.4531],[3.5666,43.4526],[3.5667,43.4522],[3.5667,43.4519],[3.5667,43.4517],[3.5668,43.4515],[3.5669,43.4513],[3.5671,43.4511],[3.5672,43.451],[3.5673,43.4508],[3.5673,43.4505],[3.5674,43.4501],[3.5674,43.4495],[3.5675,43.4489],[3.5676,43.4485],[3.5676,43.4483],[3.5677,43.4482],[3.5675,43.4482],[3.5674,43.4482],[3.5672,43.448],[3.5671,43.4478],[3.5671,43.4475],[3.5671,43.4473],[3.5672,43.447],[3.5673,43.4467],[3.5675,43.4465],[3.5676,43.4462],[3.5678,43.4458],[3.5679,43.4454],[3.5679,43.4451],[3.5679,43.4449],[3.5678,43.4445],[3.5677,43.4442],[3.5674,43.444],[3.5671,43.4438],[3.5668,43.4437],[3.5664,43.4436],[3.5659,43.4436],[3.5655,43.4437],[3.5652,43.4438],[3.565,43.444],[3.5647,43.4442],[3.5645,43.4443],[3.5643,43.4444],[3.564,43.4445],[3.5634,43.4445],[3.563,43.4446],[3.5627,43.4447],[3.5626,43.4449],[3.5625,43.4451],[3.5622,43.4452],[3.5619,43.4453],[3.5616,43.4454],[3.5614,43.4454],[3.5614,43.4454],[3.5613,43.4453],[3.5613,43.4452],[3.5614,43.445],[3.5614,43.4449],[3.5616,43.4447],[3.562,43.4445],[3.5622,43.4443],[3.5623,43.4441],[3.5623,43.4439],[3.5625,43.4436],[3.5628,43.4432],[3.5629,43.443],[3.5629,43.4428],[3.5629,43.4426],[3.5628,43.4424],[3.5627,43.4422],[3.5625,43.4419],[3.5622,43.4417],[3.5618,43.4414],[3.5613,43.4412],[3.5608,43.4411],[3.5604,43.4411],[3.5597,43.4412],[3.5589,43.4413],[3.5582,43.4416],[3.5578,43.4418],[3.5573,43.4424],[3.5569,43.4426],[3.5566,43.4427],[3.5562,43.4426],[3.5558,43.4424],[3.5554,43.4421],[3.555,43.4417],[3.5548,43.4412],[3.5548,43.4407],[3.5551,43.44],[3.5554,43.439],[3.5555,43.4385],[3.5556,43.4377],[3.5556,43.4371],[3.5554,43.4361],[3.5554,43.4354],[3.5555,43.4344],[3.5557,43.4335],[3.5559,43.4328],[3.5563,43.4322],[3.5564,43.432],[3.5565,43.4318],[3.5564,43.4313],[3.5562,43.431],[3.556,43.4309],[3.5559,43.4309],[3.5557,43.4308],[3.5556,43.4307],[3.5555,43.4306],[3.5555,43.4307],[3.5552,43.4308],[3.5548,43.431],[3.554,43.4312],[3.5531,43.4312],[3.5524,43.4312],[3.5518,43.431],[3.5513,43.4308],[3.5508,43.4303],[3.5505,43.43],[3.5499,43.4298],[3.5494,43.4295],[3.5493,43.4292],[3.5493,43.4289],[3.5495,43.4286],[3.5496,43.4284],[3.5495,43.4281],[3.5494,43.4279],[3.5495,43.4277],[3.55,43.4272],[3.5505,43.4268],[3.5505,43.4268],[3.5505,43.4264],[3.5504,43.4265],[3.5502,43.4267],[3.5499,43.4268],[3.5497,43.4269],[3.5495,43.4269],[3.5492,43.4271],[3.549,43.4273],[3.5489,43.4275],[3.5488,43.4278],[3.5486,43.4281],[3.5484,43.4282],[3.5481,43.4283],[3.5479,43.4284],[3.5477,43.4285],[3.5477,43.4287],[3.5476,43.4288],[3.5476,43.429],[3.5476,43.4292],[3.5475,43.4294],[3.5473,43.4296],[3.5472,43.4299],[3.5471,43.4301],[3.5469,43.4302],[3.5467,43.4303],[3.5464,43.4304],[3.546,43.4304],[3.5456,43.4304],[3.5453,43.4304],[3.545,43.4306],[3.5448,43.4308],[3.5446,43.431],[3.5445,43.4313],[3.5445,43.4317],[3.5445,43.432],[3.5445,43.4323],[3.5444,43.4324],[3.5442,43.4325],[3.5439,43.4326],[3.5437,43.4326],[3.5433,43.4326],[3.543,43.4326],[3.5427,43.4328],[3.5425,43.433],[3.5423,43.4332],[3.542,43.4334],[3.5418,43.4336],[3.5417,43.4338],[3.5417,43.4342],[3.5417,43.4346],[3.5416,43.4349],[3.5415,43.4351],[3.5413,43.4353],[3.5411,43.4355],[3.5408,43.4358],[3.5406,43.4361],[3.5404,43.4365],[3.54,43.4368],[3.5398,43.4372],[3.5396,43.4375],[3.5396,43.4377],[3.5395,43.4379],[3.5394,43.4383],[3.5393,43.4386],[3.5391,43.4389],[3.5389,43.439],[3.5387,43.4391],[3.5384,43.4392],[3.5381,43.4393],[3.5378,43.4395],[3.5377,43.4398],[3.5377,43.4399],[3.5377,43.4402],[3.5377,43.4405],[3.5375,43.4408],[3.5373,43.441],[3.5371,43.4412],[3.5369,43.4415],[3.5365,43.4418],[3.5362,43.442],[3.536,43.4422],[3.5358,43.4424],[3.5356,43.4428],[3.5354,43.4433],[3.5353,43.4436],[3.5353,43.4439],[3.5353,43.4445],[3.5352,43.4453],[3.5352,43.4456],[3.5351,43.4459],[3.535,43.4462],[3.535,43.4464],[3.5351,43.4467],[3.5353,43.4469],[3.5355,43.447],[3.5359,43.4471],[3.5364,43.4472],[3.5367,43.4474],[3.5369,43.4475],[3.5372,43.4477],[3.5373,43.4479],[3.5373,43.4481],[3.5374,43.4483],[3.5374,43.4485],[3.5374,43.4486],[3.5377,43.4487],[3.538,43.4489],[3.5383,43.449],[3.5384,43.4492],[3.5385,43.4494],[3.5386,43.4496],[3.5385,43.4496],[3.5384,43.4497],[3.5382,43.4498],[3.5379,43.4497],[3.5376,43.4497],[3.5373,43.4495],[3.5369,43.4493],[3.5366,43.449],[3.5363,43.4486],[3.536,43.4483],[3.5357,43.4481],[3.5353,43.4478],[3.535,43.4477],[3.5348,43.4476],[3.5345,43.4476],[3.5342,43.4476],[3.5341,43.4478],[3.5339,43.4479],[3.5339,43.4481],[3.5338,43.4483],[3.5339,43.4486],[3.5338,43.4489],[3.5336,43.4493],[3.5334,43.4497],[3.5331,43.4501],[3.5328,43.4505],[3.5326,43.4508],[3.5327,43.451],[3.5329,43.4512],[3.5331,43.4515],[3.5332,43.4517],[3.5332,43.4519],[3.5331,43.4522],[3.5331,43.4527],[3.5332,43.453],[3.5333,43.4532],[3.5335,43.4534],[3.5336,43.4536],[3.5335,43.4537],[3.5335,43.4539],[3.5335,43.4541],[3.5337,43.4543],[3.5338,43.4544],[3.5339,43.4546],[3.5338,43.4547],[3.5337,43.4548],[3.5336,43.4549],[3.5333,43.4551],[3.5329,43.4552],[3.5327,43.4553],[3.5325,43.4554],[3.5324,43.4556],[3.5324,43.4557],[3.5325,43.456],[3.5326,43.4563],[3.5326,43.4566],[3.5325,43.4567],[3.5323,43.4568],[3.5321,43.4569],[3.5318,43.4569],[3.5316,43.4568],[3.5314,43.4566],[3.5313,43.4564],[3.5312,43.4562],[3.5312,43.4559],[3.5313,43.4557],[3.5314,43.4554],[3.5316,43.455],[3.5317,43.4548],[3.5318,43.4545],[3.5319,43.4541],[3.5319,43.4537],[3.5319,43.4534],[3.5318,43.453],[3.5317,43.4527],[3.5315,43.4525],[3.5311,43.4523],[3.531,43.4523],[3.5309,43.4524],[3.5308,43.4527],[3.5308,43.453],[3.5308,43.4534],[3.5306,43.4536],[3.5302,43.454],[3.53,43.4543],[3.5299,43.4547],[3.53,43.4551],[3.5303,43.4555],[3.5307,43.4562],[3.5308,43.4564],[3.5308,43.4567],[3.5307,43.4572],[3.5308,43.4575],[3.5311,43.4579],[3.5313,43.4584],[3.5314,43.4588],[3.5313,43.4592],[3.5311,43.4595],[3.5308,43.4597],[3.5306,43.4599],[3.5304,43.4603],[3.5303,43.4606],[3.5304,43.461],[3.5304,43.4614],[3.5303,43.4619],[3.5302,43.462],[3.53,43.4621],[3.5299,43.4621],[3.5294,43.4618],[3.5291,43.4617],[3.5285,43.4617],[3.5282,43.4616],[3.528,43.4614],[3.528,43.461],[3.5283,43.4607],[3.5286,43.4603],[3.5289,43.4599],[3.529,43.4594],[3.529,43.4589],[3.5288,43.4586],[3.5283,43.4581],[3.5278,43.4578],[3.5272,43.4575],[3.5264,43.4574],[3.5258,43.4572],[3.5253,43.4568],[3.5251,43.4565],[3.5251,43.4563],[3.5253,43.456],[3.5258,43.4556],[3.5259,43.4553],[3.5258,43.455],[3.5256,43.4548],[3.5252,43.4547],[3.525,43.4547],[3.5246,43.455],[3.5241,43.4553],[3.5237,43.4553],[3.5233,43.4554],[3.5211,43.4554],[3.5207,43.4554],[3.5204,43.4556],[3.5203,43.4559],[3.5201,43.4564],[3.5197,43.4568],[3.5191,43.4572],[3.5186,43.4574],[3.5185,43.4574],[3.5184,43.4576],[3.5182,43.4578],[3.5178,43.4578],[3.5176,43.4578],[3.5173,43.4581],[3.517,43.4584],[3.5167,43.4584],[3.5164,43.4586],[3.5162,43.4586],[3.5163,43.4587],[3.5165,43.4587],[3.5168,43.4587],[3.5171,43.4587],[3.5174,43.4588],[3.5176,43.4588],[3.5178,43.4589],[3.5179,43.459],[3.5182,43.4591],[3.5185,43.4593],[3.5187,43.4595],[3.5189,43.4597],[3.5192,43.4599],[3.5196,43.4602],[3.52,43.4603],[3.5202,43.4604],[3.5204,43.4605],[3.5207,43.4606],[3.5211,43.4608],[3.5217,43.4609],[3.5224,43.461],[3.5229,43.4612],[3.5233,43.4613],[3.5236,43.4615],[3.5239,43.4618],[3.5242,43.4619],[3.5244,43.4621],[3.5245,43.4623],[3.5248,43.4626],[3.525,43.463],[3.5252,43.4632],[3.5253,43.4635],[3.5255,43.4638],[3.5256,43.4642],[3.5258,43.4647],[3.526,43.4652],[3.5262,43.4656],[3.5265,43.4659],[3.5267,43.4661],[3.5272,43.4664],[3.5281,43.4667],[3.5285,43.467],[3.5288,43.4673],[3.5292,43.4678],[3.5295,43.4682],[3.5301,43.4684],[3.5308,43.4685],[3.5311,43.4688],[3.5313,43.4692],[3.5315,43.4696],[3.5317,43.4699],[3.5321,43.47],[3.5324,43.4701],[3.5327,43.4702],[3.533,43.4704],[3.5332,43.4705],[3.5334,43.4707],[3.5334,43.4709],[3.5334,43.471],[3.5333,43.4712],[3.5331,43.4713],[3.5328,43.4714],[3.5326,43.4715],[3.5322,43.4715],[3.5313,43.4717],[3.5306,43.4717],[3.5303,43.4718],[3.53,43.4719],[3.5297,43.4721],[3.5302,43.4721],[3.5301,43.4722],[3.5301,43.4723],[3.5301,43.4724],[3.5302,43.4725],[3.5303,43.4726],[3.5305,43.4728],[3.5307,43.4729],[3.5309,43.473],[3.5312,43.4731],[3.5316,43.4733],[3.5322,43.4735],[3.5328,43.4736],[3.5334,43.4738],[3.5339,43.4739],[3.5344,43.4741],[3.5349,43.4742],[3.5354,43.4744],[3.5358,43.4747],[3.5362,43.4749],[3.5366,43.4751],[3.5369,43.4753],[3.5372,43.4756],[3.5375,43.4758],[3.5377,43.4761],[3.5379,43.4764],[3.5381,43.4767],[3.5382,43.4769],[3.5384,43.4771],[3.5386,43.4773],[3.5388,43.4775],[3.5392,43.4777],[3.5396,43.4779],[3.5399,43.478],[3.5404,43.4781],[3.5408,43.4782],[3.5412,43.4782],[3.5416,43.4783],[3.542,43.4783],[3.5424,43.4785],[3.5428,43.4787],[3.5431,43.4789],[3.5434,43.479],[3.5437,43.4792],[3.544,43.4795],[3.5444,43.4798],[3.5446,43.4801],[3.5447,43.4803],[3.5449,43.4805],[3.5451,43.4805],[3.5455,43.4804],[3.5459,43.4803],[3.546,43.4803],[3.5463,43.4802],[3.5466,43.4801],[3.5468,43.4801],[3.547,43.4802],[3.5472,43.4803],[3.5474,43.4804],[3.5477,43.4805],[3.5479,43.4807],[3.5482,43.4808],[3.5485,43.481],[3.5489,43.4812],[3.5492,43.4814],[3.5495,43.4816],[3.5498,43.4818],[3.5502,43.4821],[3.5505,43.4823],[3.5508,43.4825],[3.551,43.4825],[3.5513,43.4827],[3.5516,43.4829],[3.5519,43.483],[3.5522,43.4831],[3.5525,43.4832],[3.5528,43.4833],[3.5531,43.4834],[3.5534,43.4835],[3.5537,43.4836],[3.5539,43.4838],[3.5542,43.484],[3.5545,43.4842],[3.5549,43.4844],[3.5553,43.4846],[3.5558,43.4847],[3.5563,43.4849],[3.5567,43.485],[3.557,43.4851],[3.5573,43.4853],[3.5577,43.4856],[3.5582,43.486],[3.5587,43.4864],[3.5592,43.4867],[3.5598,43.487],[3.5603,43.4873],[3.5608,43.4875],[3.5611,43.4876],[3.5614,43.4877],[3.5616,43.4879],[3.5619,43.4881],[3.5622,43.4883],[3.5625,43.4885],[3.5629,43.4886],[3.5633,43.4888],[3.5636,43.4889],[3.5639,43.4891],[3.5642,43.4893],[3.5645,43.4896],[3.5648,43.4899],[3.5651,43.4901],[3.5654,43.4903],[3.5658,43.4905],[3.5663,43.4908],[3.5668,43.491],[3.5672,43.4913],[3.5675,43.4914],[3.5676,43.4915],[3.5678,43.4917],[3.5679,43.4919],[3.568,43.4921],[3.5681,43.4923],[3.5682,43.4926],[3.5684,43.4929],[3.5684,43.4932],[3.5684,43.4934],[3.5684,43.4937],[3.5684,43.4938],[3.5684,43.4939],[3.5685,43.494],[3.5685,43.494],[3.5686,43.494],[3.5687,43.4939],[3.5688,43.4939],[3.569,43.4938],[3.5692,43.4937],[3.5695,43.4937],[3.5698,43.4937],[3.5701,43.4937],[3.5704,43.4938],[3.5706,43.4939],[3.5708,43.494],[3.5709,43.4941],[3.571,43.4942],[3.5711,43.4944],[3.5711,43.4946],[3.5711,43.4949],[3.571,43.4951],[3.5709,43.4952],[3.5707,43.4954],[3.5705,43.4955],[3.5703,43.4956],[3.5699,43.4956],[3.5694,43.4957],[3.5686,43.4958],[3.5685,43.4957],[3.5683,43.4956],[3.5683,43.4959],[3.5681,43.496],[3.5678,43.4961],[3.5675,43.4962],[3.5671,43.4962],[3.5667,43.4961],[3.5664,43.496],[3.566,43.4958],[3.5656,43.4956],[3.5652,43.4954],[3.5653,43.4949],[3.5652,43.4949],[3.565,43.495],[3.5648,43.495],[3.5645,43.4951],[3.5642,43.4952],[3.5639,43.4954],[3.5636,43.4957],[3.5633,43.496],[3.563,43.4962],[3.5628,43.4964],[3.5625,43.4965],[3.5623,43.4967],[3.562,43.4968],[3.5616,43.4968],[3.5609,43.4968],[3.5602,43.4968],[3.5598,43.4968],[3.5596,43.4969],[3.5594,43.497],[3.5591,43.4972],[3.5589,43.4973],[3.5586,43.4974],[3.5582,43.4975],[3.5577,43.4976],[3.5573,43.4977],[3.5569,43.4978],[3.5565,43.4979],[3.5561,43.4979],[3.5559,43.498],[3.5558,43.498],[3.5558,43.4982],[3.556,43.4984],[3.5563,43.4985],[3.5565,43.4986],[3.5566,43.4986],[3.5567,43.4986],[3.5566,43.4988],[3.5566,43.499],[3.5567,43.4993],[3.5569,43.4995],[3.557,43.4997],[3.557,43.4999],[3.557,43.5001],[3.557,43.5003],[3.557,43.5006],[3.557,43.5008],[3.5568,43.501],[3.5566,43.5012],[3.5566,43.5014],[3.5566,43.5016],[3.5567,43.5017],[3.5567,43.5021],[3.5567,43.5025],[3.5565,43.5027],[3.5563,43.5028],[3.5561,43.5029],[3.5558,43.503],[3.5555,43.5029],[3.5551,43.5027],[3.5547,43.5026],[3.5544,43.5026],[3.5542,43.5027],[3.5541,43.5029],[3.554,43.503],[3.554,43.5031],[3.554,43.5034],[3.5543,43.504],[3.5545,43.5046],[3.5546,43.505],[3.5545,43.5053],[3.5543,43.5055],[3.5542,43.5056],[3.5541,43.5058],[3.5542,43.506],[3.5544,43.5062],[3.5546,43.5064],[3.5546,43.5066],[3.5546,43.507],[3.5545,43.5073],[3.5547,43.5076],[3.5549,43.5079],[3.5548,43.5082],[3.5548,43.5084],[3.5549,43.5086],[3.5552,43.509],[3.5554,43.5092]]]}},{"type":"Feature","properties":{"MI_PRINX":3673258.0,"CARTE":264,"CODE":3442,"CODE_LEG":467,"NOTATION":"o5Gg","DESCR":"Grès et grès quartzitiques à poundingues de galets de quartz à la base de Gabian (Caradoc supérieur)","C_FOND":50,"M_FOND":10,"J_FOND":50,"N_FOND":0,"NOM_SYMB":null,"C_SYMB":-1,"M_SYMB":-1,"J_SYMB":-1,"N_SYMB":-1,"ROT_SYMB":0,"score_potentiel":70,"niveau_potentiel":"Très élevé 🌟","pente_degres":14.0,"type_affleurement":"Affleurement Moyen (Escarpement) 🟠","score_relieffiltered":75.6},"geometry":{"type":"Polygon","coordinates":[[[3.2365,43.515],[3.237,43.5143],[3.2369,43.5142],[3.2362,43.5141],[3.236,43.5143],[3.236,43.5146],[3.2362,43.5148],[3.2365,43.515]]]}},{"type":"Feature","properties":{"MI_PRINX":3673261.0,"CARTE":264,"CODE":3442,"CODE_LEG":467,"NOTATION":"o5Gg","DESCR":"Grès et grès quartzitiques à poundingues de galets de quartz à la base de Gabian (Caradoc supérieur)","C_FOND":50,"M_FOND":10,"J_FOND":50,"N_FOND":0,"NOM_SYMB":null,"C_SYMB":-1,"M_SYMB":-1,"J_SYMB":-1,"N_SYMB":-1,"ROT_SYMB":0,"score_potentiel":70,"niveau_potentiel":"Très élevé 🌟","pente_degres":32.4,"type_affleurement":"Affleurement Fort (Falaise / Ravine) 🔴","score_relieffiltered":100.0},"geometry":{"type":"Polygon","coordinates":[[[3.2267,43.515],[3.2272,43.5149],[3.2277,43.5149],[3.2281,43.5149],[3.2285,43.5148],[3.2289,43.5148],[3.2293,43.5148],[3.2297,43.5148],[3.2301,43.5148],[3.2304,43.5146],[3.2308,43.5145],[3.2312,43.5144],[3.2316,43.5143],[3.232,43.5142],[3.2324,43.5141],[3.2327,43.5141],[3.233,43.5142],[3.2333,43.5142],[3.2335,43.5143],[3.2336,43.5144],[3.2336,43.5143],[3.2336,43.5141],[3.2335,43.5139],[3.2333,43.5138],[3.2331,43.5138],[3.2327,43.5137],[3.2323,43.5138],[3.2318,43.5139],[3.2313,43.514],[3.2307,43.5142],[3.2302,43.5143],[3.2298,43.5145],[3.2294,43.5145],[3.2289,43.5145],[3.2283,43.5145],[3.2278,43.5146],[3.2273,43.5147],[3.2269,43.5149],[3.2267,43.515]]]}},{"type":"Feature","properties":{"MI_PRINX":3673428.0,"CARTE":264,"CODE":3316,"CODE_LEG":424,"NOTATION":"h1MF","DESCR":"Calcaires et lydiennes à nodules phosphatés du Pic de Vissou et de la Serre - Nappes des Monts de Faugères (Tournaisien)","C_FOND":20,"M_FOND":40,"J_FOND":70,"N_FOND":0,"NOM_SYMB":null,"C_SYMB":-1,"M_SYMB":-1,"J_SYMB":-1,"N_SYMB":-1,"ROT_SYMB":0,"score_potentiel":70,"niveau_potentiel":"Très élevé 🌟","pente_degres":17.9,"type_affleurement":"Affleurement Moyen (Escarpement) 🟠","score_relieffiltered":81.1},"geometry":{"type":"Polygon","coordinates":[[[2.9831,43.509],[2.9844,43.5084],[2.9845,43.5082],[2.9846,43.5081],[2.9846,43.5079],[2.9846,43.5076],[2.9843,43.5077],[2.984,43.5079],[2.9837,43.5082],[2.9834,43.5085],[2.9831,43.509]]]}},{"type":"Feature","properties":{"MI_PRINX":3673343.0,"CARTE":264,"CODE":50,"CODE_LEG":50,"NOTATION":"Fy","DESCR":"Blocs, galets et graviers de calcaires siliceux, de grès, de quartz, de lydiennes, de porphyrites et de débris basaltiques (Terrasses glaciaires Würm)","C_FOND":10,"M_FOND":0,"J_FOND":10,"N_FOND":0,"NOM_SYMB":null,"C_SYMB":-1,"M_SYMB":-1,"J_SYMB":-1,"N_SYMB":-1,"ROT_SYMB":0,"score_potentiel":70,"niveau_potentiel":"Très élevé 🌟","pente_degres":33.4,"type_affleurement":"Affleurement Fort (Falaise / Ravine) 🔴","score_relieffiltered":100.0},"geometry":{"type":"Polygon","coordinates":[[[3.3887,43.4904],[3.3887,43.4904],[3.3889,43.4902],[3.3891,43.4901],[3.3892,43.49],[3.3893,43.4898],[3.3895,43.4895],[3.3897,43.4892],[3.3897,43.489],[3.3898,43.4889],[3.3897,43.4887],[3.3897,43.4885],[3.3897,43.4883],[3.3898,43.4881],[3.39,43.488],[3.3902,43.4879],[3.3904,43.4877],[3.3905,43.4875],[3.3907,43.4873],[3.3908,43.4871],[3.3909,43.4869],[3.391,43.4866],[3.3911,43.4863],[3.3911,43.4858],[3.3912,43.4855],[3.3912,43.4853],[3.3912,43.4852],[3.3914,43.485],[3.3919,43.4845],[3.3925,43.4839],[3.3929,43.4835],[3.3933,43.4831],[3.3938,43.4827],[3.3942,43.4822],[3.3945,43.4819],[3.3947,43.4816],[3.3949,43.4813],[3.395,43.4811],[3.3952,43.4809],[3.3952,43.4807],[3.3954,43.4802],[3.3957,43.4795],[3.3961,43.4786],[3.3964,43.4778],[3.3966,43.4774],[3.3967,43.4771],[3.3968,43.4768],[3.397,43.4764],[3.3972,43.4762],[3.3973,43.476],[3.3976,43.4758],[3.3979,43.4755],[3.3984,43.4752],[3.3987,43.4749],[3.3989,43.4748],[3.3989,43.4747],[3.399,43.4746],[3.399,43.4745],[3.399,43.4744],[3.3989,43.4743],[3.3989,43.4742],[3.3989,43.4741],[3.399,43.474],[3.399,43.4739],[3.3991,43.4737],[3.399,43.4736],[3.399,43.4734],[3.399,43.4733],[3.399,43.4732],[3.3991,43.4732],[3.3991,43.4732],[3.3993,43.4732],[3.3994,43.4732],[3.3996,43.4732],[3.3999,43.4732],[3.4003,43.4732],[3.4007,43.4732],[3.401,43.4732],[3.4012,43.4733],[3.4013,43.4734],[3.4015,43.4736],[3.4017,43.4737],[3.4019,43.4739],[3.4022,43.474],[3.4024,43.474],[3.4027,43.474],[3.4031,43.474],[3.4035,43.4739],[3.404,43.4738],[3.4045,43.4737],[3.405,43.4735],[3.4055,43.4733],[3.4059,43.4732],[3.4063,43.473],[3.4067,43.4729],[3.4071,43.4728],[3.4075,43.4727],[3.4079,43.4727],[3.4082,43.4727],[3.4085,43.4727],[3.4087,43.4728],[3.4091,43.4729],[3.4096,43.473],[3.4101,43.473],[3.4106,43.4731],[3.4108,43.4731],[3.411,43.4731],[3.4115,43.473],[3.4118,43.473],[3.412,43.473],[3.4121,43.4731],[3.4124,43.4733],[3.4127,43.4734],[3.4129,43.4734],[3.4131,43.4735],[3.4133,43.4735],[3.4135,43.4735],[3.4136,43.4734],[3.4137,43.4734],[3.4139,43.4733],[3.4142,43.4733],[3.4144,43.4733],[3.4146,43.4734],[3.4147,43.4735],[3.4147,43.4736],[3.4147,43.4738],[3.4146,43.4741],[3.4145,43.4743],[3.4143,43.4745],[3.4142,43.4748],[3.4142,43.4751],[3.4142,43.4753],[3.4142,43.4754],[3.4141,43.4756],[3.414,43.4756],[3.4138,43.4757],[3.4137,43.4758],[3.4135,43.4758],[3.4131,43.4761],[3.4126,43.4765],[3.4123,43.4768],[3.4121,43.477],[3.4114,43.4776],[3.4101,43.4785],[3.4092,43.4792],[3.4088,43.4796],[3.4085,43.4799],[3.4082,43.4803],[3.408,43.4805],[3.4079,43.4808],[3.4078,43.481],[3.4078,43.4811],[3.4078,43.4813],[3.4079,43.4815],[3.4081,43.4818],[3.4082,43.4822],[3.4083,43.4824],[3.4083,43.4826],[3.4083,43.4828],[3.4082,43.483],[3.4081,43.4832],[3.4079,43.4834],[3.4077,43.4836],[3.4074,43.4838],[3.4072,43.4839],[3.4069,43.4841],[3.4065,43.4843],[3.4062,43.4844],[3.4056,43.4846],[3.4045,43.485],[3.404,43.4852],[3.4034,43.4854],[3.4029,43.4856],[3.4026,43.4858],[3.4022,43.486],[3.4018,43.4862],[3.4015,43.4864],[3.4012,43.4866],[3.4009,43.4868],[3.4006,43.4871],[3.4003,43.4874],[3.4001,43.4876],[3.4,43.4878],[3.3998,43.4882],[3.3997,43.4885],[3.3996,43.4888],[3.3996,43.4889],[3.3998,43.4888],[3.4,43.4886],[3.4004,43.4885],[3.4008,43.4884],[3.4011,43.4882],[3.4016,43.4878],[3.4023,43.4873],[3.4027,43.487],[3.4029,43.4868],[3.4033,43.4867],[3.4039,43.4866],[3.4042,43.4865],[3.4045,43.4864],[3.4049,43.4862],[3.4052,43.4861],[3.4054,43.4859],[3.4057,43.4857],[3.406,43.4855],[3.4064,43.4853],[3.4067,43.4853],[3.407,43.4852],[3.4075,43.4852],[3.4082,43.4852],[3.409,43.4852],[3.4094,43.4852],[3.4096,43.4851],[3.4098,43.485],[3.41,43.4849],[3.4102,43.4847],[3.4104,43.4845],[3.4106,43.4845],[3.4107,43.4844],[3.4109,43.4844],[3.4112,43.4845],[3.4114,43.4846],[3.412,43.4849],[3.4127,43.4854],[3.4131,43.4856],[3.4132,43.4856],[3.4134,43.4856],[3.4135,43.4855],[3.4137,43.4855],[3.4138,43.4853],[3.4139,43.4852],[3.4139,43.485],[3.4139,43.4848],[3.414,43.4846],[3.4141,43.4845],[3.4142,43.4844],[3.4144,43.4842],[3.4147,43.4842],[3.4151,43.4841],[3.4156,43.4839],[3.4159,43.4838],[3.4162,43.4837],[3.4164,43.4835],[3.4167,43.4833],[3.4169,43.4831],[3.417,43.4829],[3.4171,43.4827],[3.4173,43.4826],[3.4175,43.4825],[3.4177,43.4824],[3.4177,43.4823],[3.4177,43.4821],[3.4177,43.482],[3.4177,43.4819],[3.4179,43.4818],[3.4179,43.4817],[3.418,43.4816],[3.418,43.4814],[3.4178,43.4811],[3.4176,43.4808],[3.4175,43.4806],[3.4174,43.4805],[3.4172,43.4805],[3.4169,43.4805],[3.4166,43.4805],[3.4164,43.4804],[3.4162,43.4803],[3.416,43.4801],[3.4159,43.4799],[3.4158,43.4796],[3.4158,43.4793],[3.4158,43.479],[3.4157,43.4786],[3.4156,43.4783],[3.4155,43.4782],[3.4154,43.478],[3.4152,43.4779],[3.415,43.4777],[3.4148,43.4775],[3.4147,43.4773],[3.4146,43.4771],[3.4146,43.4769],[3.4147,43.4766],[3.4148,43.4762],[3.4149,43.4758],[3.4151,43.4756],[3.4153,43.4753],[3.4155,43.4751],[3.4157,43.475],[3.4162,43.4747],[3.4165,43.4744],[3.4167,43.4743],[3.4171,43.4738],[3.4175,43.4733],[3.4178,43.473],[3.4179,43.4728],[3.418,43.4726],[3.4181,43.4724],[3.4183,43.4723],[3.4185,43.4722],[3.4187,43.4722],[3.4191,43.4721],[3.4195,43.472],[3.4198,43.4719],[3.42,43.4717],[3.4202,43.4714],[3.4204,43.4712],[3.4206,43.471],[3.4209,43.4709],[3.4211,43.4708],[3.4212,43.4708],[3.4214,43.4708],[3.422,43.4709],[3.4227,43.4711],[3.4232,43.4712],[3.4237,43.4713],[3.4243,43.4714],[3.4251,43.4715],[3.4258,43.4716],[3.4262,43.4718],[3.4267,43.4719],[3.4273,43.4721],[3.4278,43.4724],[3.4282,43.4726],[3.4284,43.4728],[3.4287,43.473],[3.4289,43.4732],[3.4291,43.4735],[3.4291,43.4739],[3.4292,43.4741],[3.4292,43.4743],[3.4294,43.4744],[3.4295,43.4745],[3.4297,43.4746],[3.4299,43.4746],[3.4302,43.4747],[3.4306,43.4747],[3.4308,43.4747],[3.4311,43.4748],[3.4313,43.4749],[3.4316,43.475],[3.4319,43.4752],[3.4317,43.4747],[3.4317,43.4739],[3.4318,43.4734],[3.4321,43.4728],[3.4325,43.4723],[3.4328,43.4719],[3.4331,43.4718],[3.4335,43.4718],[3.4339,43.472],[3.4338,43.4719],[3.4336,43.4716],[3.4332,43.4709],[3.4326,43.47],[3.432,43.469],[3.4317,43.4683],[3.4316,43.4679],[3.4315,43.4675],[3.4315,43.4671],[3.4318,43.4667],[3.4321,43.4663],[3.4322,43.466],[3.4322,43.4657],[3.4321,43.4654],[3.4319,43.4652],[3.4317,43.4651],[3.4314,43.465],[3.431,43.465],[3.4306,43.4651],[3.4303,43.4651],[3.43,43.465],[3.4298,43.4649],[3.4296,43.4646],[3.4294,43.4642],[3.4291,43.4639],[3.4289,43.4637],[3.4286,43.4636],[3.4283,43.4636],[3.428,43.4636],[3.4276,43.4636],[3.427,43.4638],[3.4263,43.4641],[3.4256,43.4644],[3.4251,43.4647],[3.4245,43.465],[3.4235,43.4653],[3.4224,43.4658],[3.4214,43.4663],[3.4207,43.4667],[3.4204,43.4669],[3.42,43.4672],[3.4196,43.4675],[3.4195,43.4677],[3.4194,43.4679],[3.4193,43.4679],[3.4192,43.4679],[3.4192,43.4679],[3.4191,43.4679],[3.4192,43.4677],[3.4193,43.4674],[3.4194,43.4671],[3.4193,43.4669],[3.4192,43.4667],[3.4191,43.4666],[3.4189,43.4665],[3.4186,43.4665],[3.4182,43.4664],[3.4179,43.4665],[3.4173,43.4666],[3.4163,43.4666],[3.4153,43.4666],[3.414,43.4669],[3.4133,43.4671],[3.4127,43.4672],[3.4121,43.4674],[3.4115,43.4677],[3.4107,43.468],[3.4099,43.4683],[3.4093,43.4686],[3.4086,43.4687],[3.4078,43.4688],[3.4069,43.4691],[3.4061,43.4695],[3.4053,43.4698],[3.4041,43.4703],[3.4024,43.4709],[3.4016,43.4712],[3.4013,43.4714],[3.4008,43.4717],[3.4002,43.4721],[3.3999,43.4723],[3.3997,43.4725],[3.3995,43.4725],[3.3993,43.4725],[3.399,43.4725],[3.3987,43.4723],[3.3986,43.4721],[3.3984,43.4721],[3.3971,43.4719],[3.3953,43.4717],[3.3944,43.4715],[3.394,43.4714],[3.3936,43.4714],[3.3933,43.4714],[3.3931,43.4714],[3.3928,43.4716],[3.3924,43.4719],[3.3922,43.4721],[3.3919,43.4723],[3.3916,43.4724],[3.3912,43.4724],[3.3907,43.4724],[3.3903,43.4724],[3.3899,43.4725],[3.3895,43.4726],[3.3891,43.4727],[3.3888,43.4727],[3.3883,43.4726],[3.3878,43.4725],[3.3874,43.4725],[3.3871,43.4725],[3.3868,43.4727],[3.3866,43.4729],[3.3863,43.4731],[3.3861,43.4732],[3.3859,43.4733],[3.3854,43.4734],[3.385,43.4734],[3.3846,43.4736],[3.3842,43.4738],[3.3838,43.4741],[3.3835,43.4742],[3.3831,43.4743],[3.3829,43.4744],[3.3827,43.4746],[3.3825,43.4747],[3.3822,43.4749],[3.3818,43.4751],[3.3813,43.4752],[3.381,43.4753],[3.3806,43.4754],[3.3803,43.4756],[3.38,43.4758],[3.3797,43.4761],[3.3793,43.4764],[3.3796,43.4765],[3.3798,43.4765],[3.3801,43.4765],[3.3805,43.4765],[3.3809,43.4765],[3.3814,43.4763],[3.382,43.4762],[3.3825,43.476],[3.383,43.4758],[3.3835,43.4756],[3.3842,43.4755],[3.3849,43.4755],[3.3856,43.4755],[3.3864,43.4755],[3.387,43.4755],[3.3874,43.4755],[3.3882,43.4755],[3.3887,43.4755],[3.3892,43.4754],[3.3898,43.4753],[3.3903,43.4752],[3.3906,43.475],[3.3908,43.4749],[3.3911,43.4748],[3.3913,43.4746],[3.3915,43.4743],[3.3917,43.4742],[3.3919,43.4741],[3.3921,43.4741],[3.3923,43.4741],[3.3926,43.474],[3.3931,43.4739],[3.3936,43.4737],[3.394,43.4737],[3.3944,43.4737],[3.3946,43.4737],[3.3948,43.4736],[3.395,43.4736],[3.3952,43.4734],[3.3955,43.4733],[3.3958,43.4732],[3.3961,43.4732],[3.3963,43.4732],[3.3965,43.4733],[3.3967,43.4734],[3.3969,43.4735],[3.3971,43.4738],[3.3971,43.4739],[3.3971,43.4741],[3.397,43.4743],[3.3969,43.4746],[3.3967,43.4748],[3.3965,43.4751],[3.3963,43.4755],[3.3962,43.4757],[3.3961,43.4759],[3.396,43.4762],[3.3958,43.4764],[3.3956,43.4767],[3.3953,43.4769],[3.3952,43.4771],[3.3952,43.4772],[3.3952,43.4774],[3.3952,43.478],[3.3951,43.4788],[3.3949,43.4791],[3.3948,43.4793],[3.3947,43.4794],[3.3945,43.4796],[3.3943,43.4798],[3.394,43.48],[3.3938,43.4801],[3.3937,43.4803],[3.3936,43.4804],[3.3934,43.4807],[3.3931,43.4814],[3.3927,43.4821],[3.3924,43.4826],[3.3923,43.4828],[3.3921,43.4831],[3.3918,43.4832],[3.3914,43.4835],[3.3911,43.4837],[3.3909,43.484],[3.3906,43.4841],[3.3903,43.4842],[3.39,43.4844],[3.3898,43.4845],[3.3898,43.4847],[3.3898,43.4849],[3.3898,43.4851],[3.3899,43.4853],[3.3898,43.4855],[3.3897,43.4856],[3.3894,43.4859],[3.3889,43.4862],[3.3885,43.4864],[3.3883,43.4864],[3.3881,43.4865],[3.3879,43.4865],[3.3878,43.4865],[3.3879,43.4866],[3.3879,43.4866],[3.388,43.4867],[3.3882,43.4869],[3.3883,43.4871],[3.3883,43.4872],[3.3883,43.4873],[3.3883,43.4875],[3.3882,43.4877],[3.388,43.4879],[3.3878,43.4881],[3.3875,43.4883],[3.3872,43.4885],[3.3869,43.4887],[3.3865,43.4889],[3.3862,43.489],[3.3859,43.489],[3.3857,43.4891],[3.3856,43.4891],[3.3856,43.4892],[3.3856,43.4892],[3.3856,43.4892],[3.3859,43.4892],[3.3862,43.4892],[3.3865,43.4891],[3.3867,43.4891],[3.3869,43.4891],[3.3872,43.4892],[3.3873,43.4893],[3.3874,43.4894],[3.3875,43.4895],[3.3875,43.4898],[3.3874,43.4902],[3.3872,43.4905],[3.3869,43.4908],[3.3866,43.491],[3.3862,43.4913],[3.3858,43.4915],[3.3856,43.4917],[3.3855,43.4918],[3.3853,43.492],[3.3851,43.4922],[3.3848,43.4924],[3.3846,43.4926],[3.3843,43.4927],[3.3841,43.4928],[3.3838,43.4929],[3.3835,43.4931],[3.3832,43.4934],[3.3831,43.4937],[3.383,43.4939],[3.3829,43.4941],[3.3827,43.4943],[3.3824,43.4945],[3.382,43.4948],[3.3817,43.495],[3.3816,43.4951],[3.3814,43.4956],[3.3812,43.4963],[3.381,43.4968],[3.3808,43.497],[3.3806,43.4972],[3.3804,43.4974],[3.3803,43.4976],[3.3802,43.4979],[3.3801,43.4981],[3.3799,43.4982],[3.3798,43.4983],[3.3796,43.4984],[3.3795,43.4984],[3.3793,43.4986],[3.3792,43.4987],[3.3791,43.4989],[3.379,43.499],[3.3786,43.4992],[3.3782,43.4994],[3.3778,43.4996],[3.3776,43.4997],[3.3774,43.4998],[3.3772,43.4998],[3.3769,43.4998],[3.3765,43.4998],[3.3761,43.4999],[3.3757,43.4999],[3.3754,43.5],[3.375,43.5001],[3.3747,43.5003],[3.3743,43.5005],[3.374,43.5008],[3.3736,43.501],[3.3733,43.5011],[3.3729,43.5012],[3.3725,43.5013],[3.372,43.5014],[3.3716,43.5015],[3.3713,43.5016],[3.371,43.5017],[3.3707,43.5018],[3.3704,43.502],[3.3702,43.5022],[3.37,43.5023],[3.3699,43.5025],[3.3697,43.5028],[3.3696,43.5031],[3.3696,43.5033],[3.3696,43.5035],[3.3696,43.5036],[3.3697,43.5037],[3.3698,43.5038],[3.3699,43.5039],[3.37,43.5039],[3.3701,43.5038],[3.3703,43.5037],[3.3705,43.5036],[3.3708,43.5034],[3.3712,43.5031],[3.3716,43.5028],[3.372,43.5025],[3.3723,43.5023],[3.3725,43.5022],[3.3727,43.5021],[3.373,43.502],[3.3734,43.502],[3.3738,43.5019],[3.3741,43.5019],[3.3745,43.5018],[3.3749,43.5017],[3.3751,43.5016],[3.3754,43.5014],[3.3756,43.5013],[3.3759,43.5011],[3.3762,43.5009],[3.3764,43.5008],[3.3765,43.5008],[3.3766,43.5008],[3.3766,43.5008],[3.3767,43.5009],[3.3767,43.501],[3.3767,43.5011],[3.3767,43.5012],[3.3767,43.5014],[3.3766,43.5016],[3.3764,43.5019],[3.3762,43.5023],[3.3761,43.5026],[3.3761,43.5029],[3.376,43.5032],[3.3757,43.5036],[3.3754,43.504],[3.3751,43.5043],[3.3748,43.5046],[3.3744,43.5051],[3.3741,43.5055],[3.3739,43.5057],[3.3738,43.5059],[3.3734,43.506],[3.3731,43.5061],[3.3728,43.5061],[3.3725,43.5062],[3.3723,43.5062],[3.3721,43.5065],[3.372,43.5068],[3.3719,43.5072],[3.3719,43.5075],[3.3719,43.5078],[3.3721,43.5081],[3.3722,43.5085],[3.3722,43.5089],[3.3722,43.5091],[3.3722,43.5093],[3.3721,43.5095],[3.372,43.5096],[3.372,43.5098],[3.372,43.5098],[3.372,43.5099],[3.3721,43.5099],[3.3721,43.5099],[3.3722,43.5098],[3.3725,43.5097],[3.3727,43.5096],[3.3729,43.5095],[3.373,43.5093],[3.3732,43.5091],[3.3734,43.5089],[3.3736,43.5086],[3.3738,43.5081],[3.3741,43.5075],[3.3743,43.5072],[3.3745,43.507],[3.3746,43.5069],[3.3748,43.5067],[3.3753,43.5064],[3.3758,43.5062],[3.376,43.5061],[3.3762,43.5059],[3.3763,43.5058],[3.3764,43.5056],[3.3765,43.5054],[3.3766,43.5052],[3.3768,43.505],[3.377,43.5046],[3.3773,43.5041],[3.3775,43.5038],[3.3776,43.5035],[3.3779,43.5033],[3.3782,43.503],[3.3784,43.5028],[3.3785,43.5027],[3.3785,43.5026],[3.3785,43.5023],[3.3786,43.502],[3.3786,43.5016],[3.3787,43.5013],[3.3789,43.5011],[3.3791,43.5008],[3.3793,43.5005],[3.3794,43.5004],[3.3796,43.5003],[3.3798,43.5001],[3.38,43.4999],[3.3802,43.4997],[3.3802,43.4995],[3.3803,43.4993],[3.3804,43.4991],[3.3805,43.499],[3.3808,43.4987],[3.3811,43.4985],[3.3813,43.4984],[3.3815,43.4983],[3.3816,43.4981],[3.3818,43.4979],[3.3819,43.4976],[3.382,43.4973],[3.3821,43.4972],[3.3823,43.497],[3.3826,43.4968],[3.3828,43.4966],[3.383,43.4965],[3.3832,43.4964],[3.3833,43.4962],[3.3834,43.4961],[3.3836,43.4958],[3.3839,43.4953],[3.3843,43.4947],[3.3847,43.4943],[3.3849,43.494],[3.385,43.4938],[3.3856,43.4933],[3.3862,43.4928],[3.3868,43.4924],[3.3871,43.4923],[3.3872,43.4922],[3.3873,43.4922],[3.3875,43.4922],[3.3876,43.4921],[3.3878,43.492],[3.3879,43.4918],[3.388,43.4916],[3.3881,43.4914],[3.388,43.4912],[3.3881,43.491],[3.3882,43.4908],[3.3883,43.4907],[3.3885,43.4905],[3.3887,43.4904]],[[3.3972,43.4721],[3.3972,43.4721],[3.3973,43.4722],[3.3972,43.4722],[3.397,43.4725],[3.3969,43.4725],[3.3968,43.4724],[3.3968,43.4724],[3.3969,43.4722],[3.397,43.4721],[3.3972,43.4721]]]}},{"type":"Feature","properties":{"MI_PRINX":3673346.0,"CARTE":264,"CODE":3316,"CODE_LEG":424,"NOTATION":"h1MF","DESCR":"Calcaires et lydiennes à nodules phosphatés du Pic de Vissou et de la Serre - Nappes des Monts de Faugères (Tournaisien)","C_FOND":20,"M_FOND":40,"J_FOND":70,"N_FOND":0,"NOM_SYMB":null,"C_SYMB":-1,"M_SYMB":-1,"J_SYMB":-1,"N_SYMB":-1,"ROT_SYMB":0,"score_potentiel":70,"niveau_potentiel":"Très élevé 🌟","pente_degres":19.9,"type_affleurement":"Affleurement Moyen (Escarpement) 🟠","score_relieffiltered":83.9},"geometry":{"type":"Polygon","coordinates":[[[2.9841,43.512],[2.9841,43.512],[2.9842,43.5122],[2.9844,43.5123],[2.9845,43.5124],[2.9845,43.5124],[2.9847,43.5125],[2.985,43.5127],[2.9854,43.5128],[2.9854,43.5128],[2.9853,43.5126],[2.9849,43.5124],[2.9847,43.5122],[2.9845,43.5121],[2.9843,43.512],[2.9841,43.512]]]}},{"type":"Feature","properties":{"MI_PRINX":3673431.0,"CARTE":264,"CODE":3442,"CODE_LEG":467,"NOTATION":"o5Gg","DESCR":"Grès et grès quartzitiques à poundingues de galets de quartz à la base de Gabian (Caradoc supérieur)","C_FOND":50,"M_FOND":10,"J_FOND":50,"N_FOND":0,"NOM_SYMB":null,"C_SYMB":-1,"M_SYMB":-1,"J_SYMB":-1,"N_SYMB":-1,"ROT_SYMB":0,"score_potentiel":70,"niveau_potentiel":"Très élevé 🌟","pente_degres":14.3,"type_affleurement":"Affleurement Moyen (Escarpement) 🟠","score_relieffiltered":76.0},"geometry":{"type":"Polygon","coordinates":[[[3.2059,43.5071],[3.2062,43.5072],[3.2066,43.5073],[3.2069,43.5072],[3.2071,43.507],[3.2072,43.5067],[3.207,43.5066],[3.2068,43.5066],[3.2066,43.5065],[3.2064,43.5066],[3.2062,43.5067],[3.206,43.507],[3.2059,43.5071]]]}},{"type":"Feature","properties":{"MI_PRINX":3673432.0,"CARTE":264,"CODE":3442,"CODE_LEG":467,"NOTATION":"o5Gg","DESCR":"Grès et grès quartzitiques à poundingues de galets de quartz à la base de Gabian (Caradoc supérieur)","C_FOND":50,"M_FOND":10,"J_FOND":50,"N_FOND":0,"NOM_SYMB":null,"C_SYMB":-1,"M_SYMB":-1,"J_SYMB":-1,"N_SYMB":-1,"ROT_SYMB":0,"score_potentiel":70,"niveau_potentiel":"Très élevé 🌟","pente_degres":31.5,"type_affleurement":"Affleurement Fort (Falaise / Ravine) 🔴","score_relieffiltered":100.0},"geometry":{"type":"Polygon","coordinates":[[[3.2094,43.507],[3.2096,43.5071],[3.2098,43.5072],[3.2101,43.5073],[3.2104,43.5072],[3.2107,43.5071],[3.2111,43.507],[3.2116,43.5069],[3.2122,43.5068],[3.212,43.5068],[3.2114,43.5069],[3.2107,43.5069],[3.2101,43.5069],[3.2096,43.5068],[3.2093,43.5067],[3.2093,43.5068],[3.2094,43.507]]]}},{"type":"Feature","properties":{"MI_PRINX":3673427.0,"CARTE":264,"CODE":50,"CODE_LEG":50,"NOTATION":"Fy","DESCR":"Blocs, galets et graviers de calcaires siliceux, de grès, de quartz, de lydiennes, de porphyrites et de débris basaltiques (Terrasses glaciaires Würm)","C_FOND":10,"M_FOND":0,"J_FOND":10,"N_FOND":0,"NOM_SYMB":null,"C_SYMB":-1,"M_SYMB":-1,"J_SYMB":-1,"N_SYMB":-1,"ROT_SYMB":0,"score_potentiel":70,"niveau_potentiel":"Très élevé 🌟","pente_degres":33.0,"type_affleurement":"Affleurement Fort (Falaise / Ravine) 🔴","score_relieffiltered":100.0},"geometry":{"type":"Polygon","coordinates":[[[3.4717,43.4976],[3.4719,43.4975],[3.4722,43.4974],[3.4727,43.4973],[3.4734,43.4971],[3.4742,43.497],[3.4747,43.4969],[3.4752,43.4967],[3.4755,43.4965],[3.4759,43.4963],[3.4764,43.496],[3.4768,43.4957],[3.4773,43.4955],[3.4776,43.4954],[3.478,43.4953],[3.4784,43.4952],[3.4788,43.4952],[3.4792,43.4952],[3.4796,43.4952],[3.4801,43.4953],[3.4806,43.4954],[3.4811,43.4956],[3.4816,43.4957],[3.4819,43.4959],[3.4821,43.4961],[3.4823,43.4963],[3.4826,43.4965],[3.4828,43.4968],[3.483,43.4971],[3.4833,43.4975],[3.4836,43.4979],[3.4838,43.4983],[3.4839,43.4987],[3.4841,43.499],[3.4842,43.4995],[3.4843,43.5002],[3.4844,43.5009],[3.4844,43.5013],[3.4846,43.5014],[3.4849,43.5017],[3.4851,43.5019],[3.4852,43.5021],[3.4853,43.5022],[3.4853,43.5024],[3.4853,43.5027],[3.4854,43.5031],[3.4854,43.5035],[3.4854,43.5038],[3.4855,43.5041],[3.4856,43.5044],[3.4857,43.5046],[3.4858,43.5047],[3.4859,43.5048],[3.4859,43.5048],[3.486,43.5048],[3.486,43.5047],[3.486,43.5046],[3.486,43.5044],[3.486,43.5043],[3.4861,43.5042],[3.4862,43.504],[3.4864,43.5039],[3.4866,43.5037],[3.4867,43.5035],[3.4867,43.5032],[3.4868,43.503],[3.4868,43.5027],[3.4868,43.5024],[3.4867,43.5022],[3.4866,43.502],[3.4865,43.5019],[3.4864,43.5017],[3.4862,43.5016],[3.486,43.5015],[3.4857,43.5014],[3.4854,43.5013],[3.4852,43.5012],[3.485,43.501],[3.4849,43.5008],[3.4848,43.5007],[3.4848,43.5005],[3.4849,43.5003],[3.4849,43.5],[3.4849,43.4998],[3.4848,43.4997],[3.4848,43.4995],[3.4849,43.4992],[3.485,43.4988],[3.4851,43.4984],[3.4851,43.4981],[3.4851,43.498],[3.485,43.4979],[3.4848,43.4977],[3.4847,43.4975],[3.4846,43.4973],[3.4845,43.4971],[3.4845,43.4969],[3.4845,43.4965],[3.4846,43.4961],[3.4848,43.4957],[3.4849,43.4955],[3.4851,43.4953],[3.4853,43.4952],[3.4856,43.4951],[3.486,43.495],[3.4863,43.495],[3.4866,43.4949],[3.4868,43.4947],[3.487,43.4945],[3.4872,43.4943],[3.4874,43.4941],[3.4876,43.4939],[3.4879,43.4937],[3.4882,43.4935],[3.4885,43.4934],[3.4887,43.4934],[3.4891,43.4934],[3.4895,43.4935],[3.4899,43.4935],[3.4904,43.4935],[3.4911,43.4937],[3.492,43.494],[3.4925,43.4941],[3.4927,43.4941],[3.493,43.494],[3.4932,43.494],[3.4935,43.4941],[3.4939,43.4942],[3.4944,43.4942],[3.4952,43.4943],[3.4959,43.4943],[3.4965,43.4944],[3.497,43.4944],[3.4975,43.4945],[3.4981,43.4944],[3.4986,43.4943],[3.499,43.4942],[3.4994,43.494],[3.4997,43.4938],[3.5,43.4937],[3.5002,43.4936],[3.5004,43.4936],[3.5007,43.4936],[3.5012,43.4936],[3.5019,43.4938],[3.5024,43.4938],[3.5029,43.4939],[3.5034,43.4939],[3.504,43.4939],[3.5045,43.4939],[3.5049,43.4938],[3.5054,43.4937],[3.5059,43.4936],[3.5063,43.4935],[3.5066,43.4935],[3.5068,43.4935],[3.507,43.4935],[3.5072,43.4935],[3.5073,43.4935],[3.5072,43.4934],[3.5071,43.4933],[3.5069,43.4931],[3.5066,43.493],[3.5063,43.4929],[3.5059,43.4929],[3.5054,43.4928],[3.5049,43.4928],[3.5046,43.4928],[3.5043,43.4929],[3.5039,43.4929],[3.5036,43.493],[3.5033,43.493],[3.5031,43.493],[3.5029,43.4929],[3.5027,43.4928],[3.5025,43.4927],[3.5024,43.4926],[3.5024,43.4924],[3.5024,43.4923],[3.5025,43.4921],[3.5027,43.4918],[3.5029,43.4916],[3.5031,43.4914],[3.5033,43.4912],[3.5036,43.4911],[3.5039,43.4909],[3.5043,43.4907],[3.5046,43.4906],[3.5046,43.4905],[3.5045,43.4905],[3.5043,43.4905],[3.504,43.4906],[3.5035,43.4907],[3.503,43.491],[3.5024,43.4912],[3.5019,43.4915],[3.5013,43.4917],[3.5008,43.4919],[3.5002,43.4922],[3.4997,43.4925],[3.4991,43.4928],[3.4986,43.493],[3.4981,43.4933],[3.4978,43.4934],[3.4977,43.4935],[3.4974,43.4936],[3.4971,43.4937],[3.4968,43.4937],[3.4964,43.4938],[3.496,43.4938],[3.4957,43.4937],[3.4954,43.4936],[3.4953,43.4934],[3.4952,43.4933],[3.4951,43.4932],[3.4951,43.4932],[3.4949,43.493],[3.4947,43.4929],[3.4945,43.4929],[3.4944,43.4929],[3.4942,43.4929],[3.494,43.4929],[3.4938,43.493],[3.4936,43.4931],[3.4933,43.4932],[3.493,43.4932],[3.4927,43.4932],[3.4924,43.493],[3.4921,43.4929],[3.4919,43.4929],[3.4916,43.493],[3.4913,43.4929],[3.4911,43.4927],[3.4909,43.4925],[3.4907,43.4924],[3.4905,43.4924],[3.4902,43.4924],[3.49,43.4923],[3.4898,43.4921],[3.4896,43.4918],[3.4894,43.4918],[3.4893,43.4917],[3.489,43.4917],[3.4885,43.4918],[3.4881,43.4919],[3.4878,43.4919],[3.4876,43.4919],[3.4875,43.492],[3.4873,43.4923],[3.487,43.4925],[3.4868,43.4927],[3.4865,43.4929],[3.4862,43.493],[3.4859,43.4931],[3.4855,43.4931],[3.485,43.4932],[3.4846,43.4934],[3.4843,43.4936],[3.4839,43.4937],[3.4835,43.4937],[3.4833,43.4935],[3.4832,43.4934],[3.483,43.4932],[3.4827,43.4929],[3.4822,43.4927],[3.4817,43.4925],[3.4811,43.4924],[3.4805,43.4923],[3.4799,43.4924],[3.4794,43.4925],[3.4788,43.4928],[3.4783,43.493],[3.4779,43.4931],[3.4774,43.4932],[3.4768,43.4931],[3.4763,43.493],[3.4759,43.4931],[3.4756,43.4932],[3.4754,43.4933],[3.4752,43.4935],[3.4749,43.4939],[3.4746,43.4944],[3.4743,43.4948],[3.4742,43.495],[3.474,43.4951],[3.4737,43.4952],[3.4734,43.4952],[3.4732,43.4951],[3.4732,43.4954],[3.4731,43.4958],[3.473,43.4962],[3.4729,43.4964],[3.4727,43.4967],[3.4725,43.4969],[3.4717,43.4976]]]}},{"type":"Feature","properties":{"MI_PRINX":3660525.0,"CARTE":264,"CODE":50,"CODE_LEG":50,"NOTATION":"Fy","DESCR":"Blocs, galets et graviers de calcaires siliceux, de grès, de quartz, de lydiennes, de porphyrites et de débris basaltiques (Terrasses glaciaires Würm)","C_FOND":10,"M_FOND":0,"J_FOND":10,"N_FOND":0,"NOM_SYMB":null,"C_SYMB":-1,"M_SYMB":-1,"J_SYMB":-1,"N_SYMB":-1,"ROT_SYMB":0,"score_potentiel":70,"niveau_potentiel":"Très élevé 🌟","pente_degres":16.5,"type_affleurement":"Affleurement Moyen (Escarpement) 🟠","score_relieffiltered":79.1},"geometry":{"type":"Polygon","coordinates":[[[3.9916,43.7819],[3.9911,43.7822],[3.9898,43.7826],[3.9891,43.7829],[3.9889,43.7831],[3.9892,43.7834],[3.9898,43.7838],[3.9902,43.7839],[3.9907,43.7839],[3.991,43.7836],[3.9911,43.7831],[3.992,43.7823],[3.9921,43.7821],[3.992,43.782],[3.9916,43.7819]]]}},{"type":"Feature","properties":{"MI_PRINX":3673323.0,"CARTE":264,"CODE":50,"CODE_LEG":50,"NOTATION":"Fy","DESCR":"Blocs, galets et graviers de calcaires siliceux, de grès, de quartz, de lydiennes, de porphyrites et de débris basaltiques (Terrasses glaciaires Würm)","C_FOND":10,"M_FOND":0,"J_FOND":10,"N_FOND":0,"NOM_SYMB":null,"C_SYMB":-1,"M_SYMB":-1,"J_SYMB":-1,"N_SYMB":-1,"ROT_SYMB":0,"score_potentiel":70,"niveau_potentiel":"Très élevé 🌟","pente_degres":18.7,"type_affleurement":"Affleurement Moyen (Escarpement) 🟠","score_relieffiltered":82.2},"geometry":{"type":"Polygon","coordinates":[[[3.2469,43.5117],[3.247,43.5117],[3.2472,43.5117],[3.2473,43.5116],[3.2475,43.5115],[3.2476,43.5114],[3.2477,43.5112],[3.2478,43.5112],[3.248,43.5108],[3.2481,43.5106],[3.2484,43.5104],[3.2487,43.5103],[3.2489,43.5102],[3.2491,43.5101],[3.2494,43.5099],[3.2497,43.5098],[3.2499,43.5098],[3.2501,43.5097],[3.2504,43.5098],[3.2508,43.5099],[3.251,43.51],[3.2512,43.51],[3.2516,43.5099],[3.252,43.5099],[3.2525,43.5099],[3.2529,43.51],[3.2532,43.5101],[3.2536,43.5102],[3.2539,43.5104],[3.2541,43.5104],[3.2542,43.5104],[3.2542,43.5104],[3.2541,43.5099],[3.2539,43.5094],[3.2536,43.5089],[3.2532,43.5084],[3.2528,43.508],[3.2524,43.5077],[3.2521,43.5076],[3.2517,43.5074],[3.2513,43.5073],[3.251,43.5072],[3.2506,43.5071],[3.2503,43.507],[3.2499,43.5067],[3.2492,43.5063],[3.2487,43.506],[3.2486,43.506],[3.2484,43.506],[3.248,43.5061],[3.2477,43.5062],[3.2472,43.5064],[3.2468,43.5066],[3.2466,43.5068],[3.2465,43.507],[3.2464,43.5072],[3.2465,43.5073],[3.2466,43.5075],[3.2468,43.5077],[3.2471,43.5079],[3.2475,43.5081],[3.2477,43.5082],[3.2479,43.5084],[3.248,43.5085],[3.2481,43.5087],[3.2481,43.5089],[3.2481,43.5092],[3.248,43.5093],[3.248,43.5095],[3.2477,43.5098],[3.2477,43.5098],[3.2474,43.5102],[3.2472,43.5105],[3.247,43.5108],[3.247,43.511],[3.2469,43.5112],[3.2469,43.5114],[3.2469,43.5116],[3.2469,43.5116],[3.2469,43.5117]]]}},{"type":"Feature","properties":{"MI_PRINX":3673324.0,"CARTE":264,"CODE":50,"CODE_LEG":50,"NOTATION":"Fy","DESCR":"Blocs, galets et graviers de calcaires siliceux, de grès, de quartz, de lydiennes, de porphyrites et de débris basaltiques (Terrasses glaciaires Würm)","C_FOND":10,"M_FOND":0,"J_FOND":10,"N_FOND":0,"NOM_SYMB":null,"C_SYMB":-1,"M_SYMB":-1,"J_SYMB":-1,"N_SYMB":-1,"ROT_SYMB":0,"score_potentiel":70,"niveau_potentiel":"Très élevé 🌟","pente_degres":31.0,"type_affleurement":"Affleurement Fort (Falaise / Ravine) 🔴","score_relieffiltered":99.4},"geometry":{"type":"Polygon","coordinates":[[[2.7984,43.5093],[2.7985,43.5094],[2.799,43.5096],[2.7993,43.5099],[2.7996,43.5102],[2.7997,43.5105],[2.7998,43.5107],[2.8001,43.5109],[2.8003,43.5112],[2.8006,43.5117],[2.8007,43.5122],[2.8007,43.5125],[2.801,43.5128],[2.8014,43.5131],[2.8022,43.5135],[2.8024,43.5137],[2.8028,43.514],[2.8033,43.5143],[2.8037,43.5144],[2.8042,43.5144],[2.8049,43.5145],[2.8039,43.514],[2.8034,43.5137],[2.8023,43.5127],[2.8018,43.5119],[2.8013,43.5112],[2.8006,43.5101],[2.8001,43.5094],[2.7995,43.509],[2.7995,43.509],[2.7991,43.5091],[2.7987,43.5092],[2.7984,43.5093]]]}},{"type":"Feature","properties":{"MI_PRINX":3673512.0,"CARTE":264,"CODE":50,"CODE_LEG":50,"NOTATION":"Fy","DESCR":"Blocs, galets et graviers de calcaires siliceux, de grès, de quartz, de lydiennes, de porphyrites et de débris basaltiques (Terrasses glaciaires Würm)","C_FOND":10,"M_FOND":0,"J_FOND":10,"N_FOND":0,"NOM_SYMB":null,"C_SYMB":-1,"M_SYMB":-1,"J_SYMB":-1,"N_SYMB":-1,"ROT_SYMB":0,"score_potentiel":70,"niveau_potentiel":"Très élevé 🌟","pente_degres":20.6,"type_affleurement":"Affleurement Moyen (Escarpement) 🟠","score_relieffiltered":84.8},"geometry":{"type":"Polygon","coordinates":[[[3.2464,43.502],[3.2463,43.502],[3.2461,43.5021],[3.2459,43.5021],[3.2457,43.5022],[3.2455,43.5022],[3.2453,43.5023],[3.2452,43.5023],[3.245,43.5023],[3.2448,43.5022],[3.2445,43.5022],[3.2443,43.5022],[3.2442,43.5022],[3.2441,43.5022],[3.2439,43.5023],[3.2438,43.5023],[3.2437,43.5024],[3.2435,43.5025],[3.2434,43.5027],[3.2432,43.5028],[3.2431,43.503],[3.243,43.5031],[3.2429,43.5032],[3.2429,43.5033],[3.2429,43.5034],[3.2429,43.5034],[3.243,43.5034],[3.2431,43.5034],[3.2432,43.5035],[3.2434,43.5035],[3.2436,43.5034],[3.2438,43.5034],[3.244,43.5034],[3.2441,43.5033],[3.2443,43.5032],[3.2446,43.5031],[3.2449,43.503],[3.2452,43.5029],[3.2455,43.5028],[3.2457,43.5028],[3.2459,43.5027],[3.2461,43.5027],[3.2464,43.5028],[3.2466,43.5028],[3.2469,43.5028],[3.2471,43.5029],[3.2472,43.503],[3.2475,43.5031],[3.2477,43.5032],[3.2479,43.5033],[3.2481,43.5034],[3.2483,43.5035],[3.2484,43.5036],[3.2486,43.5037],[3.2488,43.5037],[3.2489,43.5038],[3.2491,43.5038],[3.2492,43.5038],[3.2493,43.5038],[3.2494,43.5037],[3.2494,43.5037],[3.2495,43.5036],[3.2495,43.5036],[3.2496,43.5035],[3.2496,43.5034],[3.2495,43.5033],[3.2494,43.5032],[3.2493,43.5031],[3.2492,43.503],[3.249,43.503],[3.2488,43.5029],[3.2485,43.5029],[3.2483,43.5028],[3.2482,43.5028],[3.2481,43.5027],[3.248,43.5026],[3.2479,43.5025],[3.2478,43.5024],[3.2477,43.5023],[3.2476,43.5023],[3.2474,43.5022],[3.2471,43.5021],[3.2469,43.5021],[3.2467,43.5021],[3.2465,43.502],[3.2464,43.502]]]}},{"type":"Feature","properties":{"MI_PRINX":3673513.0,"CARTE":264,"CODE":3314,"CODE_LEG":422,"NOTATION":"h1-2SPÌ","DESCR":"Schistes noirs à lydiennes et nodules phosphatés de Saint-Pons - Unité du Saint-Ponais (Tournaisien - Viséen inférieur)","C_FOND":50,"M_FOND":50,"J_FOND":50,"N_FOND":0,"NOM_SYMB":null,"C_SYMB":-1,"M_SYMB":-1,"J_SYMB":-1,"N_SYMB":-1,"ROT_SYMB":0,"score_potentiel":50,"niveau_potentiel":"Élevé 🟢","pente_degres":17.5,"type_affleurement":"Affleurement Moyen (Escarpement) 🟠","score_relieffiltered":57.5},"geometry":{"type":"Polygon","coordinates":[[[2.7867,43.5067],[2.7868,43.5065],[2.787,43.5061],[2.7871,43.506],[2.7863,43.5052],[2.7855,43.5043],[2.7848,43.5034],[2.7842,43.5034],[2.7839,43.5035],[2.7833,43.5038],[2.7842,43.5048],[2.7853,43.5058],[2.7867,43.5067]]]}},{"type":"Feature","properties":{"MI_PRINX":3673614.0,"CARTE":264,"CODE":3314,"CODE_LEG":422,"NOTATION":"h1-2SPÌ","DESCR":"Schistes noirs à lydiennes et nodules phosphatés de Saint-Pons - Unité du Saint-Ponais (Tournaisien - Viséen inférieur)","C_FOND":50,"M_FOND":50,"J_FOND":50,"N_FOND":0,"NOM_SYMB":null,"C_SYMB":-1,"M_SYMB":-1,"J_SYMB":-1,"N_SYMB":-1,"ROT_SYMB":0,"score_potentiel":50,"niveau_potentiel":"Élevé 🟢","pente_degres":18.6,"type_affleurement":"Affleurement Moyen (Escarpement) 🟠","score_relieffiltered":58.6},"geometry":{"type":"Polygon","coordinates":[[[2.7825,43.5032],[2.7827,43.5031],[2.7832,43.5029],[2.7835,43.5028],[2.7841,43.5028],[2.7842,43.5029],[2.7842,43.5027],[2.7836,43.502],[2.7827,43.5012],[2.782,43.5006],[2.7819,43.5004],[2.7819,43.5002],[2.7813,43.4998],[2.7806,43.4994],[2.7798,43.4989],[2.7794,43.4985],[2.7794,43.4983],[2.779,43.498],[2.7788,43.4978],[2.7785,43.4977],[2.7778,43.4977],[2.7775,43.4979],[2.7771,43.4982],[2.7766,43.4987],[2.7792,43.5005],[2.7813,43.5021],[2.7825,43.5032]]]}},{"type":"Feature","properties":{"MI_PRINX":3660819.0,"CARTE":264,"CODE":50,"CODE_LEG":50,"NOTATION":"Fy","DESCR":"Blocs, galets et graviers de calcaires siliceux, de grès, de quartz, de lydiennes, de porphyrites et de débris basaltiques (Terrasses glaciaires Würm)","C_FOND":10,"M_FOND":0,"J_FOND":10,"N_FOND":0,"NOM_SYMB":null,"C_SYMB":-1,"M_SYMB":-1,"J_SYMB":-1,"N_SYMB":-1,"ROT_SYMB":0,"score_potentiel":70,"niveau_potentiel":"Très élevé 🌟","pente_degres":19.4,"type_affleurement":"Affleurement Moyen (Escarpement) 🟠","score_relieffiltered":83.2},"geometry":{"type":"Polygon","coordinates":[[[3.722,43.7747],[3.7223,43.7747],[3.7224,43.7746],[3.7224,43.7744],[3.7223,43.774],[3.7222,43.7737],[3.7221,43.7735],[3.722,43.7734],[3.7216,43.7734],[3.7212,43.7734],[3.7209,43.7733],[3.7205,43.7731],[3.7203,43.773],[3.7202,43.7727],[3.7201,43.7724],[3.72,43.7722],[3.7198,43.772],[3.7196,43.7717],[3.7193,43.7715],[3.7191,43.7713],[3.7188,43.7711],[3.7185,43.771],[3.7182,43.771],[3.7179,43.771],[3.7178,43.7712],[3.7179,43.7714],[3.7179,43.7716],[3.7178,43.7718],[3.7178,43.7721],[3.7178,43.7722],[3.7181,43.7724],[3.7185,43.7726],[3.7189,43.7729],[3.7194,43.7731],[3.7198,43.7733],[3.7201,43.7734],[3.7203,43.7735],[3.7204,43.7736],[3.7208,43.7739],[3.7211,43.7741],[3.7215,43.7744],[3.7217,43.7745],[3.7218,43.7746],[3.722,43.7747]]]}},{"type":"Feature","properties":{"MI_PRINX":3673717.0,"CARTE":264,"CODE":3314,"CODE_LEG":422,"NOTATION":"h1-2SPÌ","DESCR":"Schistes noirs à lydiennes et nodules phosphatés de Saint-Pons - Unité du Saint-Ponais (Tournaisien - Viséen inférieur)","C_FOND":50,"M_FOND":50,"J_FOND":50,"N_FOND":0,"NOM_SYMB":null,"C_SYMB":-1,"M_SYMB":-1,"J_SYMB":-1,"N_SYMB":-1,"ROT_SYMB":0,"score_potentiel":50,"niveau_potentiel":"Élevé 🟢","pente_degres":19.5,"type_affleurement":"Affleurement Moyen (Escarpement) 🟠","score_relieffiltered":59.5},"geometry":{"type":"Polygon","coordinates":[[[2.7723,43.4977],[2.7727,43.4978],[2.7729,43.498],[2.7729,43.498],[2.7733,43.4983],[2.774,43.4984],[2.7743,43.4982],[2.7746,43.4979],[2.7749,43.4977],[2.7754,43.4977],[2.7763,43.4977],[2.7767,43.4974],[2.7769,43.4971],[2.777,43.4967],[2.777,43.4964],[2.7745,43.4954],[2.774,43.4951],[2.7722,43.4947],[2.7715,43.4945],[2.7694,43.4936],[2.7684,43.4933],[2.7688,43.4937],[2.7693,43.4941],[2.7699,43.4946],[2.7703,43.4952],[2.7701,43.4952],[2.7691,43.4947],[2.7683,43.4946],[2.7693,43.4957],[2.7707,43.4968],[2.7723,43.4977]]]}},{"type":"Feature","properties":{"MI_PRINX":3661024.0,"CARTE":264,"CODE":50,"CODE_LEG":50,"NOTATION":"Fy","DESCR":"Blocs, galets et graviers de calcaires siliceux, de grès, de quartz, de lydiennes, de porphyrites et de débris basaltiques (Terrasses glaciaires Würm)","C_FOND":10,"M_FOND":0,"J_FOND":10,"N_FOND":0,"NOM_SYMB":null,"C_SYMB":-1,"M_SYMB":-1,"J_SYMB":-1,"N_SYMB":-1,"ROT_SYMB":0,"score_potentiel":70,"niveau_potentiel":"Très élevé 🌟","pente_degres":15.1,"type_affleurement":"Affleurement Moyen (Escarpement) 🟠","score_relieffiltered":77.1},"geometry":{"type":"Polygon","coordinates":[[[3.3318,43.7688],[3.3319,43.7687],[3.3327,43.7684],[3.3334,43.7681],[3.3334,43.7678],[3.3333,43.7677],[3.3329,43.7673],[3.3318,43.7671],[3.3318,43.7671],[3.3318,43.7688]]]}},{"type":"Feature","properties":{"MI_PRINX":3673877.0,"CARTE":264,"CODE":50,"CODE_LEG":50,"NOTATION":"Fy","DESCR":"Blocs, galets et graviers de calcaires siliceux, de grès, de quartz, de lydiennes, de porphyrites et de débris basaltiques (Terrasses glaciaires Würm)","C_FOND":10,"M_FOND":0,"J_FOND":10,"N_FOND":0,"NOM_SYMB":null,"C_SYMB":-1,"M_SYMB":-1,"J_SYMB":-1,"N_SYMB":-1,"ROT_SYMB":0,"score_potentiel":70,"niveau_potentiel":"Très élevé 🌟","pente_degres":13.9,"type_affleurement":"Faible Pente (Plaine / Couvert) 🟢","score_relieffiltered":75.5},"geometry":{"type":"Polygon","coordinates":[[[3.2796,43.4849],[3.2793,43.4846],[3.2791,43.4845],[3.2788,43.4844],[3.2786,43.4844],[3.2784,43.4844],[3.2781,43.4846],[3.2777,43.4848],[3.2774,43.4851],[3.2771,43.4852],[3.277,43.4854],[3.2768,43.4856],[3.2766,43.486],[3.2765,43.4863],[3.2764,43.4865],[3.2764,43.4868],[3.2764,43.4873],[3.2764,43.4876],[3.2765,43.4878],[3.2765,43.4879],[3.2767,43.4881],[3.2769,43.4882],[3.2771,43.4882],[3.2773,43.4881],[3.2776,43.4879],[3.2776,43.4878],[3.278,43.4876],[3.2781,43.4875],[3.2783,43.4874],[3.2787,43.4874],[3.279,43.4874],[3.2793,43.4873],[3.2796,43.4873],[3.2799,43.4871],[3.2801,43.487],[3.2802,43.4868],[3.2802,43.4864],[3.2801,43.4861],[3.28,43.4857],[3.2799,43.4854],[3.2797,43.4851],[3.2796,43.4849]]]}},{"type":"Feature","properties":{"MI_PRINX":3660881.0,"CARTE":264,"CODE":50,"CODE_LEG":50,"NOTATION":"Fy","DESCR":"Blocs, galets et graviers de calcaires siliceux, de grès, de quartz, de lydiennes, de porphyrites et de débris basaltiques (Terrasses glaciaires Würm)","C_FOND":10,"M_FOND":0,"J_FOND":10,"N_FOND":0,"NOM_SYMB":null,"C_SYMB":-1,"M_SYMB":-1,"J_SYMB":-1,"N_SYMB":-1,"ROT_SYMB":0,"score_potentiel":70,"niveau_potentiel":"Très élevé 🌟","pente_degres":17.2,"type_affleurement":"Affleurement Moyen (Escarpement) 🟠","score_relieffiltered":80.1},"geometry":{"type":"Polygon","coordinates":[[[3.872,43.7622],[3.8719,43.7626],[3.8719,43.7628],[3.8718,43.7629],[3.8716,43.763],[3.8715,43.7631],[3.8713,43.7631],[3.871,43.763],[3.8707,43.763],[3.8705,43.7629],[3.8703,43.7627],[3.8701,43.7625],[3.8699,43.7623],[3.8698,43.7621],[3.8698,43.7618],[3.8697,43.7615],[3.8696,43.7612],[3.8693,43.761],[3.8693,43.7609],[3.8689,43.7608],[3.8683,43.7606],[3.8677,43.7604],[3.8673,43.7602],[3.8669,43.76],[3.8667,43.7598],[3.8663,43.7594],[3.866,43.7591],[3.8656,43.7588],[3.8653,43.7587],[3.865,43.7586],[3.8646,43.7585],[3.8641,43.7583],[3.8638,43.7582],[3.8633,43.758],[3.8629,43.758],[3.8625,43.7579],[3.8622,43.7578],[3.8618,43.7576],[3.8616,43.7575],[3.8614,43.7573],[3.8611,43.7573],[3.8609,43.7574],[3.8607,43.7575],[3.8605,43.7577],[3.8604,43.7578],[3.8602,43.758],[3.8602,43.7581],[3.8602,43.7583],[3.8602,43.7585],[3.8604,43.7587],[3.8607,43.759],[3.861,43.7593],[3.8611,43.7596],[3.8612,43.76],[3.8612,43.7604],[3.8611,43.7609],[3.8609,43.7612],[3.8606,43.7614],[3.8605,43.7615],[3.8601,43.7614],[3.8596,43.7613],[3.8591,43.7613],[3.8588,43.7612],[3.8585,43.761],[3.8582,43.7608],[3.8581,43.7607],[3.858,43.7606],[3.858,43.761],[3.858,43.7613],[3.8581,43.7616],[3.8581,43.7617],[3.8582,43.762],[3.8584,43.7622],[3.8587,43.7626],[3.859,43.7629],[3.8592,43.7632],[3.8594,43.7634],[3.8595,43.7636],[3.8596,43.7638],[3.8597,43.764],[3.8597,43.7641],[3.8597,43.7643],[3.8597,43.7645],[3.8596,43.7648],[3.8595,43.7651],[3.8595,43.7654],[3.8595,43.7656],[3.8595,43.7658],[3.8596,43.766],[3.8597,43.7662],[3.8598,43.7664],[3.8599,43.7666],[3.8602,43.7668],[3.8605,43.767],[3.8608,43.7671],[3.8612,43.7673],[3.8614,43.7674],[3.8616,43.7675],[3.8618,43.7676],[3.8619,43.7677],[3.8619,43.7678],[3.862,43.768],[3.8621,43.7682],[3.8622,43.7684],[3.8623,43.7686],[3.8625,43.7688],[3.8628,43.769],[3.8631,43.7692],[3.8636,43.7693],[3.8641,43.7695],[3.8647,43.7697],[3.8652,43.7698],[3.8657,43.7699],[3.8661,43.77],[3.8666,43.7701],[3.867,43.7702],[3.8675,43.7702],[3.8679,43.7703],[3.8684,43.7703],[3.8684,43.7703],[3.8685,43.77],[3.8686,43.7697],[3.8686,43.7695],[3.8686,43.7692],[3.8685,43.769],[3.8685,43.7688],[3.8685,43.7685],[3.8685,43.7682],[3.8686,43.768],[3.8688,43.7678],[3.8691,43.7677],[3.8694,43.7676],[3.8697,43.7676],[3.8699,43.7677],[3.8703,43.7678],[3.8705,43.7679],[3.8708,43.7681],[3.8712,43.7682],[3.8716,43.7681],[3.8719,43.768],[3.8721,43.7679],[3.8724,43.7677],[3.8727,43.7675],[3.8729,43.7672],[3.8732,43.7669],[3.8735,43.7665],[3.8737,43.7661],[3.8739,43.7658],[3.874,43.7656],[3.874,43.7652],[3.8741,43.7648],[3.8741,43.7643],[3.8741,43.764],[3.874,43.7638],[3.8738,43.7635],[3.8736,43.7632],[3.8734,43.7631],[3.873,43.7629],[3.8723,43.7625],[3.872,43.7622]]]}},{"type":"Feature","properties":{"MI_PRINX":3661018.0,"CARTE":264,"CODE":50,"CODE_LEG":50,"NOTATION":"Fy","DESCR":"Blocs, galets et graviers de calcaires siliceux, de grès, de quartz, de lydiennes, de porphyrites et de débris basaltiques (Terrasses glaciaires Würm)","C_FOND":10,"M_FOND":0,"J_FOND":10,"N_FOND":0,"NOM_SYMB":null,"C_SYMB":-1,"M_SYMB":-1,"J_SYMB":-1,"N_SYMB":-1,"ROT_SYMB":0,"score_potentiel":70,"niveau_potentiel":"Très élevé 🌟","pente_degres":21.0,"type_affleurement":"Affleurement Moyen (Escarpement) 🟠","score_relieffiltered":85.4},"geometry":{"type":"Polygon","coordinates":[[[3.3708,43.767],[3.371,43.7672],[3.3717,43.7675],[3.3722,43.7675],[3.3732,43.7682],[3.3742,43.7686],[3.3744,43.7686],[3.3746,43.7686],[3.3747,43.7686],[3.3749,43.7686],[3.3751,43.7685],[3.3756,43.7683],[3.3756,43.7683],[3.376,43.7681],[3.3762,43.7681],[3.3766,43.7681],[3.377,43.768],[3.3775,43.7678],[3.3777,43.7672],[3.3779,43.7671],[3.3787,43.7666],[3.3792,43.7661],[3.3792,43.7657],[3.3793,43.7656],[3.3792,43.7656],[3.3792,43.7652],[3.3791,43.7651],[3.379,43.7651],[3.3781,43.7657],[3.3779,43.7659],[3.3774,43.7663],[3.377,43.7669],[3.3762,43.7672],[3.3759,43.7672],[3.3758,43.7672],[3.3754,43.7674],[3.3747,43.7674],[3.3736,43.7674],[3.3724,43.7671],[3.3723,43.7671],[3.3719,43.7671],[3.3715,43.767],[3.371,43.767],[3.3708,43.767]]]}},{"type":"Feature","properties":{"MI_PRINX":3673782.0,"CARTE":264,"CODE":50,"CODE_LEG":50,"NOTATION":"Fy","DESCR":"Blocs, galets et graviers de calcaires siliceux, de grès, de quartz, de lydiennes, de porphyrites et de débris basaltiques (Terrasses glaciaires Würm)","C_FOND":10,"M_FOND":0,"J_FOND":10,"N_FOND":0,"NOM_SYMB":null,"C_SYMB":-1,"M_SYMB":-1,"J_SYMB":-1,"N_SYMB":-1,"ROT_SYMB":0,"score_potentiel":70,"niveau_potentiel":"Très élevé 🌟","pente_degres":17.1,"type_affleurement":"Affleurement Moyen (Escarpement) 🟠","score_relieffiltered":79.9},"geometry":{"type":"Polygon","coordinates":[[[3.7116,43.4877],[3.7112,43.4872],[3.7112,43.4869],[3.7114,43.4868],[3.7116,43.4866],[3.7115,43.4864],[3.7108,43.486],[3.7106,43.4858],[3.7108,43.4857],[3.7113,43.4857],[3.7116,43.4857],[3.7115,43.4856],[3.7105,43.485],[3.7101,43.485],[3.7097,43.4849],[3.7093,43.4847],[3.709,43.4846],[3.7089,43.4846],[3.7088,43.4846],[3.7085,43.4846],[3.7083,43.4848],[3.7082,43.4851],[3.7082,43.4855],[3.7082,43.4858],[3.7083,43.4861],[3.7084,43.4864],[3.7086,43.4867],[3.7087,43.4869],[3.7088,43.487],[3.7091,43.4872],[3.7096,43.4873],[3.71,43.4875],[3.7105,43.4877],[3.7109,43.4876],[3.7113,43.4876],[3.7116,43.4877]]]}},{"type":"Feature","properties":{"MI_PRINX":3673981.0,"CARTE":264,"CODE":50,"CODE_LEG":50,"NOTATION":"Fy","DESCR":"Blocs, galets et graviers de calcaires siliceux, de grès, de quartz, de lydiennes, de porphyrites et de débris basaltiques (Terrasses glaciaires Würm)","C_FOND":10,"M_FOND":0,"J_FOND":10,"N_FOND":0,"NOM_SYMB":null,"C_SYMB":-1,"M_SYMB":-1,"J_SYMB":-1,"N_SYMB":-1,"ROT_SYMB":0,"score_potentiel":70,"niveau_potentiel":"Très élevé 🌟","pente_degres":32.6,"type_affleurement":"Affleurement Fort (Falaise / Ravine) 🔴","score_relieffiltered":100.0},"geometry":{"type":"Polygon","coordinates":[[[3.4872,43.4818],[3.4873,43.4819],[3.4876,43.482],[3.4878,43.4822],[3.4878,43.4822],[3.4879,43.4822],[3.4879,43.4822],[3.488,43.4821],[3.4879,43.4818],[3.4878,43.4815],[3.4878,43.4813],[3.4879,43.4811],[3.488,43.4808],[3.488,43.4807],[3.4881,43.4805],[3.4882,43.4803],[3.4881,43.4801],[3.4881,43.4799],[3.4879,43.4798],[3.4878,43.4796],[3.4876,43.4796],[3.4875,43.4795],[3.4874,43.4794],[3.4873,43.4792],[3.4873,43.479],[3.4872,43.4788],[3.487,43.4786],[3.4868,43.4785],[3.4867,43.4784],[3.4865,43.4784],[3.4862,43.4784],[3.4858,43.4784],[3.4855,43.4784],[3.4853,43.4783],[3.4851,43.4781],[3.4849,43.478],[3.4849,43.4779],[3.4849,43.4776],[3.4849,43.4771],[3.4848,43.477],[3.4845,43.4772],[3.4844,43.4773],[3.4842,43.4774],[3.4839,43.4775],[3.4835,43.4775],[3.4831,43.4776],[3.4828,43.4775],[3.4825,43.4773],[3.4824,43.4772],[3.4823,43.4772],[3.4821,43.4773],[3.4819,43.4775],[3.4817,43.4777],[3.4815,43.4779],[3.4811,43.4781],[3.4806,43.4782],[3.4803,43.4783],[3.4799,43.4785],[3.4793,43.4788],[3.4789,43.479],[3.4786,43.479],[3.4777,43.4789],[3.4768,43.4789],[3.4764,43.4789],[3.4762,43.479],[3.4758,43.4791],[3.4755,43.4793],[3.4751,43.4795],[3.4747,43.4798],[3.4743,43.4799],[3.4738,43.48],[3.4734,43.4799],[3.4731,43.4799],[3.4728,43.4798],[3.4724,43.4796],[3.472,43.4793],[3.4715,43.479],[3.4711,43.4788],[3.4707,43.4786],[3.4705,43.4784],[3.4703,43.4782],[3.4702,43.4779],[3.4701,43.4778],[3.4702,43.4776],[3.4702,43.4774],[3.4702,43.4774],[3.4701,43.4773],[3.4701,43.4773],[3.4699,43.4773],[3.4697,43.4775],[3.4695,43.4777],[3.4692,43.4779],[3.4689,43.478],[3.4686,43.4782],[3.4682,43.4784],[3.4678,43.4785],[3.4674,43.4786],[3.4668,43.4787],[3.4663,43.4788],[3.4665,43.4788],[3.4668,43.479],[3.467,43.4791],[3.4673,43.4793],[3.4675,43.4795],[3.4677,43.4797],[3.4678,43.48],[3.4679,43.4805],[3.468,43.4807],[3.4681,43.4806],[3.4682,43.4805],[3.4682,43.4805],[3.4684,43.4804],[3.4687,43.4803],[3.4692,43.4803],[3.4699,43.4803],[3.4706,43.4804],[3.4715,43.4804],[3.4725,43.4805],[3.4733,43.4805],[3.474,43.4805],[3.4746,43.4805],[3.4751,43.4805],[3.4754,43.4804],[3.4756,43.4803],[3.4758,43.4801],[3.4761,43.48],[3.4763,43.4798],[3.4765,43.4798],[3.4769,43.4797],[3.4775,43.4798],[3.4782,43.4798],[3.4786,43.4798],[3.4789,43.4798],[3.4794,43.4797],[3.48,43.4795],[3.4806,43.4793],[3.481,43.4791],[3.4812,43.4789],[3.4815,43.4787],[3.4818,43.4785],[3.4821,43.4784],[3.4825,43.4783],[3.4828,43.4782],[3.4831,43.4782],[3.4835,43.4782],[3.4841,43.4784],[3.4847,43.4786],[3.4851,43.4787],[3.4854,43.4788],[3.4857,43.479],[3.4858,43.4792],[3.4859,43.4793],[3.486,43.4795],[3.486,43.4798],[3.486,43.4801],[3.486,43.4804],[3.486,43.4806],[3.4861,43.4807],[3.4862,43.4809],[3.4865,43.4812],[3.4867,43.4815],[3.487,43.4817],[3.4872,43.4818]]]}},{"type":"Feature","properties":{"MI_PRINX":3673996.0,"CARTE":264,"CODE":3314,"CODE_LEG":422,"NOTATION":"h1-2SPÌ","DESCR":"Schistes noirs à lydiennes et nodules phosphatés de Saint-Pons - Unité du Saint-Ponais (Tournaisien - Viséen inférieur)","C_FOND":50,"M_FOND":50,"J_FOND":50,"N_FOND":0,"NOM_SYMB":null,"C_SYMB":-1,"M_SYMB":-1,"J_SYMB":-1,"N_SYMB":-1,"ROT_SYMB":0,"score_potentiel":50,"niveau_potentiel":"Élevé 🟢","pente_degres":32.8,"type_affleurement":"Affleurement Fort (Falaise / Ravine) 🔴","score_relieffiltered":72.8},"geometry":{"type":"Polygon","coordinates":[[[2.7612,43.4871],[2.7612,43.4871],[2.762,43.4867],[2.7613,43.4861],[2.7611,43.486],[2.7606,43.4857],[2.76,43.4852],[2.7588,43.4847],[2.757,43.4836],[2.7551,43.4825],[2.7533,43.4815],[2.7509,43.4804],[2.7502,43.4802],[2.7492,43.4797],[2.7473,43.479],[2.7449,43.4779],[2.7446,43.4778],[2.7437,43.4779],[2.743,43.4779],[2.7446,43.4787],[2.746,43.4793],[2.7478,43.4799],[2.7498,43.4806],[2.7509,43.481],[2.7518,43.4814],[2.7526,43.4818],[2.7536,43.4823],[2.7551,43.4832],[2.7559,43.4839],[2.7566,43.4844],[2.7576,43.485],[2.7585,43.4854],[2.7592,43.4856],[2.7598,43.4858],[2.7604,43.4864],[2.7612,43.4871]]]}},{"type":"Feature","properties":{"MI_PRINX":3660976.0,"CARTE":264,"CODE":50,"CODE_LEG":50,"NOTATION":"Fy","DESCR":"Blocs, galets et graviers de calcaires siliceux, de grès, de quartz, de lydiennes, de porphyrites et de débris basaltiques (Terrasses glaciaires Würm)","C_FOND":10,"M_FOND":0,"J_FOND":10,"N_FOND":0,"NOM_SYMB":null,"C_SYMB":-1,"M_SYMB":-1,"J_SYMB":-1,"N_SYMB":-1,"ROT_SYMB":0,"score_potentiel":70,"niveau_potentiel":"Très élevé 🌟","pente_degres":19.2,"type_affleurement":"Affleurement Moyen (Escarpement) 🟠","score_relieffiltered":82.9},"geometry":{"type":"Polygon","coordinates":[[[3.3496,43.7715],[3.3496,43.7712],[3.3496,43.771],[3.3497,43.7708],[3.3492,43.7701],[3.3488,43.7693],[3.3486,43.7687],[3.3486,43.7687],[3.3485,43.7682],[3.3482,43.7679],[3.3473,43.7676],[3.347,43.7676],[3.346,43.7674],[3.3459,43.7674],[3.3454,43.7673],[3.3448,43.7673],[3.3446,43.7674],[3.3451,43.7677],[3.3464,43.7688],[3.3476,43.7696],[3.3482,43.7702],[3.3496,43.7715]]]}},{"type":"Feature","properties":{"MI_PRINX":3661109.0,"CARTE":264,"CODE":50,"CODE_LEG":50,"NOTATION":"Fy","DESCR":"Blocs, galets et graviers de calcaires siliceux, de grès, de quartz, de lydiennes, de porphyrites et de débris basaltiques (Terrasses glaciaires Würm)","C_FOND":10,"M_FOND":0,"J_FOND":10,"N_FOND":0,"NOM_SYMB":null,"C_SYMB":-1,"M_SYMB":-1,"J_SYMB":-1,"N_SYMB":-1,"ROT_SYMB":0,"score_potentiel":70,"niveau_potentiel":"Très élevé 🌟","pente_degres":19.4,"type_affleurement":"Affleurement Moyen (Escarpement) 🟠","score_relieffiltered":83.2},"geometry":{"type":"Polygon","coordinates":[[[3.3641,43.7634],[3.3635,43.7628],[3.3625,43.7619],[3.3624,43.7619],[3.361,43.7616],[3.3601,43.7612],[3.3599,43.7612],[3.3597,43.7612],[3.3594,43.7613],[3.359,43.7616],[3.3603,43.7623],[3.3618,43.7628],[3.3632,43.7632],[3.3638,43.7634],[3.3641,43.7634]]]}},{"type":"Feature","properties":{"MI_PRINX":3661115.0,"CARTE":264,"CODE":50,"CODE_LEG":50,"NOTATION":"Fy","DESCR":"Blocs, galets et graviers de calcaires siliceux, de grès, de quartz, de lydiennes, de porphyrites et de débris basaltiques (Terrasses glaciaires Würm)","C_FOND":10,"M_FOND":0,"J_FOND":10,"N_FOND":0,"NOM_SYMB":null,"C_SYMB":-1,"M_SYMB":-1,"J_SYMB":-1,"N_SYMB":-1,"ROT_SYMB":0,"score_potentiel":70,"niveau_potentiel":"Très élevé 🌟","pente_degres":32.0,"type_affleurement":"Affleurement Fort (Falaise / Ravine) 🔴","score_relieffiltered":100.0},"geometry":{"type":"Polygon","coordinates":[[[3.8555,43.7547],[3.856,43.7549],[3.8563,43.7551],[3.8565,43.7553],[3.8565,43.7554],[3.8567,43.7557],[3.8566,43.756],[3.8564,43.7562],[3.8564,43.7564],[3.8565,43.7565],[3.857,43.7567],[3.8576,43.757],[3.8582,43.7573],[3.8584,43.7572],[3.8586,43.7571],[3.8588,43.757],[3.8589,43.7569],[3.8589,43.7567],[3.8589,43.7565],[3.8589,43.7562],[3.8588,43.7559],[3.8587,43.7556],[3.8584,43.7552],[3.8582,43.7548],[3.858,43.7546],[3.8579,43.7544],[3.8576,43.7541],[3.8572,43.7537],[3.8569,43.7535],[3.8568,43.7534],[3.8568,43.7534],[3.8568,43.7533],[3.8568,43.7531],[3.8569,43.753],[3.857,43.753],[3.8572,43.7529],[3.8575,43.7529],[3.8578,43.7528],[3.858,43.7526],[3.8582,43.7525],[3.8583,43.7523],[3.8584,43.7521],[3.8585,43.7518],[3.8585,43.7516],[3.8585,43.7513],[3.8584,43.751],[3.8584,43.7508],[3.8583,43.7505],[3.8583,43.7502],[3.8584,43.75],[3.8585,43.7498],[3.8586,43.7498],[3.8587,43.7497],[3.8589,43.7497],[3.859,43.7497],[3.8592,43.7497],[3.8595,43.7499],[3.8597,43.7501],[3.86,43.7504],[3.8602,43.7506],[3.8604,43.7509],[3.8606,43.7511],[3.8606,43.751],[3.8606,43.7507],[3.8606,43.7503],[3.8606,43.75],[3.8605,43.7498],[3.8604,43.7496],[3.8601,43.7493],[3.8598,43.7489],[3.8596,43.7486],[3.8595,43.7484],[3.8595,43.7483],[3.8595,43.748],[3.8595,43.7478],[3.8596,43.7477],[3.8597,43.7475],[3.86,43.7473],[3.8605,43.7469],[3.8608,43.7467],[3.8611,43.7465],[3.8612,43.7464],[3.8613,43.7463],[3.8613,43.7461],[3.8613,43.7459],[3.8612,43.7457],[3.861,43.7455],[3.8609,43.7454],[3.8606,43.7453],[3.8601,43.745],[3.8596,43.7448],[3.8595,43.7447],[3.8591,43.7445],[3.8588,43.7444],[3.8586,43.7442],[3.8585,43.7441],[3.8584,43.744],[3.8583,43.7438],[3.8583,43.7435],[3.8584,43.7433],[3.8585,43.7431],[3.8587,43.743],[3.8591,43.7428],[3.8594,43.7427],[3.8597,43.7425],[3.8599,43.7424],[3.8603,43.7422],[3.8608,43.7419],[3.861,43.7417],[3.8611,43.7416],[3.8614,43.7413],[3.8616,43.741],[3.8618,43.7407],[3.8619,43.7404],[3.8622,43.7394],[3.8621,43.7385],[3.8616,43.7387],[3.8616,43.739],[3.8615,43.7394],[3.8609,43.74],[3.8592,43.7411],[3.8589,43.7416],[3.8586,43.742],[3.8585,43.7422],[3.8584,43.7424],[3.8583,43.7428],[3.8582,43.7432],[3.8582,43.7437],[3.8582,43.7441],[3.8582,43.7445],[3.8583,43.7447],[3.8584,43.7449],[3.8586,43.7451],[3.8589,43.7454],[3.8593,43.7457],[3.8596,43.7459],[3.8599,43.7461],[3.8599,43.7462],[3.8599,43.7463],[3.8599,43.7464],[3.8597,43.7464],[3.8592,43.7465],[3.8587,43.7465],[3.8584,43.7466],[3.8582,43.7467],[3.8581,43.7468],[3.8579,43.747],[3.8578,43.7472],[3.8576,43.7476],[3.8574,43.748],[3.8571,43.7483],[3.8568,43.7485],[3.8565,43.7487],[3.8562,43.7489],[3.8558,43.7491],[3.8556,43.7493],[3.8553,43.7497],[3.855,43.7502],[3.8546,43.7508],[3.8543,43.7513],[3.8542,43.7517],[3.8541,43.7519],[3.8541,43.7522],[3.8541,43.7525],[3.8542,43.7529],[3.8543,43.7532],[3.8544,43.7535],[3.8546,43.7538],[3.8548,43.7541],[3.855,43.7543],[3.8553,43.7545],[3.8555,43.7547]]]}},{"type":"Feature","properties":{"MI_PRINX":3661118.0,"CARTE":264,"CODE":50,"CODE_LEG":50,"NOTATION":"Fy","DESCR":"Blocs, galets et graviers de calcaires siliceux, de grès, de quartz, de lydiennes, de porphyrites et de débris basaltiques (Terrasses glaciaires Würm)","C_FOND":10,"M_FOND":0,"J_FOND":10,"N_FOND":0,"NOM_SYMB":null,"C_SYMB":-1,"M_SYMB":-1,"J_SYMB":-1,"N_SYMB":-1,"ROT_SYMB":0,"score_potentiel":70,"niveau_potentiel":"Très élevé 🌟","pente_degres":17.9,"type_affleurement":"Affleurement Moyen (Escarpement) 🟠","score_relieffiltered":81.1},"geometry":{"type":"Polygon","coordinates":[[[3.3581,43.7615],[3.3577,43.7614],[3.3571,43.7615],[3.3565,43.7622],[3.3559,43.7624],[3.3559,43.7624],[3.3557,43.7624],[3.3552,43.7629],[3.3552,43.763],[3.3554,43.763],[3.3559,43.7631],[3.3569,43.763],[3.3573,43.7628],[3.3578,43.7618],[3.3581,43.7615]]]}},{"type":"Feature","properties":{"MI_PRINX":3661322.0,"CARTE":264,"CODE":50,"CODE_LEG":50,"NOTATION":"Fy","DESCR":"Blocs, galets et graviers de calcaires siliceux, de grès, de quartz, de lydiennes, de porphyrites et de débris basaltiques (Terrasses glaciaires Würm)","C_FOND":10,"M_FOND":0,"J_FOND":10,"N_FOND":0,"NOM_SYMB":null,"C_SYMB":-1,"M_SYMB":-1,"J_SYMB":-1,"N_SYMB":-1,"ROT_SYMB":0,"score_potentiel":70,"niveau_potentiel":"Très élevé 🌟","pente_degres":33.3,"type_affleurement":"Affleurement Fort (Falaise / Ravine) 🔴","score_relieffiltered":100.0},"geometry":{"type":"Polygon","coordinates":[[[3.5928,43.7503],[3.5932,43.7504],[3.5937,43.7503],[3.5945,43.7502],[3.5949,43.7501],[3.5953,43.75],[3.596,43.7498],[3.5961,43.7498],[3.5966,43.7499],[3.5968,43.7499],[3.5971,43.7499],[3.597,43.7498],[3.5969,43.7498],[3.5968,43.7497],[3.5968,43.7496],[3.5968,43.7496],[3.5969,43.7496],[3.597,43.7496],[3.5972,43.7495],[3.5966,43.7495],[3.5964,43.7494],[3.5961,43.7492],[3.5958,43.7492],[3.5957,43.7492],[3.5953,43.7492],[3.5952,43.7492],[3.595,43.7492],[3.5947,43.7494],[3.5941,43.7495],[3.5934,43.7495],[3.5931,43.7495],[3.5925,43.7494],[3.592,43.7492],[3.5909,43.7473],[3.5902,43.7463],[3.5899,43.746],[3.5898,43.7459],[3.589,43.7455],[3.5888,43.7455],[3.5882,43.7455],[3.5874,43.7455],[3.5865,43.7459],[3.5865,43.7459],[3.5862,43.7459],[3.5857,43.7458],[3.5854,43.7459],[3.5849,43.7461],[3.5847,43.7462],[3.5841,43.7465],[3.584,43.7467],[3.5836,43.7468],[3.5831,43.747],[3.5829,43.747],[3.5822,43.7472],[3.5813,43.7479],[3.5802,43.7483],[3.58,43.7485],[3.5791,43.7487],[3.5777,43.7482],[3.5775,43.748],[3.5773,43.7479],[3.5766,43.7475],[3.5752,43.747],[3.5742,43.7465],[3.573,43.7459],[3.5727,43.7458],[3.5724,43.7457],[3.5723,43.7454],[3.5716,43.7448],[3.5712,43.7445],[3.571,43.7445],[3.5704,43.7442],[3.5701,43.7441],[3.5693,43.7439],[3.5689,43.7438],[3.5683,43.7436],[3.567,43.7427],[3.5663,43.7425],[3.5657,43.7425],[3.5654,43.7424],[3.5648,43.7424],[3.5641,43.7427],[3.5641,43.7427],[3.5636,43.7432],[3.5636,43.7432],[3.5632,43.7434],[3.5628,43.7435],[3.5625,43.7435],[3.5624,43.7435],[3.5626,43.7436],[3.563,43.7437],[3.5634,43.7438],[3.5641,43.7434],[3.5645,43.7435],[3.5648,43.7434],[3.5648,43.7434],[3.5654,43.7434],[3.5656,43.7434],[3.5662,43.7435],[3.5675,43.7438],[3.5678,43.7438],[3.568,43.744],[3.5684,43.7446],[3.5692,43.7452],[3.5696,43.7454],[3.5696,43.7456],[3.5695,43.7457],[3.5697,43.7458],[3.5698,43.7459],[3.57,43.7458],[3.5701,43.7456],[3.5709,43.7459],[3.5721,43.7465],[3.5728,43.7467],[3.5729,43.7467],[3.5731,43.7468],[3.5732,43.7468],[3.574,43.7469],[3.5749,43.7474],[3.575,43.7475],[3.575,43.7477],[3.5754,43.7482],[3.5762,43.7489],[3.5769,43.7493],[3.5773,43.7493],[3.5778,43.7494],[3.5781,43.7493],[3.5784,43.7493],[3.579,43.7491],[3.5795,43.7491],[3.5805,43.7486],[3.5807,43.7485],[3.5817,43.7479],[3.5822,43.7477],[3.5823,43.7477],[3.5825,43.7476],[3.5829,43.7476],[3.5835,43.7475],[3.5841,43.7472],[3.5845,43.7472],[3.586,43.7467],[3.5872,43.7462],[3.5875,43.7462],[3.5879,43.7462],[3.5884,43.7461],[3.5886,43.7462],[3.5892,43.7465],[3.5896,43.7473],[3.5896,43.7473],[3.5905,43.7487],[3.5911,43.7495],[3.5921,43.7501],[3.5927,43.7503],[3.5928,43.7503]]]}},{"type":"Feature","properties":{"MI_PRINX":3669939.0,"CARTE":264,"CODE":3316,"CODE_LEG":424,"NOTATION":"h1MF","DESCR":"Calcaires et lydiennes à nodules phosphatés du Pic de Vissou et de la Serre - Nappes des Monts de Faugères (Tournaisien)","C_FOND":20,"M_FOND":40,"J_FOND":70,"N_FOND":0,"NOM_SYMB":null,"C_SYMB":-1,"M_SYMB":-1,"J_SYMB":-1,"N_SYMB":-1,"ROT_SYMB":0,"score_potentiel":70,"niveau_potentiel":"Très élevé 🌟","pente_degres":32.6,"type_affleurement":"Affleurement Fort (Falaise / Ravine) 🔴","score_relieffiltered":100.0},"geometry":{"type":"Polygon","coordinates":[[[3.3365,43.5731],[3.3363,43.5729],[3.3356,43.5728],[3.3344,43.5729],[3.3333,43.5729],[3.3326,43.5726],[3.3317,43.5724],[3.3305,43.5723],[3.3295,43.5721],[3.3282,43.5717],[3.3281,43.5717],[3.3279,43.5717],[3.3276,43.5716],[3.3271,43.5716],[3.3259,43.5716],[3.3248,43.5718],[3.3246,43.5719],[3.3248,43.572],[3.3254,43.572],[3.3266,43.572],[3.3269,43.572],[3.327,43.572],[3.3282,43.5724],[3.3297,43.5728],[3.3305,43.5729],[3.331,43.5729],[3.3313,43.573],[3.3314,43.573],[3.3326,43.5733],[3.3336,43.5733],[3.3341,43.5732],[3.3349,43.5731],[3.3352,43.573],[3.3358,43.573],[3.3365,43.5731]]]}},{"type":"Feature","properties":{"MI_PRINX":3661048.0,"CARTE":264,"CODE":50,"CODE_LEG":50,"NOTATION":"Fy","DESCR":"Blocs, galets et graviers de calcaires siliceux, de grès, de quartz, de lydiennes, de porphyrites et de débris basaltiques (Terrasses glaciaires Würm)","C_FOND":10,"M_FOND":0,"J_FOND":10,"N_FOND":0,"NOM_SYMB":null,"C_SYMB":-1,"M_SYMB":-1,"J_SYMB":-1,"N_SYMB":-1,"ROT_SYMB":0,"score_potentiel":70,"niveau_potentiel":"Très élevé 🌟","pente_degres":20.1,"type_affleurement":"Affleurement Moyen (Escarpement) 🟠","score_relieffiltered":84.1},"geometry":{"type":"Polygon","coordinates":[[[3.3539,43.767],[3.3539,43.767],[3.3548,43.767],[3.3552,43.7668],[3.3554,43.7663],[3.3554,43.7662],[3.3557,43.7656],[3.3564,43.7651],[3.3571,43.7649],[3.3581,43.7646],[3.359,43.7642],[3.3595,43.7641],[3.3605,43.7641],[3.361,43.764],[3.3615,43.7638],[3.3608,43.7633],[3.3605,43.763],[3.3598,43.763],[3.3591,43.7627],[3.3587,43.7627],[3.3583,43.7628],[3.3576,43.7637],[3.3569,43.7639],[3.3566,43.7639],[3.3557,43.7636],[3.3555,43.7636],[3.3548,43.7641],[3.3542,43.7648],[3.3534,43.7657],[3.353,43.7659],[3.3526,43.766],[3.3524,43.766],[3.3522,43.766],[3.352,43.766],[3.352,43.7663],[3.3524,43.7666],[3.3532,43.7668],[3.3539,43.767]]]}},{"type":"Feature","properties":{"MI_PRINX":3670056.0,"CARTE":264,"CODE":3312,"CODE_LEG":420,"NOTATION":"h2EC©","DESCR":"Calcaires noduleux et lydiennes vertes du Pic de Vissou - Ecailles de Cabrières (Viséen)","C_FOND":60,"M_FOND":40,"J_FOND":70,"N_FOND":0,"NOM_SYMB":null,"C_SYMB":-1,"M_SYMB":-1,"J_SYMB":-1,"N_SYMB":-1,"ROT_SYMB":0,"score_potentiel":70,"niveau_potentiel":"Très élevé 🌟","pente_degres":19.6,"type_affleurement":"Affleurement Moyen (Escarpement) 🟠","score_relieffiltered":83.4},"geometry":{"type":"Polygon","coordinates":[[[3.3448,43.5712],[3.3449,43.571],[3.3451,43.5706],[3.3452,43.5704],[3.3452,43.5701],[3.3449,43.5698],[3.3448,43.5698],[3.3443,43.5702],[3.3439,43.5704],[3.3435,43.5702],[3.3431,43.5706],[3.3428,43.5704],[3.3424,43.5704],[3.342,43.5708],[3.3421,43.5709],[3.3424,43.5713],[3.3428,43.5709],[3.343,43.571],[3.3433,43.571],[3.3438,43.5709],[3.3442,43.5707],[3.3444,43.571],[3.3448,43.5712]]]}},{"type":"Feature","properties":{"MI_PRINX":3670358.0,"CARTE":264,"CODE":3316,"CODE_LEG":424,"NOTATION":"h1MF","DESCR":"Calcaires et lydiennes à nodules phosphatés du Pic de Vissou et de la Serre - Nappes des Monts de Faugères (Tournaisien)","C_FOND":20,"M_FOND":40,"J_FOND":70,"N_FOND":0,"NOM_SYMB":null,"C_SYMB":-1,"M_SYMB":-1,"J_SYMB":-1,"N_SYMB":-1,"ROT_SYMB":0,"score_potentiel":70,"niveau_potentiel":"Très élevé 🌟","pente_degres":32.8,"type_affleurement":"Affleurement Fort (Falaise / Ravine) 🔴","score_relieffiltered":100.0},"geometry":{"type":"Polygon","coordinates":[[[3.2294,43.5666],[3.2287,43.5663],[3.2284,43.5663],[3.2283,43.5663],[3.228,43.5664],[3.2273,43.5664],[3.2262,43.5663],[3.2255,43.5662],[3.2247,43.5664],[3.2233,43.5665],[3.2229,43.5666],[3.2226,43.5667],[3.2228,43.5669],[3.2231,43.5672],[3.2231,43.5673],[3.2215,43.5668],[3.2204,43.5666],[3.2196,43.5665],[3.2183,43.5663],[3.2167,43.5659],[3.2155,43.5657],[3.2146,43.5655],[3.2133,43.5651],[3.2132,43.566],[3.2143,43.5663],[3.2147,43.5664],[3.2156,43.5664],[3.2162,43.5666],[3.2167,43.5668],[3.2176,43.567],[3.2181,43.5671],[3.2208,43.567],[3.2233,43.5677],[3.2245,43.568],[3.2247,43.568],[3.224,43.5676],[3.2237,43.5673],[3.224,43.5671],[3.2251,43.5671],[3.2276,43.567],[3.2276,43.567],[3.228,43.567],[3.2287,43.5669],[3.2294,43.5666],[3.2294,43.5666]]]}},{"type":"Feature","properties":{"MI_PRINX":3670365.0,"CARTE":264,"CODE":50,"CODE_LEG":50,"NOTATION":"Fy","DESCR":"Blocs, galets et graviers de calcaires siliceux, de grès, de quartz, de lydiennes, de porphyrites et de débris basaltiques (Terrasses glaciaires Würm)","C_FOND":10,"M_FOND":0,"J_FOND":10,"N_FOND":0,"NOM_SYMB":null,"C_SYMB":-1,"M_SYMB":-1,"J_SYMB":-1,"N_SYMB":-1,"ROT_SYMB":0,"score_potentiel":70,"niveau_potentiel":"Très élevé 🌟","pente_degres":19.6,"type_affleurement":"Affleurement Moyen (Escarpement) 🟠","score_relieffiltered":83.4},"geometry":{"type":"Polygon","coordinates":[[[3.4711,43.5656],[3.4715,43.5653],[3.4724,43.5648],[3.4725,43.5647],[3.4728,43.5641],[3.473,43.563],[3.4732,43.5623],[3.4735,43.5617],[3.474,43.5614],[3.4747,43.5612],[3.4756,43.5611],[3.4764,43.5609],[3.4779,43.56],[3.478,43.5599],[3.4781,43.5597],[3.4782,43.5595],[3.4783,43.5593],[3.4783,43.559],[3.4783,43.5588],[3.4783,43.5585],[3.4783,43.5583],[3.4783,43.5581],[3.4784,43.558],[3.4784,43.5579],[3.4784,43.5577],[3.4785,43.5575],[3.4786,43.5573],[3.4788,43.5571],[3.4789,43.5569],[3.479,43.5567],[3.4792,43.5565],[3.4793,43.5562],[3.4794,43.5559],[3.4795,43.5557],[3.4796,43.5555],[3.4796,43.5553],[3.4797,43.5551],[3.4797,43.5549],[3.4797,43.5547],[3.4797,43.5544],[3.4797,43.5541],[3.4797,43.5538],[3.4796,43.5535],[3.4795,43.5532],[3.4794,43.5529],[3.4792,43.5526],[3.4791,43.5523],[3.4789,43.552],[3.4787,43.5517],[3.4786,43.5514],[3.4783,43.5511],[3.4781,43.5508],[3.4779,43.5505],[3.4777,43.5503],[3.4774,43.55],[3.4772,43.5498],[3.477,43.5496],[3.4769,43.5494],[3.4767,43.5491],[3.4766,43.5488],[3.4764,43.5485],[3.4763,43.5482],[3.4762,43.5478],[3.476,43.5475],[3.4759,43.5471],[3.4758,43.5468],[3.4757,43.5464],[3.4756,43.546],[3.4755,43.5456],[3.4753,43.5459],[3.4752,43.5461],[3.4751,43.5463],[3.475,43.5464],[3.4749,43.5466],[3.4747,43.5468],[3.4745,43.547],[3.4744,43.5472],[3.4743,43.5475],[3.4742,43.5478],[3.4742,43.548],[3.4742,43.5483],[3.4743,43.5486],[3.4743,43.5488],[3.4742,43.549],[3.4742,43.5494],[3.4741,43.5498],[3.4742,43.5501],[3.4743,43.5504],[3.4745,43.5507],[3.4747,43.551],[3.475,43.5513],[3.4754,43.5517],[3.4757,43.552],[3.476,43.5522],[3.4762,43.5523],[3.4763,43.5524],[3.4763,43.5525],[3.4763,43.5526],[3.4763,43.5527],[3.4763,43.5529],[3.4764,43.553],[3.4765,43.5531],[3.4766,43.5532],[3.4766,43.5533],[3.4766,43.5533],[3.4766,43.5534],[3.4766,43.5534],[3.4765,43.5534],[3.4763,43.5535],[3.476,43.5537],[3.4757,43.5538],[3.4754,43.554],[3.475,43.5543],[3.4747,43.5547],[3.4743,43.5552],[3.474,43.5557],[3.4736,43.5562],[3.4732,43.5568],[3.473,43.5572],[3.4727,43.5576],[3.4725,43.5579],[3.4723,43.5581],[3.4721,43.5583],[3.4721,43.5585],[3.4721,43.5587],[3.4721,43.5589],[3.4721,43.5591],[3.4721,43.5593],[3.4718,43.5596],[3.4714,43.56],[3.4707,43.5609],[3.4705,43.5615],[3.4705,43.5622],[3.4707,43.5633],[3.471,43.5648],[3.471,43.5651],[3.471,43.5655],[3.4711,43.5656]]]}},{"type":"Feature","properties":{"MI_PRINX":3661044.0,"CARTE":264,"CODE":50,"CODE_LEG":50,"NOTATION":"Fy","DESCR":"Blocs, galets et graviers de calcaires siliceux, de grès, de quartz, de lydiennes, de porphyrites et de débris basaltiques (Terrasses glaciaires Würm)","C_FOND":10,"M_FOND":0,"J_FOND":10,"N_FOND":0,"NOM_SYMB":null,"C_SYMB":-1,"M_SYMB":-1,"J_SYMB":-1,"N_SYMB":-1,"ROT_SYMB":0,"score_potentiel":70,"niveau_potentiel":"Très élevé 🌟","pente_degres":31.3,"type_affleurement":"Affleurement Fort (Falaise / Ravine) 🔴","score_relieffiltered":99.8},"geometry":{"type":"Polygon","coordinates":[[[3.3313,43.7658],[3.3329,43.7669],[3.3336,43.7671],[3.3341,43.7674],[3.3346,43.7671],[3.3353,43.7669],[3.3361,43.7668],[3.3365,43.7668],[3.3375,43.7672],[3.3383,43.7674],[3.3385,43.7674],[3.3392,43.7675],[3.3396,43.7674],[3.3402,43.767],[3.3405,43.7669],[3.3412,43.7666],[3.3417,43.7661],[3.3418,43.7656],[3.342,43.7654],[3.3423,43.7653],[3.3429,43.7649],[3.3434,43.7646],[3.3441,43.7647],[3.3443,43.765],[3.3447,43.7651],[3.3461,43.7649],[3.3465,43.7648],[3.3471,43.7647],[3.3476,43.7645],[3.3473,43.7644],[3.3467,43.7642],[3.3459,43.7639],[3.3455,43.764],[3.345,43.7641],[3.3446,43.7641],[3.3438,43.7639],[3.343,43.7641],[3.342,43.7642],[3.3413,43.7644],[3.3402,43.7649],[3.3401,43.765],[3.3403,43.7651],[3.3404,43.7656],[3.3404,43.7661],[3.3403,43.7664],[3.3398,43.7667],[3.3392,43.7668],[3.3389,43.7668],[3.3388,43.7666],[3.3391,43.7661],[3.3389,43.7655],[3.3389,43.7654],[3.3387,43.7654],[3.3377,43.765],[3.3368,43.7644],[3.3346,43.7637],[3.3345,43.7637],[3.3339,43.7635],[3.3336,43.7635],[3.333,43.7634],[3.3323,43.7631],[3.3321,43.7631],[3.3319,43.7638],[3.3317,43.764],[3.3314,43.7641],[3.3314,43.7641],[3.3311,43.7644],[3.3307,43.7652],[3.3307,43.7654],[3.3311,43.7657],[3.3313,43.7658]]]}},{"type":"Feature","properties":{"MI_PRINX":3670308.0,"CARTE":264,"CODE":3316,"CODE_LEG":424,"NOTATION":"h1MF","DESCR":"Calcaires et lydiennes à nodules phosphatés du Pic de Vissou et de la Serre - Nappes des Monts de Faugères (Tournaisien)","C_FOND":20,"M_FOND":40,"J_FOND":70,"N_FOND":0,"NOM_SYMB":null,"C_SYMB":-1,"M_SYMB":-1,"J_SYMB":-1,"N_SYMB":-1,"ROT_SYMB":0,"score_potentiel":70,"niveau_potentiel":"Très élevé 🌟","pente_degres":33.1,"type_affleurement":"Affleurement Fort (Falaise / Ravine) 🔴","score_relieffiltered":100.0},"geometry":{"type":"Polygon","coordinates":[[[3.199,43.568],[3.199,43.5681],[3.1987,43.5686],[3.1981,43.5689],[3.1986,43.569],[3.1991,43.5687],[3.1994,43.5681],[3.1996,43.5677],[3.1997,43.5676],[3.1993,43.5677],[3.199,43.5676],[3.1971,43.567],[3.1967,43.5668],[3.1969,43.5668],[3.1982,43.5671],[3.1983,43.567],[3.1982,43.5669],[3.1972,43.5664],[3.1971,43.5662],[3.1975,43.5662],[3.1977,43.5663],[3.1978,43.5663],[3.1987,43.5661],[3.1987,43.566],[3.1991,43.5665],[3.1993,43.5668],[3.1997,43.5671],[3.1994,43.5662],[3.199,43.5657],[3.1988,43.5654],[3.1985,43.5651],[3.1983,43.5649],[3.198,43.5646],[3.1976,43.5644],[3.1971,43.5641],[3.1965,43.5638],[3.1963,43.5636],[3.1959,43.5633],[3.1958,43.5631],[3.1961,43.5631],[3.1965,43.5634],[3.1967,43.5634],[3.1967,43.5634],[3.1964,43.563],[3.1963,43.5628],[3.1962,43.5626],[3.196,43.5624],[3.1956,43.5621],[3.1944,43.5611],[3.1941,43.5613],[3.1943,43.5617],[3.1949,43.5624],[3.1948,43.5625],[3.1945,43.5627],[3.1941,43.5626],[3.1939,43.5626],[3.1943,43.5631],[3.1965,43.5647],[3.1982,43.5656],[3.1982,43.5656],[3.198,43.5657],[3.1976,43.5656],[3.1973,43.5656],[3.1967,43.5659],[3.1965,43.5659],[3.1963,43.5661],[3.1964,43.5662],[3.1966,43.5664],[3.1965,43.5665],[3.196,43.5665],[3.1959,43.5666],[3.196,43.5668],[3.1959,43.5669],[3.1941,43.5656],[3.1926,43.5649],[3.1913,43.5644],[3.1905,43.5639],[3.19,43.5634],[3.19,43.5632],[3.1894,43.563],[3.1892,43.5629],[3.1881,43.5627],[3.1877,43.5626],[3.1881,43.5631],[3.1889,43.5639],[3.19,43.5645],[3.1913,43.5651],[3.1927,43.5657],[3.1938,43.5663],[3.1949,43.5672],[3.1956,43.5674],[3.1962,43.5676],[3.1973,43.5682],[3.1978,43.5682],[3.1984,43.5681],[3.199,43.568]]]}},{"type":"Feature","properties":{"MI_PRINX":3661154.0,"CARTE":264,"CODE":50,"CODE_LEG":50,"NOTATION":"Fy","DESCR":"Blocs, galets et graviers de calcaires siliceux, de grès, de quartz, de lydiennes, de porphyrites et de débris basaltiques (Terrasses glaciaires Würm)","C_FOND":10,"M_FOND":0,"J_FOND":10,"N_FOND":0,"NOM_SYMB":null,"C_SYMB":-1,"M_SYMB":-1,"J_SYMB":-1,"N_SYMB":-1,"ROT_SYMB":0,"score_potentiel":70,"niveau_potentiel":"Très élevé 🌟","pente_degres":16.7,"type_affleurement":"Affleurement Moyen (Escarpement) 🟠","score_relieffiltered":79.4},"geometry":{"type":"Polygon","coordinates":[[[3.8635,43.7532],[3.8634,43.7533],[3.8631,43.7536],[3.8629,43.7538],[3.8628,43.754],[3.8628,43.7543],[3.8628,43.7545],[3.8629,43.7547],[3.8631,43.7548],[3.8633,43.7549],[3.8635,43.755],[3.8638,43.755],[3.8642,43.7549],[3.8646,43.7548],[3.8651,43.7547],[3.8651,43.7547],[3.8648,43.7546],[3.8645,43.7545],[3.8642,43.7543],[3.864,43.754],[3.8638,43.7538],[3.8636,43.7535],[3.8635,43.7532]]]}},{"type":"Feature","properties":{"MI_PRINX":3661164.0,"CARTE":264,"CODE":50,"CODE_LEG":50,"NOTATION":"Fy","DESCR":"Blocs, galets et graviers de calcaires siliceux, de grès, de quartz, de lydiennes, de porphyrites et de débris basaltiques (Terrasses glaciaires Würm)","C_FOND":10,"M_FOND":0,"J_FOND":10,"N_FOND":0,"NOM_SYMB":null,"C_SYMB":-1,"M_SYMB":-1,"J_SYMB":-1,"N_SYMB":-1,"ROT_SYMB":0,"score_potentiel":70,"niveau_potentiel":"Très élevé 🌟","pente_degres":20.3,"type_affleurement":"Affleurement Moyen (Escarpement) 🟠","score_relieffiltered":84.4},"geometry":{"type":"Polygon","coordinates":[[[3.8668,43.7539],[3.867,43.7538],[3.8672,43.7536],[3.8674,43.7533],[3.8676,43.753],[3.8676,43.7528],[3.8676,43.7525],[3.8674,43.7522],[3.8672,43.7519],[3.867,43.7516],[3.8667,43.7514],[3.8664,43.7512],[3.8662,43.7511],[3.8658,43.751],[3.8654,43.751],[3.865,43.7509],[3.8646,43.7508],[3.8646,43.7508],[3.8642,43.7507],[3.8638,43.7505],[3.8634,43.7504],[3.863,43.7504],[3.8626,43.7504],[3.8622,43.7504],[3.8621,43.7507],[3.862,43.7509],[3.8619,43.7511],[3.8623,43.7512],[3.8626,43.7512],[3.8631,43.7513],[3.8636,43.7514],[3.8641,43.7516],[3.8647,43.7517],[3.8651,43.7518],[3.8655,43.752],[3.8658,43.7521],[3.8661,43.7523],[3.8662,43.7525],[3.8663,43.7527],[3.8663,43.7529],[3.8662,43.7531],[3.8661,43.7532],[3.866,43.7533],[3.8658,43.7534],[3.8656,43.7535],[3.8654,43.7536],[3.8651,43.7537],[3.8649,43.7538],[3.8649,43.7539],[3.865,43.7541],[3.8651,43.7542],[3.8654,43.7542],[3.8658,43.7542],[3.8662,43.7541],[3.8665,43.754],[3.8667,43.7539],[3.8668,43.7539]]]}},{"type":"Feature","properties":{"MI_PRINX":3670574.0,"CARTE":264,"CODE":50,"CODE_LEG":50,"NOTATION":"Fy","DESCR":"Blocs, galets et graviers de calcaires siliceux, de grès, de quartz, de lydiennes, de porphyrites et de débris basaltiques (Terrasses glaciaires Würm)","C_FOND":10,"M_FOND":0,"J_FOND":10,"N_FOND":0,"NOM_SYMB":null,"C_SYMB":-1,"M_SYMB":-1,"J_SYMB":-1,"N_SYMB":-1,"ROT_SYMB":0,"score_potentiel":70,"niveau_potentiel":"Très élevé 🌟","pente_degres":31.9,"type_affleurement":"Affleurement Fort (Falaise / Ravine) 🔴","score_relieffiltered":100.0},"geometry":{"type":"Polygon","coordinates":[[[3.7291,43.5599],[3.7294,43.5599],[3.7298,43.5599],[3.7309,43.5599],[3.7322,43.5596],[3.7331,43.5593],[3.7339,43.5592],[3.7356,43.5592],[3.7375,43.5593],[3.7382,43.5592],[3.7389,43.559],[3.7397,43.5584],[3.74,43.5582],[3.7402,43.5581],[3.7405,43.5581],[3.7409,43.558],[3.7413,43.558],[3.7417,43.558],[3.742,43.558],[3.7423,43.5579],[3.7427,43.5577],[3.743,43.5576],[3.7432,43.5575],[3.7435,43.5574],[3.7437,43.5574],[3.7443,43.5575],[3.7451,43.5575],[3.7457,43.5576],[3.7462,43.5576],[3.7465,43.5576],[3.7468,43.5576],[3.7471,43.5575],[3.7474,43.5575],[3.7477,43.5574],[3.7479,43.5573],[3.7482,43.5571],[3.7484,43.5569],[3.7487,43.5567],[3.749,43.5566],[3.7493,43.5565],[3.7496,43.5563],[3.7499,43.5562],[3.7499,43.5561],[3.7499,43.5561],[3.75,43.556],[3.75,43.5559],[3.7501,43.5559],[3.7502,43.5558],[3.7502,43.5557],[3.7503,43.5557],[3.7504,43.5556],[3.7505,43.5556],[3.7507,43.5556],[3.7509,43.5555],[3.7513,43.5555],[3.7516,43.5555],[3.752,43.5554],[3.7522,43.5554],[3.7524,43.5555],[3.7526,43.5555],[3.7528,43.5556],[3.7531,43.5556],[3.7534,43.5556],[3.7536,43.5557],[3.7538,43.5557],[3.754,43.5556],[3.7541,43.5556],[3.7542,43.5556],[3.7543,43.5555],[3.7545,43.5555],[3.7546,43.5554],[3.7548,43.5553],[3.7549,43.5552],[3.755,43.5551],[3.7551,43.555],[3.7552,43.5549],[3.7552,43.5548],[3.7553,43.5547],[3.7554,43.5546],[3.7555,43.5545],[3.7557,43.5545],[3.7561,43.5544],[3.7565,43.5543],[3.7568,43.5543],[3.7571,43.5542],[3.7574,43.5541],[3.7575,43.5541],[3.7577,43.554],[3.7578,43.5539],[3.7579,43.5539],[3.7579,43.5538],[3.7579,43.5537],[3.7578,43.5537],[3.7578,43.5536],[3.7578,43.5536],[3.7577,43.5535],[3.7576,43.5534],[3.7575,43.5533],[3.7572,43.5532],[3.7569,43.553],[3.7565,43.5529],[3.7561,43.5528],[3.7558,43.5527],[3.7555,43.5526],[3.7552,43.5525],[3.7548,43.5523],[3.7544,43.552],[3.7539,43.5517],[3.7535,43.5514],[3.7532,43.5511],[3.7529,43.5509],[3.7527,43.5507],[3.7526,43.5506],[3.7525,43.5506],[3.7524,43.5505],[3.7523,43.5505],[3.7519,43.5505],[3.7512,43.5505],[3.7505,43.5505],[3.7498,43.5505],[3.7494,43.5505],[3.7492,43.5504],[3.7491,43.5503],[3.7489,43.5503],[3.7488,43.5502],[3.7486,43.5501],[3.7484,43.55],[3.7482,43.5499],[3.7481,43.5498],[3.7479,43.5496],[3.7477,43.5495],[3.7475,43.5494],[3.7473,43.5493],[3.7471,43.5493],[3.7469,43.5492],[3.7467,43.5492],[3.7465,43.5491],[3.7463,43.5491],[3.746,43.5491],[3.7455,43.5491],[3.7447,43.5492],[3.7436,43.5493],[3.7423,43.5495],[3.7414,43.5496],[3.7411,43.5496],[3.7409,43.5496],[3.7405,43.5497],[3.7394,43.55],[3.7379,43.5504],[3.7364,43.5507],[3.7354,43.5509],[3.7345,43.551],[3.7336,43.5511],[3.7324,43.5511],[3.7311,43.5512],[3.7301,43.5513],[3.7295,43.5513],[3.7292,43.5512],[3.729,43.5512],[3.7286,43.5511],[3.7281,43.5511],[3.7275,43.551],[3.7267,43.551],[3.726,43.5509],[3.7252,43.5509],[3.7246,43.5509],[3.7241,43.5509],[3.7236,43.5509],[3.7232,43.5508],[3.7227,43.5507],[3.7221,43.5506],[3.7213,43.5503],[3.7204,43.55],[3.7197,43.5497],[3.7191,43.5496],[3.7186,43.5496],[3.7182,43.5497],[3.7178,43.5496],[3.7174,43.5496],[3.717,43.5495],[3.7168,43.5495],[3.7166,43.5494],[3.7165,43.5494],[3.7163,43.5493],[3.7161,43.5492],[3.716,43.5492],[3.7159,43.5491],[3.7158,43.5491],[3.7157,43.549],[3.7156,43.5488],[3.7155,43.5487],[3.7154,43.5485],[3.7154,43.5483],[3.7153,43.5482],[3.7152,43.5481],[3.715,43.5479],[3.7148,43.5478],[3.7146,43.5477],[3.7144,43.5475],[3.7143,43.5474],[3.7142,43.5473],[3.7141,43.5472],[3.7139,43.547],[3.7137,43.5466],[3.7135,43.5459],[3.7132,43.5452],[3.713,43.5445],[3.7128,43.5442],[3.7127,43.544],[3.7126,43.5439],[3.7125,43.5437],[3.7123,43.5436],[3.712,43.5433],[3.7115,43.543],[3.711,43.5426],[3.7105,43.5422],[3.7101,43.542],[3.7098,43.5418],[3.7096,43.5416],[3.7095,43.5415],[3.7094,43.5414],[3.7093,43.5412],[3.7092,43.5411],[3.7091,43.5408],[3.7091,43.5406],[3.709,43.5403],[3.709,43.5401],[3.709,43.5399],[3.7089,43.5398],[3.7089,43.5396],[3.7089,43.5395],[3.7088,43.5394],[3.7086,43.5391],[3.7082,43.5387],[3.7075,43.5382],[3.7068,43.5376],[3.7061,43.5372],[3.7057,43.5369],[3.7054,43.5367],[3.7051,43.5366],[3.7047,43.5365],[3.7042,43.5363],[3.7038,43.5361],[3.7035,43.536],[3.7032,43.5359],[3.7029,43.5358],[3.7026,43.5355],[3.7023,43.5351],[3.702,43.5348],[3.7018,43.5346],[3.7017,43.5345],[3.7015,43.5344],[3.7012,43.5342],[3.7008,43.534],[3.7005,43.5339],[3.7003,43.5337],[3.7002,43.5336],[3.7001,43.5336],[3.7001,43.5335],[3.7,43.5334],[3.7,43.5333],[3.7,43.5332],[3.7,43.533],[3.7,43.5329],[3.7,43.5328],[3.7001,43.5327],[3.7002,43.5325],[3.7004,43.5323],[3.7006,43.5322],[3.7008,43.532],[3.7004,43.5321],[3.7,43.5321],[3.6996,43.5322],[3.6993,43.5323],[3.6991,43.5324],[3.6988,43.5327],[3.6985,43.533],[3.6983,43.5333],[3.698,43.5336],[3.6978,43.5337],[3.6975,43.5338],[3.6973,43.5339],[3.6971,43.5341],[3.6968,43.5342],[3.6966,43.5344],[3.6964,43.5344],[3.696,43.5345],[3.6954,43.5344],[3.6955,43.5347],[3.6954,43.535],[3.6953,43.5354],[3.6951,43.5358],[3.6951,43.5359],[3.6951,43.5361],[3.6951,43.5363],[3.6951,43.5365],[3.6952,43.5367],[3.6952,43.5369],[3.6952,43.537],[3.6952,43.5373],[3.6949,43.5378],[3.6944,43.5385],[3.6942,43.5389],[3.6942,43.539],[3.6942,43.5392],[3.6941,43.5394],[3.6941,43.5395],[3.6942,43.5396],[3.6943,43.5398],[3.6945,43.5401],[3.6948,43.5403],[3.695,43.5405],[3.695,43.5408],[3.6951,43.5411],[3.6952,43.5416],[3.6952,43.5421],[3.6953,43.5426],[3.6953,43.5429],[3.6954,43.5431],[3.6955,43.5434],[3.6957,43.5436],[3.6959,43.5439],[3.6961,43.5441],[3.6963,43.5443],[3.6966,43.5445],[3.6968,43.5446],[3.697,43.5446],[3.6972,43.5447],[3.6974,43.5447],[3.6976,43.5446],[3.6977,43.5445],[3.6979,43.5443],[3.698,43.5441],[3.698,43.5438],[3.6979,43.5435],[3.6978,43.543],[3.6976,43.5425],[3.6974,43.542],[3.6973,43.5416],[3.6972,43.5413],[3.6971,43.541],[3.6971,43.5407],[3.6971,43.5404],[3.6972,43.5401],[3.6972,43.5399],[3.6974,43.5398],[3.6976,43.5397],[3.698,43.5397],[3.6983,43.5397],[3.6985,43.5398],[3.6986,43.5399],[3.6988,43.54],[3.6989,43.5401],[3.6989,43.5402],[3.6989,43.5404],[3.6989,43.5407],[3.6989,43.541],[3.699,43.5413],[3.6992,43.5416],[3.6994,43.5418],[3.6995,43.5419],[3.6997,43.542],[3.6998,43.5421],[3.7,43.5421],[3.7002,43.5421],[3.7004,43.5421],[3.7009,43.5421],[3.7015,43.5422],[3.7021,43.5422],[3.7027,43.5423],[3.703,43.5425],[3.7033,43.5427],[3.7036,43.5429],[3.704,43.5433],[3.7043,43.5437],[3.7047,43.5441],[3.705,43.5446],[3.7052,43.5449],[3.7053,43.5452],[3.7054,43.5453],[3.7054,43.5454],[3.7054,43.5455],[3.7053,43.5456],[3.7052,43.5456],[3.705,43.5455],[3.7047,43.5454],[3.7044,43.5452],[3.7039,43.545],[3.7034,43.5448],[3.7028,43.5446],[3.7023,43.5444],[3.7019,43.5442],[3.7016,43.544],[3.7013,43.5439],[3.701,43.5438],[3.7008,43.5438],[3.7007,43.5438],[3.7006,43.5438],[3.7006,43.5439],[3.7005,43.5439],[3.7004,43.544],[3.7004,43.5442],[3.7004,43.5443],[3.7006,43.5444],[3.7008,43.5444],[3.701,43.5445],[3.7014,43.5447],[3.7018,43.5449],[3.7021,43.5452],[3.7024,43.5455],[3.7025,43.5457],[3.7026,43.546],[3.7027,43.5461],[3.7029,43.5462],[3.703,43.5463],[3.7031,43.5463],[3.7033,43.5464],[3.7036,43.5464],[3.7039,43.5464],[3.7042,43.5464],[3.7044,43.5465],[3.7047,43.5467],[3.705,43.5469],[3.7053,43.5472],[3.7057,43.5475],[3.7061,43.548],[3.7065,43.5484],[3.7068,43.5487],[3.707,43.549],[3.7071,43.5493],[3.7072,43.5496],[3.7074,43.55],[3.7075,43.5504],[3.7077,43.5509],[3.708,43.5514],[3.7082,43.5516],[3.7084,43.5518],[3.7086,43.5519],[3.7092,43.5522],[3.7097,43.5525],[3.71,43.5527],[3.71,43.5527],[3.71,43.5528],[3.7098,43.553],[3.7095,43.5532],[3.7099,43.5531],[3.7108,43.5531],[3.7114,43.5529],[3.7124,43.5524],[3.7128,43.5524],[3.7135,43.5524],[3.7136,43.5525],[3.7136,43.5527],[3.7134,43.5529],[3.7115,43.5539],[3.7105,43.5542],[3.7109,43.5544],[3.7112,43.5546],[3.7114,43.5547],[3.7115,43.5548],[3.7117,43.555],[3.7119,43.5552],[3.7124,43.5557],[3.7132,43.5565],[3.7141,43.5575],[3.7148,43.5582],[3.715,43.5586],[3.715,43.5588],[3.715,43.559],[3.715,43.5591],[3.715,43.5591],[3.715,43.5592],[3.7149,43.5593],[3.7147,43.5593],[3.7146,43.5593],[3.7144,43.5593],[3.7141,43.5593],[3.7138,43.5593],[3.7135,43.5592],[3.7133,43.5591],[3.713,43.559],[3.7128,43.5589],[3.7124,43.5587],[3.7118,43.5584],[3.7113,43.5581],[3.711,43.5579],[3.7107,43.5579],[3.7106,43.5579],[3.7104,43.5579],[3.7102,43.5579],[3.7101,43.5579],[3.7101,43.558],[3.7101,43.5581],[3.7101,43.5582],[3.7101,43.5583],[3.7104,43.5587],[3.7105,43.5589],[3.7106,43.559],[3.7108,43.5592],[3.7108,43.5592],[3.711,43.5595],[3.7112,43.5596],[3.7115,43.5599],[3.712,43.5601],[3.7124,43.5603],[3.7126,43.5603],[3.7128,43.5604],[3.7127,43.5602],[3.7127,43.56],[3.7127,43.5598],[3.7128,43.5596],[3.7129,43.5594],[3.713,43.5594],[3.713,43.5596],[3.7132,43.5598],[3.7135,43.56],[3.714,43.5602],[3.7146,43.5603],[3.7151,43.5604],[3.7156,43.5603],[3.716,43.5602],[3.7162,43.56],[3.7163,43.5599],[3.7165,43.5598],[3.7167,43.5596],[3.7169,43.5595],[3.7171,43.5594],[3.7174,43.5592],[3.7176,43.5591],[3.718,43.559],[3.7185,43.559],[3.719,43.559],[3.7196,43.559],[3.7201,43.559],[3.7205,43.559],[3.7209,43.559],[3.7212,43.559],[3.7215,43.5591],[3.7219,43.5593],[3.7223,43.5594],[3.723,43.5594],[3.7241,43.5592],[3.7249,43.5591],[3.7256,43.5591],[3.7266,43.5593],[3.7277,43.5597],[3.7291,43.5599]]]}},{"type":"Feature","properties":{"MI_PRINX":3670609.0,"CARTE":264,"CODE":3316,"CODE_LEG":424,"NOTATION":"h1MF","DESCR":"Calcaires et lydiennes à nodules phosphatés du Pic de Vissou et de la Serre - Nappes des Monts de Faugères (Tournaisien)","C_FOND":20,"M_FOND":40,"J_FOND":70,"N_FOND":0,"NOM_SYMB":null,"C_SYMB":-1,"M_SYMB":-1,"J_SYMB":-1,"N_SYMB":-1,"ROT_SYMB":0,"score_potentiel":70,"niveau_potentiel":"Très élevé 🌟","pente_degres":32.6,"type_affleurement":"Affleurement Fort (Falaise / Ravine) 🔴","score_relieffiltered":100.0},"geometry":{"type":"Polygon","coordinates":[[[3.2134,43.5646],[3.2133,43.5646],[3.2127,43.5643],[3.2118,43.564],[3.2112,43.5636],[3.2105,43.5632],[3.2097,43.5631],[3.2091,43.5631],[3.2077,43.5626],[3.2071,43.5627],[3.2062,43.5627],[3.2056,43.5627],[3.2055,43.5627],[3.2054,43.5626],[3.2051,43.5625],[3.2045,43.5626],[3.2035,43.5625],[3.2032,43.5625],[3.2027,43.5622],[3.2023,43.562],[3.2019,43.562],[3.201,43.5619],[3.2006,43.5619],[3.2004,43.5618],[3.1981,43.5615],[3.1978,43.5615],[3.1968,43.5614],[3.1964,43.5615],[3.1961,43.5617],[3.1962,43.562],[3.1964,43.5624],[3.1964,43.5624],[3.1962,43.5626],[3.1978,43.5639],[3.1982,43.5639],[3.1989,43.564],[3.1989,43.564],[3.1989,43.5639],[3.198,43.5634],[3.1974,43.5629],[3.1973,43.5627],[3.1977,43.5625],[3.1984,43.5625],[3.1999,43.5627],[3.2006,43.5629],[3.2013,43.5629],[3.2018,43.5628],[3.2023,43.5628],[3.2031,43.5631],[3.2037,43.5633],[3.2048,43.5634],[3.2053,43.5634],[3.207,43.5636],[3.2074,43.5635],[3.2078,43.5635],[3.2085,43.5639],[3.2099,43.564],[3.2106,43.5642],[3.2108,43.5644],[3.2113,43.5647],[3.2117,43.5648],[3.212,43.5649],[3.2122,43.5649],[3.2127,43.565],[3.2133,43.5651],[3.2134,43.5646]]]}},{"type":"Feature","properties":{"MI_PRINX":3670722.0,"CARTE":264,"CODE":50,"CODE_LEG":50,"NOTATION":"Fy","DESCR":"Blocs, galets et graviers de calcaires siliceux, de grès, de quartz, de lydiennes, de porphyrites et de débris basaltiques (Terrasses glaciaires Würm)","C_FOND":10,"M_FOND":0,"J_FOND":10,"N_FOND":0,"NOM_SYMB":null,"C_SYMB":-1,"M_SYMB":-1,"J_SYMB":-1,"N_SYMB":-1,"ROT_SYMB":0,"score_potentiel":70,"niveau_potentiel":"Très élevé 🌟","pente_degres":19.7,"type_affleurement":"Affleurement Moyen (Escarpement) 🟠","score_relieffiltered":83.6},"geometry":{"type":"Polygon","coordinates":[[[2.8972,43.5648],[2.8969,43.5651],[2.8968,43.5655],[2.8968,43.5657],[2.8971,43.5659],[2.8975,43.5659],[2.8986,43.5652],[2.899,43.5649],[2.899,43.5649],[2.8991,43.5646],[2.8991,43.564],[2.899,43.5638],[2.8988,43.5632],[2.8987,43.5629],[2.8985,43.5625],[2.8985,43.5621],[2.8984,43.5619],[2.8984,43.5616],[2.8984,43.5615],[2.8983,43.5615],[2.898,43.562],[2.898,43.5627],[2.8984,43.5637],[2.8984,43.5639],[2.8982,43.5643],[2.8975,43.5648],[2.8972,43.5648]]]}},{"type":"Feature","properties":{"MI_PRINX":3670915.0,"CARTE":264,"CODE":3316,"CODE_LEG":424,"NOTATION":"h1MF","DESCR":"Calcaires et lydiennes à nodules phosphatés du Pic de Vissou et de la Serre - Nappes des Monts de Faugères (Tournaisien)","C_FOND":20,"M_FOND":40,"J_FOND":70,"N_FOND":0,"NOM_SYMB":null,"C_SYMB":-1,"M_SYMB":-1,"J_SYMB":-1,"N_SYMB":-1,"ROT_SYMB":0,"score_potentiel":70,"niveau_potentiel":"Très élevé 🌟","pente_degres":19.3,"type_affleurement":"Affleurement Moyen (Escarpement) 🟠","score_relieffiltered":83.0},"geometry":{"type":"Polygon","coordinates":[[[3.1335,43.5617],[3.1342,43.5612],[3.1331,43.561],[3.132,43.5607],[3.1313,43.5603],[3.1305,43.56],[3.1306,43.561],[3.1335,43.5617]]]}},{"type":"Feature","properties":{"MI_PRINX":3671058.0,"CARTE":264,"CODE":3316,"CODE_LEG":424,"NOTATION":"h1MF","DESCR":"Calcaires et lydiennes à nodules phosphatés du Pic de Vissou et de la Serre - Nappes des Monts de Faugères (Tournaisien)","C_FOND":20,"M_FOND":40,"J_FOND":70,"N_FOND":0,"NOM_SYMB":null,"C_SYMB":-1,"M_SYMB":-1,"J_SYMB":-1,"N_SYMB":-1,"ROT_SYMB":0,"score_potentiel":70,"niveau_potentiel":"Très élevé 🌟","pente_degres":20.0,"type_affleurement":"Affleurement Moyen (Escarpement) 🟠","score_relieffiltered":84.0},"geometry":{"type":"Polygon","coordinates":[[[3.3524,43.5569],[3.3537,43.5565],[3.3535,43.5563],[3.352,43.5568],[3.3522,43.5569],[3.3524,43.5569],[3.3524,43.5569]]]}},{"type":"Feature","properties":{"MI_PRINX":3661533.0,"CARTE":264,"CODE":50,"CODE_LEG":50,"NOTATION":"Fy","DESCR":"Blocs, galets et graviers de calcaires siliceux, de grès, de quartz, de lydiennes, de porphyrites et de débris basaltiques (Terrasses glaciaires Würm)","C_FOND":10,"M_FOND":0,"J_FOND":10,"N_FOND":0,"NOM_SYMB":null,"C_SYMB":-1,"M_SYMB":-1,"J_SYMB":-1,"N_SYMB":-1,"ROT_SYMB":0,"score_potentiel":70,"niveau_potentiel":"Très élevé 🌟","pente_degres":32.3,"type_affleurement":"Affleurement Fort (Falaise / Ravine) 🔴","score_relieffiltered":100.0},"geometry":{"type":"Polygon","coordinates":[[[3.2917,43.734],[3.2905,43.7353],[3.2887,43.7366],[3.2873,43.738],[3.2865,43.7385],[3.2852,43.7391],[3.2845,43.7397],[3.2844,43.74],[3.2835,43.7413],[3.2833,43.7419],[3.2831,43.7428],[3.2835,43.742],[3.2839,43.7414],[3.2847,43.7405],[3.2851,43.74],[3.2862,43.7393],[3.2868,43.7392],[3.2869,43.7392],[3.287,43.7392],[3.2875,43.7391],[3.2885,43.7385],[3.2901,43.7374],[3.2906,43.7372],[3.2914,43.7369],[3.2919,43.7366],[3.2921,43.7361],[3.2924,43.7358],[3.2932,43.7355],[3.2948,43.7349],[3.2955,43.7347],[3.2961,43.7343],[3.2964,43.7337],[3.297,43.733],[3.297,43.7329],[3.2971,43.7326],[3.2968,43.7321],[3.2964,43.7318],[3.2959,43.7316],[3.2958,43.7316],[3.2953,43.7315],[3.2945,43.7312],[3.2931,43.7302],[3.2922,43.7299],[3.2916,43.7298],[3.2912,43.7299],[3.2912,43.7299],[3.2913,43.73],[3.2918,43.7301],[3.2921,43.7303],[3.2927,43.7308],[3.2927,43.7308],[3.2928,43.7309],[3.2938,43.7318],[3.2946,43.7322],[3.2947,43.7322],[3.295,43.7324],[3.2952,43.7328],[3.2949,43.7332],[3.2941,43.7335],[3.2939,43.7336],[3.2938,43.7337],[3.293,43.7339],[3.2924,43.7339],[3.2923,43.7339],[3.2919,43.734],[3.2917,43.734]]]}},{"type":"Feature","properties":{"MI_PRINX":3670797.0,"CARTE":264,"CODE":50,"CODE_LEG":50,"NOTATION":"Fy","DESCR":"Blocs, galets et graviers de calcaires siliceux, de grès, de quartz, de lydiennes, de porphyrites et de débris basaltiques (Terrasses glaciaires Würm)","C_FOND":10,"M_FOND":0,"J_FOND":10,"N_FOND":0,"NOM_SYMB":null,"C_SYMB":-1,"M_SYMB":-1,"J_SYMB":-1,"N_SYMB":-1,"ROT_SYMB":0,"score_potentiel":70,"niveau_potentiel":"Très élevé 🌟","pente_degres":19.5,"type_affleurement":"Affleurement Moyen (Escarpement) 🟠","score_relieffiltered":83.3},"geometry":{"type":"Polygon","coordinates":[[[2.8958,43.5646],[2.896,43.5647],[2.8964,43.5648],[2.8972,43.5648],[2.897,43.5643],[2.8966,43.5636],[2.8965,43.5633],[2.8969,43.5622],[2.897,43.5617],[2.8969,43.5611],[2.8969,43.561],[2.8966,43.5605],[2.8964,43.5603],[2.8963,43.56],[2.8954,43.5603],[2.8952,43.5604],[2.895,43.5609],[2.895,43.5611],[2.895,43.5611],[2.8952,43.5614],[2.8958,43.5617],[2.896,43.5622],[2.896,43.5623],[2.8961,43.5629],[2.8961,43.5631],[2.8961,43.5642],[2.8958,43.5646]]]}},{"type":"Feature","properties":{"MI_PRINX":3671138.0,"CARTE":264,"CODE":3316,"CODE_LEG":424,"NOTATION":"h1MF","DESCR":"Calcaires et lydiennes à nodules phosphatés du Pic de Vissou et de la Serre - Nappes des Monts de Faugères (Tournaisien)","C_FOND":20,"M_FOND":40,"J_FOND":70,"N_FOND":0,"NOM_SYMB":null,"C_SYMB":-1,"M_SYMB":-1,"J_SYMB":-1,"N_SYMB":-1,"ROT_SYMB":0,"score_potentiel":70,"niveau_potentiel":"Très élevé 🌟","pente_degres":32.6,"type_affleurement":"Affleurement Fort (Falaise / Ravine) 🔴","score_relieffiltered":100.0},"geometry":{"type":"Polygon","coordinates":[[[3.3667,43.5555],[3.3668,43.5554],[3.367,43.5553],[3.3664,43.5552],[3.366,43.5552],[3.3657,43.5552],[3.3655,43.5551],[3.3653,43.5551],[3.365,43.555],[3.3646,43.555],[3.3642,43.555],[3.3638,43.5549],[3.3636,43.555],[3.3629,43.555],[3.3622,43.5551],[3.3628,43.5551],[3.3633,43.5551],[3.3637,43.5551],[3.364,43.5552],[3.3643,43.5552],[3.3648,43.5553],[3.3652,43.5554],[3.3656,43.5554],[3.366,43.5554],[3.3663,43.5554],[3.3665,43.5554],[3.3667,43.5555]]]}},{"type":"Feature","properties":{"MI_PRINX":3661820.0,"CARTE":264,"CODE":50,"CODE_LEG":50,"NOTATION":"Fy","DESCR":"Blocs, galets et graviers de calcaires siliceux, de grès, de quartz, de lydiennes, de porphyrites et de débris basaltiques (Terrasses glaciaires Würm)","C_FOND":10,"M_FOND":0,"J_FOND":10,"N_FOND":0,"NOM_SYMB":null,"C_SYMB":-1,"M_SYMB":-1,"J_SYMB":-1,"N_SYMB":-1,"ROT_SYMB":0,"score_potentiel":70,"niveau_potentiel":"Très élevé 🌟","pente_degres":32.7,"type_affleurement":"Affleurement Fort (Falaise / Ravine) 🔴","score_relieffiltered":100.0},"geometry":{"type":"Polygon","coordinates":[[[3.3223,43.7274],[3.321,43.726],[3.3204,43.7253],[3.3202,43.7248],[3.3202,43.7246],[3.3202,43.7245],[3.3204,43.7241],[3.3212,43.7234],[3.3222,43.7225],[3.3226,43.7218],[3.3227,43.7214],[3.3226,43.7206],[3.3224,43.7197],[3.3218,43.7182],[3.3213,43.717],[3.3209,43.7158],[3.3206,43.7149],[3.3206,43.7147],[3.321,43.7139],[3.321,43.7134],[3.3212,43.7129],[3.3212,43.7128],[3.3216,43.7123],[3.3222,43.7114],[3.3226,43.7103],[3.3226,43.7103],[3.3227,43.7099],[3.3226,43.7098],[3.3227,43.7093],[3.3227,43.7084],[3.3226,43.7079],[3.3226,43.7077],[3.3224,43.7069],[3.322,43.7057],[3.3218,43.7052],[3.3218,43.705],[3.322,43.7048],[3.3224,43.7042],[3.3225,43.7037],[3.3233,43.7032],[3.3239,43.7026],[3.3246,43.7022],[3.3252,43.7021],[3.3256,43.702],[3.3263,43.7016],[3.3268,43.7012],[3.3271,43.7007],[3.3271,43.7003],[3.3269,43.6999],[3.3265,43.6996],[3.3261,43.6996],[3.3258,43.6995],[3.3251,43.6996],[3.3247,43.6998],[3.3245,43.7002],[3.3243,43.7004],[3.3241,43.7005],[3.3239,43.7006],[3.3233,43.7008],[3.3233,43.7009],[3.3229,43.7013],[3.3223,43.7021],[3.3217,43.7026],[3.3215,43.7033],[3.3215,43.7035],[3.3212,43.7043],[3.321,43.7045],[3.3204,43.7053],[3.3204,43.7054],[3.3203,43.7055],[3.3205,43.7057],[3.3215,43.7065],[3.3217,43.7067],[3.3218,43.7068],[3.3218,43.7072],[3.3215,43.7077],[3.3214,43.7077],[3.3211,43.7079],[3.321,43.7079],[3.3207,43.708],[3.3201,43.7081],[3.3199,43.7083],[3.3198,43.7086],[3.3203,43.7094],[3.3204,43.7098],[3.3202,43.7105],[3.32,43.7113],[3.32,43.7116],[3.3201,43.7123],[3.3201,43.7134],[3.3201,43.714],[3.3199,43.7146],[3.3199,43.7148],[3.3199,43.715],[3.3203,43.7162],[3.3205,43.717],[3.3205,43.7172],[3.3206,43.7178],[3.3204,43.7182],[3.3203,43.7184],[3.3203,43.7186],[3.3204,43.7186],[3.3209,43.7189],[3.3212,43.7194],[3.3213,43.7199],[3.321,43.7206],[3.3206,43.7213],[3.3206,43.7215],[3.3206,43.7216],[3.3208,43.7223],[3.3207,43.7225],[3.3202,43.7232],[3.3198,43.7237],[3.3197,43.7242],[3.3195,43.7247],[3.3194,43.7248],[3.3191,43.7253],[3.319,43.7253],[3.3192,43.7257],[3.32,43.7266],[3.3212,43.727],[3.3216,43.7274],[3.3222,43.7274],[3.3223,43.7274]]]}},{"type":"Feature","properties":{"MI_PRINX":3670906.0,"CARTE":264,"CODE":3316,"CODE_LEG":424,"NOTATION":"h1MF","DESCR":"Calcaires et lydiennes à nodules phosphatés du Pic de Vissou et de la Serre - Nappes des Monts de Faugères (Tournaisien)","C_FOND":20,"M_FOND":40,"J_FOND":70,"N_FOND":0,"NOM_SYMB":null,"C_SYMB":-1,"M_SYMB":-1,"J_SYMB":-1,"N_SYMB":-1,"ROT_SYMB":0,"score_potentiel":70,"niveau_potentiel":"Très élevé 🌟","pente_degres":32.6,"type_affleurement":"Affleurement Fort (Falaise / Ravine) 🔴","score_relieffiltered":100.0},"geometry":{"type":"Polygon","coordinates":[[[3.1725,43.559],[3.1717,43.5591],[3.1714,43.5591],[3.1711,43.559],[3.1709,43.559],[3.1706,43.5589],[3.1703,43.5588],[3.17,43.5587],[3.1696,43.5586],[3.1692,43.5586],[3.1689,43.5586],[3.1685,43.5586],[3.1688,43.5587],[3.1692,43.5588],[3.1697,43.559],[3.1701,43.559],[3.1704,43.5591],[3.1707,43.5591],[3.171,43.5592],[3.1713,43.5593],[3.1718,43.5594],[3.1723,43.5596],[3.1728,43.5597],[3.1732,43.5598],[3.1759,43.5602],[3.1789,43.5608],[3.1806,43.5613],[3.1812,43.5615],[3.1818,43.5616],[3.1818,43.5614],[3.1821,43.5613],[3.1821,43.5613],[3.1819,43.561],[3.1819,43.5609],[3.1804,43.5605],[3.1797,43.5603],[3.1783,43.56],[3.1747,43.5594],[3.1725,43.559]]]}},{"type":"Feature","properties":{"MI_PRINX":3671246.0,"CARTE":264,"CODE":50,"CODE_LEG":50,"NOTATION":"Fy","DESCR":"Blocs, galets et graviers de calcaires siliceux, de grès, de quartz, de lydiennes, de porphyrites et de débris basaltiques (Terrasses glaciaires Würm)","C_FOND":10,"M_FOND":0,"J_FOND":10,"N_FOND":0,"NOM_SYMB":null,"C_SYMB":-1,"M_SYMB":-1,"J_SYMB":-1,"N_SYMB":-1,"ROT_SYMB":0,"score_potentiel":70,"niveau_potentiel":"Très élevé 🌟","pente_degres":31.7,"type_affleurement":"Affleurement Fort (Falaise / Ravine) 🔴","score_relieffiltered":100.0},"geometry":{"type":"Polygon","coordinates":[[[3.3637,43.5478],[3.3635,43.5479],[3.3635,43.548],[3.3635,43.5482],[3.3636,43.5485],[3.3639,43.5487],[3.3642,43.5489],[3.3647,43.549],[3.3651,43.5492],[3.3654,43.5494],[3.3661,43.5498],[3.3667,43.55],[3.3672,43.5502],[3.3675,43.5504],[3.3678,43.5506],[3.3681,43.5507],[3.3683,43.551],[3.3685,43.5513],[3.3685,43.5513],[3.3688,43.5513],[3.3694,43.5512],[3.37,43.5511],[3.3706,43.5513],[3.371,43.5515],[3.3712,43.5517],[3.3715,43.552],[3.3716,43.5523],[3.3717,43.5525],[3.3722,43.5526],[3.3732,43.5529],[3.3739,43.5532],[3.3745,43.5533],[3.3748,43.5533],[3.3751,43.5533],[3.3752,43.5531],[3.3753,43.553],[3.3753,43.5529],[3.3751,43.5527],[3.3747,43.5526],[3.3745,43.5525],[3.3743,43.5524],[3.3742,43.5522],[3.3742,43.552],[3.3742,43.5518],[3.374,43.5518],[3.3737,43.5518],[3.3734,43.5518],[3.3731,43.5519],[3.3728,43.5518],[3.3726,43.5516],[3.3723,43.5513],[3.372,43.5511],[3.3718,43.5509],[3.3715,43.5509],[3.3712,43.5508],[3.371,43.5507],[3.3708,43.5505],[3.3705,43.5503],[3.3704,43.5503],[3.3702,43.5503],[3.37,43.5503],[3.3697,43.5503],[3.3693,43.5504],[3.3691,43.5504],[3.369,43.5504],[3.369,43.5503],[3.3692,43.55],[3.3694,43.5498],[3.3695,43.5497],[3.3694,43.5495],[3.3692,43.5494],[3.3688,43.5494],[3.3683,43.5493],[3.3676,43.5492],[3.3671,43.549],[3.3669,43.5489],[3.3665,43.5489],[3.3661,43.5489],[3.3659,43.5488],[3.3658,43.5486],[3.3656,43.5484],[3.3653,43.5483],[3.365,43.5483],[3.3645,43.5482],[3.364,43.548],[3.3637,43.5478]]]}},{"type":"Feature","properties":{"MI_PRINX":3671240.0,"CARTE":264,"CODE":3316,"CODE_LEG":424,"NOTATION":"h1MF","DESCR":"Calcaires et lydiennes à nodules phosphatés du Pic de Vissou et de la Serre - Nappes des Monts de Faugères (Tournaisien)","C_FOND":20,"M_FOND":40,"J_FOND":70,"N_FOND":0,"NOM_SYMB":null,"C_SYMB":-1,"M_SYMB":-1,"J_SYMB":-1,"N_SYMB":-1,"ROT_SYMB":0,"score_potentiel":70,"niveau_potentiel":"Très élevé 🌟","pente_degres":20.6,"type_affleurement":"Affleurement Moyen (Escarpement) 🟠","score_relieffiltered":84.8},"geometry":{"type":"Polygon","coordinates":[[[3.2289,43.5545],[3.2292,43.5545],[3.2296,43.5545],[3.2301,43.5545],[3.2304,43.5546],[3.2306,43.5546],[3.2308,43.5547],[3.2308,43.5547],[3.2308,43.5548],[3.231,43.5548],[3.2311,43.5547],[3.2311,43.5546],[3.2311,43.5546],[3.2309,43.5545],[3.2305,43.5544],[3.2298,43.5543],[3.2293,43.5542],[3.2291,43.5542],[3.229,43.5543],[3.2289,43.5544],[3.2289,43.5545]]]}},{"type":"Feature","properties":{"MI_PRINX":3661790.0,"CARTE":264,"CODE":50,"CODE_LEG":50,"NOTATION":"Fy","DESCR":"Blocs, galets et graviers de calcaires siliceux, de grès, de quartz, de lydiennes, de porphyrites et de débris basaltiques (Terrasses glaciaires Würm)","C_FOND":10,"M_FOND":0,"J_FOND":10,"N_FOND":0,"NOM_SYMB":null,"C_SYMB":-1,"M_SYMB":-1,"J_SYMB":-1,"N_SYMB":-1,"ROT_SYMB":0,"score_potentiel":70,"niveau_potentiel":"Très élevé 🌟","pente_degres":33.2,"type_affleurement":"Affleurement Fort (Falaise / Ravine) 🔴","score_relieffiltered":100.0},"geometry":{"type":"Polygon","coordinates":[[[3.3249,43.7295],[3.3251,43.7293],[3.3251,43.7289],[3.3248,43.7285],[3.3244,43.7278],[3.3244,43.7278],[3.3239,43.727],[3.3238,43.7268],[3.3239,43.7266],[3.3241,43.7261],[3.324,43.7257],[3.3238,43.7254],[3.3237,43.7251],[3.3237,43.725],[3.3238,43.7246],[3.3238,43.7245],[3.324,43.7241],[3.3243,43.7232],[3.3243,43.723],[3.3243,43.723],[3.3245,43.7224],[3.3244,43.722],[3.3242,43.7214],[3.3242,43.7206],[3.3242,43.7195],[3.3243,43.7182],[3.3244,43.718],[3.3244,43.7175],[3.3246,43.7159],[3.3245,43.7151],[3.3245,43.7136],[3.3246,43.7129],[3.3245,43.7125],[3.3249,43.7112],[3.3254,43.7104],[3.3259,43.7098],[3.3268,43.7093],[3.3272,43.7093],[3.3273,43.7092],[3.3276,43.7087],[3.3278,43.7081],[3.3278,43.7076],[3.3276,43.7071],[3.3276,43.707],[3.3275,43.7066],[3.3276,43.7066],[3.3279,43.7063],[3.3281,43.706],[3.3288,43.7056],[3.3293,43.7051],[3.3294,43.7049],[3.3296,43.7043],[3.3297,43.7039],[3.3305,43.7028],[3.3309,43.7021],[3.3308,43.702],[3.3311,43.7011],[3.3314,43.7006],[3.3317,43.7001],[3.3318,43.6998],[3.3317,43.6996],[3.3318,43.6995],[3.3318,43.6994],[3.3319,43.6991],[3.3323,43.6988],[3.3324,43.6987],[3.3326,43.6986],[3.3328,43.6986],[3.3334,43.6984],[3.3336,43.6984],[3.3337,43.6984],[3.3338,43.6983],[3.3338,43.6983],[3.3344,43.6983],[3.3348,43.6983],[3.3355,43.6983],[3.336,43.6982],[3.3361,43.6982],[3.3363,43.6981],[3.3368,43.6981],[3.3369,43.6981],[3.3372,43.698],[3.3377,43.698],[3.3381,43.6979],[3.3385,43.6978],[3.3386,43.6978],[3.3392,43.6976],[3.3405,43.6969],[3.3417,43.696],[3.342,43.6955],[3.3422,43.6951],[3.343,43.6942],[3.3436,43.6937],[3.3438,43.6934],[3.3446,43.693],[3.3447,43.693],[3.3447,43.6929],[3.3454,43.6927],[3.346,43.6925],[3.3459,43.6924],[3.3456,43.6924],[3.3451,43.6922],[3.3447,43.6921],[3.3435,43.6919],[3.3431,43.6919],[3.3425,43.6921],[3.3421,43.6924],[3.3421,43.6925],[3.3421,43.6926],[3.3422,43.6932],[3.3423,43.694],[3.3421,43.6945],[3.3421,43.6947],[3.3416,43.6957],[3.3409,43.6962],[3.3399,43.6965],[3.3377,43.6967],[3.3359,43.697],[3.3349,43.6974],[3.3336,43.698],[3.3332,43.6981],[3.3327,43.6983],[3.3326,43.6983],[3.3319,43.6985],[3.3305,43.6992],[3.3299,43.6996],[3.3296,43.7002],[3.3296,43.7006],[3.3295,43.7012],[3.3295,43.7013],[3.3292,43.7018],[3.3287,43.7022],[3.3285,43.7022],[3.328,43.7026],[3.3278,43.7029],[3.3276,43.7033],[3.3276,43.7036],[3.3275,43.7041],[3.3276,43.7046],[3.3277,43.7052],[3.3276,43.7057],[3.3268,43.7069],[3.3267,43.7073],[3.3267,43.7074],[3.3262,43.7086],[3.3255,43.7095],[3.3246,43.7102],[3.324,43.7107],[3.3237,43.7112],[3.3237,43.7114],[3.3234,43.7119],[3.3232,43.712],[3.3229,43.7123],[3.3217,43.7132],[3.3218,43.7132],[3.3225,43.7136],[3.3229,43.714],[3.3229,43.7143],[3.3227,43.7147],[3.3224,43.7149],[3.3223,43.7149],[3.3218,43.7152],[3.3217,43.7156],[3.3216,43.7157],[3.3217,43.7159],[3.3218,43.7165],[3.3221,43.7176],[3.3221,43.7177],[3.3228,43.7191],[3.3233,43.72],[3.3236,43.7211],[3.3236,43.7215],[3.3236,43.7217],[3.3236,43.7217],[3.3236,43.7219],[3.3228,43.7228],[3.3225,43.7234],[3.3218,43.7243],[3.3217,43.7247],[3.3217,43.725],[3.3219,43.7254],[3.3226,43.7265],[3.3249,43.7295]]]}},{"type":"Feature","properties":{"MI_PRINX":3661970.0,"CARTE":264,"CODE":50,"CODE_LEG":50,"NOTATION":"Fy","DESCR":"Blocs, galets et graviers de calcaires siliceux, de grès, de quartz, de lydiennes, de porphyrites et de débris basaltiques (Terrasses glaciaires Würm)","C_FOND":10,"M_FOND":0,"J_FOND":10,"N_FOND":0,"NOM_SYMB":null,"C_SYMB":-1,"M_SYMB":-1,"J_SYMB":-1,"N_SYMB":-1,"ROT_SYMB":0,"score_potentiel":70,"niveau_potentiel":"Très élevé 🌟","pente_degres":20.5,"type_affleurement":"Affleurement Moyen (Escarpement) 🟠","score_relieffiltered":84.7},"geometry":{"type":"Polygon","coordinates":[[[3.4238,43.7213],[3.424,43.721],[3.4244,43.7204],[3.4249,43.7191],[3.425,43.7184],[3.425,43.7179],[3.4245,43.717],[3.424,43.7163],[3.4238,43.7157],[3.4238,43.715],[3.424,43.7145],[3.4246,43.7141],[3.4246,43.7139],[3.4248,43.7135],[3.4246,43.713],[3.424,43.712],[3.4236,43.7127],[3.4234,43.7132],[3.4234,43.7137],[3.4235,43.7143],[3.4234,43.7147],[3.4232,43.7151],[3.4231,43.7156],[3.423,43.716],[3.423,43.716],[3.423,43.7163],[3.423,43.7163],[3.4228,43.7167],[3.4228,43.7168],[3.4232,43.7173],[3.4234,43.7176],[3.4235,43.718],[3.4236,43.7184],[3.4235,43.7189],[3.4235,43.7191],[3.4236,43.7198],[3.4235,43.7205],[3.4235,43.7206],[3.4237,43.7211],[3.4238,43.7213],[3.4238,43.7213]]]}},{"type":"Feature","properties":{"MI_PRINX":3671302.0,"CARTE":264,"CODE":3316,"CODE_LEG":424,"NOTATION":"h1MF","DESCR":"Calcaires et lydiennes à nodules phosphatés du Pic de Vissou et de la Serre - Nappes des Monts de Faugères (Tournaisien)","C_FOND":20,"M_FOND":40,"J_FOND":70,"N_FOND":0,"NOM_SYMB":null,"C_SYMB":-1,"M_SYMB":-1,"J_SYMB":-1,"N_SYMB":-1,"ROT_SYMB":0,"score_potentiel":70,"niveau_potentiel":"Très élevé 🌟","pente_degres":16.3,"type_affleurement":"Affleurement Moyen (Escarpement) 🟠","score_relieffiltered":78.8},"geometry":{"type":"Polygon","coordinates":[[[3.2374,43.5532],[3.2376,43.5534],[3.238,43.5536],[3.2383,43.5537],[3.2384,43.5537],[3.2385,43.5536],[3.2386,43.5536],[3.2386,43.5534],[3.2385,43.5529],[3.2381,43.5529],[3.2377,43.5528],[3.2373,43.5528],[3.237,43.5528],[3.2373,43.5531],[3.2374,43.5532]]]}},{"type":"Feature","properties":{"MI_PRINX":3671310.0,"CARTE":264,"CODE":3316,"CODE_LEG":424,"NOTATION":"h1MF","DESCR":"Calcaires et lydiennes à nodules phosphatés du Pic de Vissou et de la Serre - Nappes des Monts de Faugères (Tournaisien)","C_FOND":20,"M_FOND":40,"J_FOND":70,"N_FOND":0,"NOM_SYMB":null,"C_SYMB":-1,"M_SYMB":-1,"J_SYMB":-1,"N_SYMB":-1,"ROT_SYMB":0,"score_potentiel":70,"niveau_potentiel":"Très élevé 🌟","pente_degres":18.8,"type_affleurement":"Affleurement Moyen (Escarpement) 🟠","score_relieffiltered":82.3},"geometry":{"type":"Polygon","coordinates":[[[3.2345,43.5536],[3.2355,43.5535],[3.2357,43.5535],[3.2349,43.5532],[3.2341,43.5528],[3.2342,43.553],[3.2342,43.5532],[3.2344,43.5534],[3.2345,43.5536]]]}},{"type":"Feature","properties":{"MI_PRINX":3671315.0,"CARTE":264,"CODE":3316,"CODE_LEG":424,"NOTATION":"h1MF","DESCR":"Calcaires et lydiennes à nodules phosphatés du Pic de Vissou et de la Serre - Nappes des Monts de Faugères (Tournaisien)","C_FOND":20,"M_FOND":40,"J_FOND":70,"N_FOND":0,"NOM_SYMB":null,"C_SYMB":-1,"M_SYMB":-1,"J_SYMB":-1,"N_SYMB":-1,"ROT_SYMB":0,"score_potentiel":70,"niveau_potentiel":"Très élevé 🌟","pente_degres":19.5,"type_affleurement":"Affleurement Moyen (Escarpement) 🟠","score_relieffiltered":83.3},"geometry":{"type":"Polygon","coordinates":[[[3.2324,43.5532],[3.2338,43.5536],[3.2337,43.5533],[3.2336,43.5531],[3.2335,43.5529],[3.2335,43.5527],[3.2335,43.5525],[3.2329,43.5525],[3.2317,43.5527],[3.2319,43.5527],[3.2321,43.5528],[3.2323,43.5528],[3.2324,43.5529],[3.2326,43.5529],[3.2327,43.553],[3.2324,43.5532]]]}},{"type":"Feature","properties":{"MI_PRINX":3671372.0,"CARTE":264,"CODE":50,"CODE_LEG":50,"NOTATION":"Fy","DESCR":"Blocs, galets et graviers de calcaires siliceux, de grès, de quartz, de lydiennes, de porphyrites et de débris basaltiques (Terrasses glaciaires Würm)","C_FOND":10,"M_FOND":0,"J_FOND":10,"N_FOND":0,"NOM_SYMB":null,"C_SYMB":-1,"M_SYMB":-1,"J_SYMB":-1,"N_SYMB":-1,"ROT_SYMB":0,"score_potentiel":70,"niveau_potentiel":"Très élevé 🌟","pente_degres":31.0,"type_affleurement":"Affleurement Fort (Falaise / Ravine) 🔴","score_relieffiltered":99.4},"geometry":{"type":"Polygon","coordinates":[[[3.5438,43.5491],[3.5435,43.549],[3.5426,43.549],[3.5425,43.549],[3.5422,43.549],[3.5418,43.5489],[3.5414,43.5487],[3.5411,43.5485],[3.5409,43.5483],[3.5408,43.5481],[3.5407,43.5478],[3.5405,43.5476],[3.5403,43.5474],[3.54,43.5471],[3.5397,43.5469],[3.5394,43.5468],[3.5392,43.5466],[3.539,43.5463],[3.539,43.546],[3.539,43.5457],[3.5391,43.5455],[3.5392,43.5454],[3.5394,43.5452],[3.5399,43.5447],[3.5402,43.5444],[3.5404,43.5442],[3.5406,43.5439],[3.5406,43.5437],[3.5406,43.5436],[3.5406,43.5436],[3.5405,43.5436],[3.5403,43.5437],[3.54,43.5438],[3.5397,43.5439],[3.5393,43.5439],[3.5389,43.5439],[3.5385,43.5443],[3.5381,43.5445],[3.5373,43.5447],[3.5364,43.5448],[3.5343,43.5455],[3.5335,43.5458],[3.5328,43.5458],[3.5317,43.5457],[3.5318,43.5459],[3.5319,43.5462],[3.5321,43.5463],[3.5322,43.5464],[3.5325,43.5465],[3.5327,43.5466],[3.5329,43.5467],[3.533,43.5468],[3.5331,43.5469],[3.5333,43.547],[3.5337,43.547],[3.5339,43.5471],[3.534,43.5471],[3.5342,43.5473],[3.5343,43.5474],[3.5344,43.5474],[3.5346,43.5475],[3.535,43.5475],[3.5357,43.5474],[3.5364,43.5473],[3.537,43.5472],[3.5373,43.5473],[3.5377,43.5473],[3.538,43.5475],[3.5383,43.5477],[3.5386,43.5478],[3.539,43.5478],[3.5395,43.5478],[3.5396,43.5479],[3.5398,43.548],[3.54,43.5484],[3.5402,43.549],[3.5404,43.5493],[3.5407,43.5495],[3.541,43.5496],[3.5415,43.5497],[3.5421,43.5496],[3.5426,43.5496],[3.543,43.5495],[3.5434,43.5492],[3.5438,43.5491]]]}},{"type":"Feature","properties":{"MI_PRINX":3660459.0,"CARTE":264,"CODE":50,"CODE_LEG":50,"NOTATION":"Fy","DESCR":"Blocs, galets et graviers de calcaires siliceux, de grès, de quartz, de lydiennes, de porphyrites et de débris basaltiques (Terrasses glaciaires Würm)","C_FOND":10,"M_FOND":0,"J_FOND":10,"N_FOND":0,"NOM_SYMB":null,"C_SYMB":-1,"M_SYMB":-1,"J_SYMB":-1,"N_SYMB":-1,"ROT_SYMB":0,"score_potentiel":70,"niveau_potentiel":"Très élevé 🌟","pente_degres":15.4,"type_affleurement":"Affleurement Moyen (Escarpement) 🟠","score_relieffiltered":77.6},"geometry":{"type":"Polygon","coordinates":[[[3.9964,43.7835],[3.9962,43.7838],[3.9963,43.7842],[3.9963,43.7846],[3.9961,43.7855],[3.9955,43.7866],[3.9957,43.7868],[3.9959,43.7869],[3.9962,43.7869],[3.9974,43.7864],[3.9978,43.7861],[3.998,43.7856],[3.9981,43.7852],[3.998,43.7849],[3.9976,43.7844],[3.9966,43.7835],[3.9964,43.7835]]]}},{"type":"Feature","properties":{"MI_PRINX":3669718.0,"CARTE":264,"CODE":3316,"CODE_LEG":424,"NOTATION":"h1MF","DESCR":"Calcaires et lydiennes à nodules phosphatés du Pic de Vissou et de la Serre - Nappes des Monts de Faugères (Tournaisien)","C_FOND":20,"M_FOND":40,"J_FOND":70,"N_FOND":0,"NOM_SYMB":null,"C_SYMB":-1,"M_SYMB":-1,"J_SYMB":-1,"N_SYMB":-1,"ROT_SYMB":0,"score_potentiel":70,"niveau_potentiel":"Très élevé 🌟","pente_degres":17.8,"type_affleurement":"Affleurement Moyen (Escarpement) 🟠","score_relieffiltered":80.9},"geometry":{"type":"Polygon","coordinates":[[[3.2467,43.5759],[3.2472,43.5766],[3.2477,43.5761],[3.2484,43.5759],[3.249,43.5758],[3.2488,43.5754],[3.2481,43.5754],[3.247,43.5757],[3.2467,43.5759]]]}},{"type":"Feature","properties":{"MI_PRINX":3669746.0,"CARTE":264,"CODE":3316,"CODE_LEG":424,"NOTATION":"h1MF","DESCR":"Calcaires et lydiennes à nodules phosphatés du Pic de Vissou et de la Serre - Nappes des Monts de Faugères (Tournaisien)","C_FOND":20,"M_FOND":40,"J_FOND":70,"N_FOND":0,"NOM_SYMB":null,"C_SYMB":-1,"M_SYMB":-1,"J_SYMB":-1,"N_SYMB":-1,"ROT_SYMB":0,"score_potentiel":70,"niveau_potentiel":"Très élevé 🌟","pente_degres":32.6,"type_affleurement":"Affleurement Fort (Falaise / Ravine) 🔴","score_relieffiltered":100.0},"geometry":{"type":"Polygon","coordinates":[[[3.2431,43.5749],[3.2421,43.5738],[3.2416,43.5736],[3.2412,43.5734],[3.2405,43.5734],[3.2396,43.5735],[3.2395,43.5735],[3.2392,43.5733],[3.2391,43.5731],[3.2392,43.573],[3.2395,43.5724],[3.2396,43.5724],[3.2401,43.5718],[3.2403,43.5707],[3.2402,43.5702],[3.2398,43.5697],[3.239,43.5692],[3.238,43.5687],[3.2375,43.5685],[3.2368,43.5681],[3.236,43.568],[3.2348,43.5676],[3.2339,43.5674],[3.2332,43.5673],[3.2333,43.5675],[3.234,43.5679],[3.2357,43.5685],[3.2366,43.5688],[3.2379,43.5693],[3.2387,43.5698],[3.2391,43.5704],[3.2392,43.571],[3.2393,43.5718],[3.2391,43.5724],[3.2386,43.5729],[3.238,43.5733],[3.2379,43.5735],[3.2381,43.5737],[3.2384,43.5739],[3.2395,43.5739],[3.24,43.5742],[3.2411,43.5742],[3.2417,43.5744],[3.2422,43.5751],[3.2428,43.5758],[3.2434,43.5762],[3.244,43.5763],[3.2444,43.5762],[3.2445,43.576],[3.2445,43.5758],[3.244,43.5755],[3.2437,43.5754],[3.2435,43.5755],[3.2433,43.5754],[3.2431,43.5749]]]}},{"type":"Feature","properties":{"MI_PRINX":3669966.0,"CARTE":264,"CODE":50,"CODE_LEG":50,"NOTATION":"Fy","DESCR":"Blocs, galets et graviers de calcaires siliceux, de grès, de quartz, de lydiennes, de porphyrites et de débris basaltiques (Terrasses glaciaires Würm)","C_FOND":10,"M_FOND":0,"J_FOND":10,"N_FOND":0,"NOM_SYMB":null,"C_SYMB":-1,"M_SYMB":-1,"J_SYMB":-1,"N_SYMB":-1,"ROT_SYMB":0,"score_potentiel":70,"niveau_potentiel":"Très élevé 🌟","pente_degres":31.4,"type_affleurement":"Affleurement Fort (Falaise / Ravine) 🔴","score_relieffiltered":100.0},"geometry":{"type":"Polygon","coordinates":[[[3.0235,43.5745],[3.024,43.5735],[3.024,43.5734],[3.0239,43.5729],[3.0236,43.5716],[3.0233,43.5716],[3.0223,43.5714],[3.0208,43.5712],[3.02,43.5712],[3.0198,43.5712],[3.0194,43.5713],[3.0178,43.5715],[3.0176,43.5715],[3.0165,43.5718],[3.0151,43.5722],[3.0151,43.5722],[3.0139,43.573],[3.0135,43.5735],[3.0134,43.5738],[3.0132,43.574],[3.0135,43.5746],[3.0135,43.5752],[3.0135,43.5753],[3.0142,43.5749],[3.0153,43.5737],[3.0156,43.5734],[3.0163,43.5731],[3.0168,43.5729],[3.0174,43.5729],[3.0184,43.5728],[3.0196,43.5731],[3.0205,43.5733],[3.0213,43.5737],[3.022,43.5743],[3.0221,43.5737],[3.0222,43.5731],[3.0222,43.573],[3.022,43.5725],[3.0215,43.5719],[3.0216,43.5719],[3.0223,43.5721],[3.023,43.5726],[3.0232,43.573],[3.0231,43.5737],[3.0229,43.5743],[3.0229,43.5743],[3.0229,43.5744],[3.0235,43.5745]]]}},{"type":"Feature","properties":{"MI_PRINX":3677602.0,"CARTE":264,"CODE":3315,"CODE_LEG":423,"NOTATION":"h1-2M©","DESCR":"Lydiennes à nodules phosphatés, calcaires noduleux et jaspes clairs du vallon Fontaine-de-Santé - Nappes du Minervois (Tournaisien - Viséen inférieur)","C_FOND":50,"M_FOND":75,"J_FOND":100,"N_FOND":0,"NOM_SYMB":null,"C_SYMB":-1,"M_SYMB":-1,"J_SYMB":-1,"N_SYMB":-1,"ROT_SYMB":0,"score_potentiel":70,"niveau_potentiel":"Très élevé 🌟","pente_degres":16.8,"type_affleurement":"Affleurement Moyen (Escarpement) 🟠","score_relieffiltered":79.5},"geometry":{"type":"Polygon","coordinates":[[[2.559,43.3434],[2.5589,43.3437],[2.559,43.344],[2.5592,43.3441],[2.5593,43.3442],[2.5599,43.3442],[2.5597,43.3439],[2.5594,43.3437],[2.559,43.3435],[2.559,43.3434]]]}},{"type":"Feature","properties":{"MI_PRINX":3665822.0,"CARTE":264,"CODE":50,"CODE_LEG":50,"NOTATION":"Fy","DESCR":"Blocs, galets et graviers de calcaires siliceux, de grès, de quartz, de lydiennes, de porphyrites et de débris basaltiques (Terrasses glaciaires Würm)","C_FOND":10,"M_FOND":0,"J_FOND":10,"N_FOND":0,"NOM_SYMB":null,"C_SYMB":-1,"M_SYMB":-1,"J_SYMB":-1,"N_SYMB":-1,"ROT_SYMB":0,"score_potentiel":70,"niveau_potentiel":"Très élevé 🌟","pente_degres":32.4,"type_affleurement":"Affleurement Fort (Falaise / Ravine) 🔴","score_relieffiltered":100.0},"geometry":{"type":"Polygon","coordinates":[[[3.4854,43.6164],[3.4854,43.6164],[3.4858,43.6162],[3.4869,43.6159],[3.4884,43.6156],[3.4895,43.6156],[3.4902,43.6155],[3.4911,43.6154],[3.4914,43.6154],[3.4918,43.6153],[3.4918,43.6153],[3.4919,43.6154],[3.4922,43.6154],[3.4928,43.6155],[3.4929,43.6155],[3.4934,43.6156],[3.4935,43.6156],[3.4937,43.6157],[3.4944,43.6157],[3.4951,43.6155],[3.4957,43.6151],[3.4959,43.6148],[3.4962,43.6143],[3.497,43.6139],[3.4979,43.6134],[3.4988,43.613],[3.4991,43.6127],[3.4992,43.6121],[3.4991,43.6107],[3.4991,43.6103],[3.4989,43.6095],[3.4982,43.6086],[3.4971,43.6075],[3.4964,43.6064],[3.4956,43.6049],[3.4953,43.604],[3.4953,43.6039],[3.4949,43.6028],[3.4944,43.6019],[3.4936,43.601],[3.4927,43.6004],[3.492,43.6002],[3.4907,43.5998],[3.4899,43.5995],[3.4891,43.5988],[3.4881,43.5976],[3.4876,43.5968],[3.4873,43.596],[3.4873,43.5951],[3.4873,43.5948],[3.4876,43.5941],[3.4882,43.5928],[3.4886,43.5918],[3.4887,43.5913],[3.4887,43.5911],[3.4888,43.5902],[3.4888,43.5893],[3.4888,43.5888],[3.4887,43.5886],[3.4887,43.5883],[3.4884,43.5871],[3.4879,43.5863],[3.4874,43.5857],[3.4868,43.5854],[3.4863,43.5853],[3.486,43.5853],[3.4842,43.5853],[3.4834,43.5852],[3.4829,43.5852],[3.4817,43.5852],[3.4802,43.5852],[3.4791,43.585],[3.4784,43.5847],[3.4781,43.5846],[3.4775,43.5839],[3.4774,43.5839],[3.4773,43.5839],[3.477,43.5839],[3.4765,43.5841],[3.476,43.5842],[3.4748,43.5843],[3.4744,43.5844],[3.4738,43.5847],[3.4733,43.5848],[3.4729,43.5848],[3.4726,43.5847],[3.4726,43.5847],[3.473,43.5855],[3.4738,43.5863],[3.4743,43.587],[3.4743,43.5874],[3.4742,43.5877],[3.4738,43.5879],[3.4733,43.5881],[3.4727,43.5883],[3.4726,43.5884],[3.4728,43.5886],[3.4731,43.5886],[3.4742,43.5885],[3.4746,43.5885],[3.4751,43.5888],[3.4754,43.5892],[3.4754,43.5895],[3.4752,43.59],[3.4746,43.5907],[3.4733,43.5916],[3.4724,43.5925],[3.4707,43.5936],[3.4685,43.5952],[3.4677,43.596],[3.4677,43.5961],[3.4678,43.5962],[3.4681,43.5961],[3.4692,43.5955],[3.4696,43.5955],[3.4701,43.5958],[3.4704,43.5957],[3.4705,43.5954],[3.4709,43.5949],[3.4726,43.5938],[3.474,43.5927],[3.4748,43.5917],[3.4756,43.5912],[3.4762,43.5909],[3.4769,43.5909],[3.4775,43.5909],[3.4779,43.5911],[3.4784,43.5915],[3.4787,43.592],[3.4787,43.5924],[3.4786,43.5929],[3.4786,43.593],[3.4784,43.5939],[3.4782,43.5946],[3.4781,43.595],[3.4777,43.5954],[3.4769,43.596],[3.4763,43.5968],[3.4755,43.5974],[3.4747,43.598],[3.4744,43.5985],[3.4744,43.5985],[3.4747,43.5987],[3.4755,43.5982],[3.4766,43.5976],[3.4775,43.5974],[3.4782,43.5971],[3.4788,43.5966],[3.4791,43.596],[3.4792,43.5951],[3.4794,43.5945],[3.4797,43.594],[3.48,43.5937],[3.4806,43.5934],[3.4809,43.5934],[3.481,43.5934],[3.4815,43.5937],[3.4825,43.5947],[3.4838,43.5957],[3.4847,43.5965],[3.4854,43.5978],[3.4855,43.5984],[3.4853,43.5987],[3.4847,43.5989],[3.4845,43.5992],[3.4845,43.5993],[3.4845,43.5996],[3.4844,43.6001],[3.4837,43.6008],[3.4822,43.6017],[3.4816,43.6023],[3.4809,43.6029],[3.48,43.6035],[3.4797,43.604],[3.4796,43.6047],[3.4791,43.6054],[3.4786,43.6062],[3.4786,43.6065],[3.4789,43.6067],[3.4791,43.6067],[3.4794,43.6064],[3.4794,43.6058],[3.4796,43.6056],[3.4802,43.6054],[3.4803,43.605],[3.4805,43.6044],[3.4808,43.6038],[3.482,43.6028],[3.4826,43.602],[3.483,43.6017],[3.4841,43.6012],[3.4846,43.601],[3.4854,43.6002],[3.4858,43.5998],[3.4861,43.5999],[3.4866,43.6003],[3.4867,43.6005],[3.4863,43.6013],[3.4856,43.602],[3.484,43.6031],[3.4835,43.6038],[3.4833,43.6042],[3.4829,43.6053],[3.4826,43.6064],[3.4823,43.607],[3.4818,43.6077],[3.481,43.6086],[3.4802,43.6091],[3.4794,43.6095],[3.479,43.6098],[3.4789,43.6102],[3.4789,43.6104],[3.4786,43.6109],[3.4779,43.6116],[3.4772,43.6127],[3.4766,43.6131],[3.4758,43.6135],[3.4757,43.6137],[3.4757,43.6137],[3.476,43.614],[3.476,43.6141],[3.4762,43.6143],[3.4766,43.6143],[3.4767,43.6143],[3.4775,43.6137],[3.4779,43.6131],[3.4786,43.6126],[3.479,43.6122],[3.4795,43.6111],[3.4796,43.6105],[3.4797,43.61],[3.4804,43.6095],[3.4814,43.609],[3.4816,43.6091],[3.4817,43.6094],[3.4816,43.61],[3.4811,43.6109],[3.4809,43.6114],[3.4806,43.6121],[3.4799,43.6131],[3.4798,43.6135],[3.4798,43.6141],[3.4799,43.6145],[3.4803,43.615],[3.4806,43.6153],[3.4807,43.6152],[3.4807,43.6143],[3.4808,43.6138],[3.4815,43.6131],[3.4818,43.6123],[3.4818,43.6122],[3.4821,43.6109],[3.4826,43.6105],[3.4829,43.6106],[3.483,43.611],[3.4834,43.6117],[3.4834,43.6119],[3.4836,43.6123],[3.4839,43.6129],[3.4847,43.6135],[3.4853,43.6143],[3.4856,43.615],[3.4856,43.6158],[3.4855,43.6161],[3.4854,43.6164]]]}},{"type":"Feature","properties":{"MI_PRINX":3676317.0,"CARTE":264,"CODE":1015,"CODE_LEG":207,"NOTATION":"c6SCm","DESCR":"Formations gréso-limoneuses de Cruzy (Maastrichtien)","C_FOND":10,"M_FOND":0,"J_FOND":50,"N_FOND":0,"NOM_SYMB":"S01_002","C_SYMB":100,"M_SYMB":100,"J_SYMB":0,"N_SYMB":0,"ROT_SYMB":0,"score_potentiel":55,"niveau_potentiel":"Élevé 🟢","pente_degres":32.4,"type_affleurement":"Affleurement Fort (Falaise / Ravine) 🔴","score_relieffiltered":79.6},"geometry":{"type":"Polygon","coordinates":[[[2.9241,43.3971],[2.9239,43.397],[2.9237,43.3968],[2.9234,43.3966],[2.9232,43.3965],[2.923,43.3964],[2.9228,43.3963],[2.9226,43.3962],[2.9224,43.3961],[2.9222,43.3959],[2.9221,43.3957],[2.922,43.3955],[2.9219,43.3952],[2.9218,43.395],[2.9217,43.3948],[2.9216,43.3947],[2.9214,43.3945],[2.9212,43.3944],[2.9209,43.3942],[2.9207,43.394],[2.9204,43.3938],[2.9202,43.3935],[2.9201,43.3933],[2.9199,43.393],[2.9198,43.3927],[2.9197,43.3925],[2.9197,43.3928],[2.9197,43.3932],[2.9197,43.3936],[2.9198,43.394],[2.92,43.3943],[2.9202,43.3945],[2.9205,43.3947],[2.9206,43.3947],[2.9207,43.3948],[2.9208,43.3948],[2.9211,43.3948],[2.9214,43.3948],[2.9215,43.3952],[2.9215,43.3956],[2.9216,43.3958],[2.9218,43.396],[2.9221,43.3962],[2.9226,43.3964],[2.923,43.3966],[2.9233,43.3968],[2.9235,43.397],[2.9238,43.3972],[2.924,43.3974],[2.9242,43.3976],[2.9243,43.3978],[2.9245,43.3979],[2.9248,43.3981],[2.925,43.3982],[2.9247,43.3978],[2.9245,43.3975],[2.9242,43.3972],[2.9241,43.3971]]]}},{"type":"Feature","properties":{"MI_PRINX":3676425.0,"CARTE":264,"CODE":1015,"CODE_LEG":207,"NOTATION":"c6SCm","DESCR":"Formations gréso-limoneuses de Cruzy (Maastrichtien)","C_FOND":10,"M_FOND":0,"J_FOND":50,"N_FOND":0,"NOM_SYMB":"S01_002","C_SYMB":100,"M_SYMB":100,"J_SYMB":0,"N_SYMB":0,"ROT_SYMB":0,"score_potentiel":55,"niveau_potentiel":"Élevé 🟢","pente_degres":31.8,"type_affleurement":"Affleurement Fort (Falaise / Ravine) 🔴","score_relieffiltered":79.0},"geometry":{"type":"Polygon","coordinates":[[[2.9141,43.3885],[2.9141,43.3887],[2.9142,43.3888],[2.9146,43.3891],[2.915,43.3895],[2.9153,43.3897],[2.9156,43.3898],[2.9158,43.3898],[2.9161,43.3899],[2.9164,43.3899],[2.9167,43.3901],[2.917,43.3903],[2.9172,43.3906],[2.9173,43.3908],[2.9174,43.3911],[2.9176,43.3913],[2.9177,43.3914],[2.9179,43.3915],[2.9181,43.3917],[2.9185,43.3918],[2.9189,43.3919],[2.9193,43.3921],[2.9197,43.3925],[2.9197,43.3924],[2.9196,43.3921],[2.9194,43.3919],[2.9192,43.3917],[2.919,43.3915],[2.9187,43.3914],[2.9184,43.3913],[2.9182,43.3911],[2.9179,43.391],[2.9177,43.3908],[2.9175,43.3906],[2.9174,43.3903],[2.9173,43.39],[2.9172,43.3898],[2.9171,43.3896],[2.9169,43.3895],[2.9166,43.3894],[2.9162,43.3893],[2.9158,43.3892],[2.9155,43.3892],[2.9152,43.3891],[2.9151,43.389],[2.9148,43.3889],[2.9145,43.3887],[2.9141,43.3885]]]}},{"type":"Feature","properties":{"MI_PRINX":3665817.0,"CARTE":264,"CODE":50,"CODE_LEG":50,"NOTATION":"Fy","DESCR":"Blocs, galets et graviers de calcaires siliceux, de grès, de quartz, de lydiennes, de porphyrites et de débris basaltiques (Terrasses glaciaires Würm)","C_FOND":10,"M_FOND":0,"J_FOND":10,"N_FOND":0,"NOM_SYMB":null,"C_SYMB":-1,"M_SYMB":-1,"J_SYMB":-1,"N_SYMB":-1,"ROT_SYMB":0,"score_potentiel":70,"niveau_potentiel":"Très élevé 🌟","pente_degres":19.9,"type_affleurement":"Affleurement Moyen (Escarpement) 🟠","score_relieffiltered":83.9},"geometry":{"type":"Polygon","coordinates":[[[2.7108,43.6218],[2.7114,43.6219],[2.712,43.6218],[2.7124,43.6214],[2.7127,43.6213],[2.7136,43.6213],[2.714,43.6211],[2.7142,43.621],[2.7145,43.6207],[2.7148,43.6204],[2.7153,43.6202],[2.7157,43.6202],[2.716,43.6203],[2.7164,43.6205],[2.7167,43.6207],[2.7168,43.6211],[2.7171,43.6211],[2.7171,43.6202],[2.717,43.6198],[2.7169,43.6196],[2.7165,43.6194],[2.7162,43.6193],[2.7158,43.6193],[2.7151,43.6195],[2.7144,43.6196],[2.7138,43.6195],[2.7134,43.6195],[2.7131,43.6196],[2.7129,43.6198],[2.7128,43.6203],[2.7126,43.6204],[2.7123,43.6204],[2.7116,43.6202],[2.7113,43.6202],[2.711,43.6204],[2.711,43.6208],[2.711,43.6212],[2.7109,43.6214],[2.7108,43.6218]]]}},{"type":"Feature","properties":{"MI_PRINX":3665855.0,"CARTE":264,"CODE":50,"CODE_LEG":50,"NOTATION":"Fy","DESCR":"Blocs, galets et graviers de calcaires siliceux, de grès, de quartz, de lydiennes, de porphyrites et de débris basaltiques (Terrasses glaciaires Würm)","C_FOND":10,"M_FOND":0,"J_FOND":10,"N_FOND":0,"NOM_SYMB":null,"C_SYMB":-1,"M_SYMB":-1,"J_SYMB":-1,"N_SYMB":-1,"ROT_SYMB":0,"score_potentiel":70,"niveau_potentiel":"Très élevé 🌟","pente_degres":18.7,"type_affleurement":"Affleurement Moyen (Escarpement) 🟠","score_relieffiltered":82.2},"geometry":{"type":"Polygon","coordinates":[[[3.0768,43.6196],[3.0771,43.6195],[3.0779,43.6194],[3.0783,43.6193],[3.0793,43.6192],[3.0794,43.6193],[3.0797,43.6191],[3.0805,43.6187],[3.0818,43.6174],[3.0843,43.6156],[3.0852,43.6148],[3.0858,43.614],[3.0858,43.6139],[3.0857,43.6139],[3.085,43.6138],[3.0846,43.6137],[3.0845,43.6135],[3.0844,43.6134],[3.0834,43.6134],[3.0829,43.6135],[3.0825,43.6138],[3.0824,43.6142],[3.0824,43.6146],[3.0825,43.615],[3.0825,43.6151],[3.0822,43.6155],[3.0818,43.6157],[3.0816,43.6157],[3.081,43.6154],[3.0801,43.6148],[3.0798,43.6148],[3.0795,43.6148],[3.079,43.6152],[3.0786,43.616],[3.0784,43.6167],[3.0781,43.6171],[3.0775,43.6174],[3.0772,43.6176],[3.077,43.6179],[3.077,43.6184],[3.0771,43.6187],[3.0771,43.6189],[3.077,43.6192],[3.077,43.6193],[3.0769,43.6193],[3.0768,43.6196]]]}},{"type":"Feature","properties":{"MI_PRINX":3666177.0,"CARTE":264,"CODE":50,"CODE_LEG":50,"NOTATION":"Fy","DESCR":"Blocs, galets et graviers de calcaires siliceux, de grès, de quartz, de lydiennes, de porphyrites et de débris basaltiques (Terrasses glaciaires Würm)","C_FOND":10,"M_FOND":0,"J_FOND":10,"N_FOND":0,"NOM_SYMB":null,"C_SYMB":-1,"M_SYMB":-1,"J_SYMB":-1,"N_SYMB":-1,"ROT_SYMB":0,"score_potentiel":70,"niveau_potentiel":"Très élevé 🌟","pente_degres":16.0,"type_affleurement":"Affleurement Moyen (Escarpement) 🟠","score_relieffiltered":78.4},"geometry":{"type":"Polygon","coordinates":[[[2.8638,43.6138],[2.8629,43.6141],[2.8627,43.6143],[2.8626,43.6145],[2.8625,43.6147],[2.8625,43.6159],[2.8626,43.6162],[2.8629,43.6164],[2.8632,43.6163],[2.8639,43.6159],[2.8643,43.6158],[2.8651,43.6156],[2.8647,43.6153],[2.8642,43.615],[2.864,43.6148],[2.8639,43.6146],[2.8639,43.6139],[2.8638,43.6138]]]}},{"type":"Feature","properties":{"MI_PRINX":3666178.0,"CARTE":264,"CODE":50,"CODE_LEG":50,"NOTATION":"Fy","DESCR":"Blocs, galets et graviers de calcaires siliceux, de grès, de quartz, de lydiennes, de porphyrites et de débris basaltiques (Terrasses glaciaires Würm)","C_FOND":10,"M_FOND":0,"J_FOND":10,"N_FOND":0,"NOM_SYMB":null,"C_SYMB":-1,"M_SYMB":-1,"J_SYMB":-1,"N_SYMB":-1,"ROT_SYMB":0,"score_potentiel":70,"niveau_potentiel":"Très élevé 🌟","pente_degres":19.6,"type_affleurement":"Affleurement Moyen (Escarpement) 🟠","score_relieffiltered":83.4},"geometry":{"type":"Polygon","coordinates":[[[3.0738,43.615],[3.0739,43.6151],[3.0741,43.6149],[3.0742,43.6145],[3.0743,43.614],[3.0747,43.6136],[3.0753,43.6132],[3.0756,43.6126],[3.076,43.6119],[3.0768,43.611],[3.0769,43.6107],[3.077,43.6104],[3.0773,43.6103],[3.0776,43.6101],[3.0778,43.6093],[3.0781,43.6085],[3.0781,43.6082],[3.078,43.6081],[3.0774,43.6085],[3.0769,43.6087],[3.0763,43.6091],[3.0758,43.6099],[3.0747,43.6108],[3.0744,43.6114],[3.0742,43.6121],[3.0742,43.6125],[3.0742,43.6129],[3.0739,43.6137],[3.0739,43.6145],[3.0738,43.615]]]}},{"type":"Feature","properties":{"MI_PRINX":3666180.0,"CARTE":264,"CODE":50,"CODE_LEG":50,"NOTATION":"Fy","DESCR":"Blocs, galets et graviers de calcaires siliceux, de grès, de quartz, de lydiennes, de porphyrites et de débris basaltiques (Terrasses glaciaires Würm)","C_FOND":10,"M_FOND":0,"J_FOND":10,"N_FOND":0,"NOM_SYMB":null,"C_SYMB":-1,"M_SYMB":-1,"J_SYMB":-1,"N_SYMB":-1,"ROT_SYMB":0,"score_potentiel":70,"niveau_potentiel":"Très élevé 🌟","pente_degres":18.6,"type_affleurement":"Affleurement Moyen (Escarpement) 🟠","score_relieffiltered":82.0},"geometry":{"type":"Polygon","coordinates":[[[2.9915,43.6156],[2.9929,43.6151],[2.9933,43.6149],[2.9927,43.6148],[2.9922,43.6149],[2.992,43.6149],[2.9914,43.615],[2.9909,43.6153],[2.9912,43.6155],[2.9913,43.6156],[2.9914,43.6156],[2.9915,43.6156]]]}},{"type":"Feature","properties":{"MI_PRINX":3676687.0,"CARTE":264,"CODE":1014,"CODE_LEG":206,"NOTATION":"c6SC","DESCR":"Formations calcaires de Cruzy (Maastrichtien)","C_FOND":10,"M_FOND":0,"J_FOND":50,"N_FOND":0,"NOM_SYMB":"S01_002","C_SYMB":100,"M_SYMB":100,"J_SYMB":0,"N_SYMB":0,"ROT_SYMB":90,"score_potentiel":85,"niveau_potentiel":"Très élevé 🌟","pente_degres":32.5,"type_affleurement":"Affleurement Fort (Falaise / Ravine) 🔴","score_relieffiltered":100.0},"geometry":{"type":"Polygon","coordinates":[[[2.8995,43.3745],[2.8992,43.3743],[2.8989,43.3741],[2.8991,43.3744],[2.8992,43.3747],[2.8994,43.375],[2.8996,43.3753],[2.8998,43.3756],[2.9001,43.3759],[2.9004,43.3761],[2.9007,43.3763],[2.9011,43.3766],[2.9016,43.377],[2.9024,43.3776],[2.9032,43.3781],[2.9039,43.3786],[2.9042,43.3789],[2.9044,43.3791],[2.9046,43.3794],[2.9049,43.3797],[2.9052,43.38],[2.9053,43.3802],[2.9055,43.3803],[2.9057,43.3804],[2.906,43.3804],[2.9063,43.3805],[2.9061,43.3803],[2.906,43.38],[2.9057,43.3797],[2.9054,43.3794],[2.9053,43.3793],[2.9052,43.3792],[2.905,43.3791],[2.9048,43.379],[2.9045,43.3788],[2.9043,43.3787],[2.9041,43.3785],[2.9039,43.3782],[2.9037,43.378],[2.9035,43.3777],[2.9032,43.3775],[2.9029,43.3772],[2.9026,43.377],[2.9023,43.3768],[2.9021,43.3767],[2.9018,43.3765],[2.9016,43.3764],[2.9013,43.3762],[2.9009,43.3759],[2.9005,43.3758],[2.9002,43.3756],[2.9001,43.3755],[2.8999,43.3753],[2.8998,43.3751],[2.8996,43.3748],[2.8995,43.3745]]]}},{"type":"Feature","properties":{"MI_PRINX":3666311.0,"CARTE":264,"CODE":50,"CODE_LEG":50,"NOTATION":"Fy","DESCR":"Blocs, galets et graviers de calcaires siliceux, de grès, de quartz, de lydiennes, de porphyrites et de débris basaltiques (Terrasses glaciaires Würm)","C_FOND":10,"M_FOND":0,"J_FOND":10,"N_FOND":0,"NOM_SYMB":null,"C_SYMB":-1,"M_SYMB":-1,"J_SYMB":-1,"N_SYMB":-1,"ROT_SYMB":0,"score_potentiel":70,"niveau_potentiel":"Très élevé 🌟","pente_degres":17.8,"type_affleurement":"Affleurement Moyen (Escarpement) 🟠","score_relieffiltered":80.9},"geometry":{"type":"Polygon","coordinates":[[[3.157,43.6128],[3.157,43.6128],[3.1569,43.6126],[3.1569,43.6122],[3.1572,43.6111],[3.1572,43.611],[3.1575,43.61],[3.1576,43.6096],[3.1576,43.6094],[3.1577,43.6087],[3.1576,43.6084],[3.1576,43.6079],[3.1574,43.6074],[3.1574,43.6072],[3.1573,43.6071],[3.1573,43.6071],[3.1566,43.6062],[3.1555,43.6053],[3.1541,43.6045],[3.1541,43.6047],[3.1542,43.6053],[3.1543,43.606],[3.1543,43.6067],[3.1543,43.6075],[3.1546,43.6083],[3.1553,43.6094],[3.1557,43.6102],[3.1561,43.6114],[3.1564,43.6122],[3.1569,43.6128],[3.157,43.6128]]]}},{"type":"Feature","properties":{"MI_PRINX":3666337.0,"CARTE":264,"CODE":50,"CODE_LEG":50,"NOTATION":"Fy","DESCR":"Blocs, galets et graviers de calcaires siliceux, de grès, de quartz, de lydiennes, de porphyrites et de débris basaltiques (Terrasses glaciaires Würm)","C_FOND":10,"M_FOND":0,"J_FOND":10,"N_FOND":0,"NOM_SYMB":null,"C_SYMB":-1,"M_SYMB":-1,"J_SYMB":-1,"N_SYMB":-1,"ROT_SYMB":0,"score_potentiel":70,"niveau_potentiel":"Très élevé 🌟","pente_degres":17.5,"type_affleurement":"Affleurement Moyen (Escarpement) 🟠","score_relieffiltered":80.5},"geometry":{"type":"Polygon","coordinates":[[[3.1635,43.6096],[3.1624,43.6105],[3.1616,43.6112],[3.1611,43.6125],[3.1613,43.6126],[3.162,43.6123],[3.1628,43.6117],[3.1635,43.6107],[3.1636,43.61],[3.1637,43.6098],[3.1637,43.6097],[3.1635,43.6096]]]}},{"type":"Feature","properties":{"MI_PRINX":3676656.0,"CARTE":264,"CODE":1014,"CODE_LEG":206,"NOTATION":"c6SC","DESCR":"Formations calcaires de Cruzy (Maastrichtien)","C_FOND":10,"M_FOND":0,"J_FOND":50,"N_FOND":0,"NOM_SYMB":"S01_002","C_SYMB":100,"M_SYMB":100,"J_SYMB":0,"N_SYMB":0,"ROT_SYMB":90,"score_potentiel":85,"niveau_potentiel":"Très élevé 🌟","pente_degres":31.9,"type_affleurement":"Affleurement Fort (Falaise / Ravine) 🔴","score_relieffiltered":100.0},"geometry":{"type":"Polygon","coordinates":[[[3.0337,43.3812],[3.0343,43.3812],[3.0341,43.3811],[3.0336,43.3808],[3.0331,43.3805],[3.0324,43.3801],[3.0324,43.38],[3.032,43.3798],[3.0316,43.3796],[3.0314,43.3795],[3.0312,43.3794],[3.0309,43.3792],[3.0306,43.3791],[3.0301,43.3789],[3.0296,43.3788],[3.0291,43.3786],[3.0285,43.3785],[3.028,43.3783],[3.0275,43.3782],[3.0272,43.378],[3.0268,43.3779],[3.0264,43.3778],[3.0261,43.3778],[3.0257,43.3777],[3.0252,43.3776],[3.0247,43.3775],[3.0243,43.3775],[3.024,43.3776],[3.0239,43.3777],[3.0238,43.3778],[3.0236,43.3778],[3.0232,43.3777],[3.0227,43.3776],[3.0222,43.3775],[3.0219,43.3774],[3.0221,43.3775],[3.0222,43.3777],[3.0223,43.3778],[3.0224,43.3779],[3.0228,43.378],[3.0233,43.3781],[3.0238,43.3781],[3.0243,43.3782],[3.0247,43.3782],[3.0251,43.3783],[3.0255,43.3783],[3.0258,43.3784],[3.0262,43.3785],[3.0266,43.3787],[3.0269,43.3789],[3.0272,43.3791],[3.0275,43.3793],[3.0277,43.3795],[3.0278,43.3797],[3.0279,43.3798],[3.0279,43.3799],[3.028,43.38],[3.0281,43.3801],[3.0283,43.3803],[3.0286,43.3804],[3.029,43.3804],[3.0295,43.3804],[3.0299,43.3803],[3.0302,43.3803],[3.0307,43.3802],[3.0313,43.3802],[3.0316,43.3803],[3.0319,43.3803],[3.0321,43.3803],[3.0323,43.3804],[3.0325,43.3805],[3.0329,43.3807],[3.0332,43.3809],[3.0335,43.381],[3.0337,43.3811],[3.0337,43.3812]]]}},{"type":"Feature","properties":{"MI_PRINX":3676659.0,"CARTE":264,"CODE":1014,"CODE_LEG":206,"NOTATION":"c6SC","DESCR":"Formations calcaires de Cruzy (Maastrichtien)","C_FOND":10,"M_FOND":0,"J_FOND":50,"N_FOND":0,"NOM_SYMB":"S01_002","C_SYMB":100,"M_SYMB":100,"J_SYMB":0,"N_SYMB":0,"ROT_SYMB":90,"score_potentiel":85,"niveau_potentiel":"Très élevé 🌟","pente_degres":19.6,"type_affleurement":"Affleurement Moyen (Escarpement) 🟠","score_relieffiltered":100.0},"geometry":{"type":"Polygon","coordinates":[[[3.0315,43.3808],[3.0318,43.381],[3.0322,43.3811],[3.0325,43.3812],[3.033,43.3812],[3.0333,43.3812],[3.033,43.381],[3.0325,43.3808],[3.0321,43.3807],[3.0318,43.3805],[3.0315,43.3808]]]}},{"type":"Feature","properties":{"MI_PRINX":3666290.0,"CARTE":264,"CODE":50,"CODE_LEG":50,"NOTATION":"Fy","DESCR":"Blocs, galets et graviers de calcaires siliceux, de grès, de quartz, de lydiennes, de porphyrites et de débris basaltiques (Terrasses glaciaires Würm)","C_FOND":10,"M_FOND":0,"J_FOND":10,"N_FOND":0,"NOM_SYMB":null,"C_SYMB":-1,"M_SYMB":-1,"J_SYMB":-1,"N_SYMB":-1,"ROT_SYMB":0,"score_potentiel":70,"niveau_potentiel":"Très élevé 🌟","pente_degres":19.3,"type_affleurement":"Affleurement Moyen (Escarpement) 🟠","score_relieffiltered":83.0},"geometry":{"type":"Polygon","coordinates":[[[2.8607,43.6144],[2.8607,43.6147],[2.8609,43.6148],[2.8613,43.615],[2.8615,43.6149],[2.8617,43.6148],[2.8617,43.6147],[2.8617,43.6146],[2.8618,43.6146],[2.8619,43.6145],[2.862,43.6144],[2.8621,43.6144],[2.8622,43.6141],[2.8622,43.6136],[2.8623,43.6134],[2.8625,43.6133],[2.8628,43.6132],[2.8635,43.6132],[2.8642,43.613],[2.8648,43.6127],[2.865,43.6126],[2.8651,43.6125],[2.8652,43.6124],[2.8653,43.6123],[2.8654,43.6122],[2.8654,43.6122],[2.8654,43.612],[2.8657,43.6114],[2.8657,43.6109],[2.8655,43.6106],[2.8652,43.6109],[2.8651,43.6111],[2.8649,43.6114],[2.8645,43.6117],[2.864,43.6119],[2.8632,43.6121],[2.8625,43.6122],[2.8622,43.6121],[2.8617,43.6121],[2.8615,43.6122],[2.861,43.6123],[2.8609,43.6124],[2.8609,43.6126],[2.8609,43.6127],[2.861,43.6129],[2.861,43.6136],[2.8607,43.6144]]]}},{"type":"Feature","properties":{"MI_PRINX":3666450.0,"CARTE":264,"CODE":3312,"CODE_LEG":420,"NOTATION":"h2EC©","DESCR":"Calcaires noduleux et lydiennes vertes du Pic de Vissou - Ecailles de Cabrières (Viséen)","C_FOND":60,"M_FOND":40,"J_FOND":70,"N_FOND":0,"NOM_SYMB":null,"C_SYMB":-1,"M_SYMB":-1,"J_SYMB":-1,"N_SYMB":-1,"ROT_SYMB":0,"score_potentiel":70,"niveau_potentiel":"Très élevé 🌟","pente_degres":18.8,"type_affleurement":"Affleurement Moyen (Escarpement) 🟠","score_relieffiltered":82.3},"geometry":{"type":"Polygon","coordinates":[[[3.3469,43.6096],[3.3477,43.6086],[3.3473,43.6087],[3.3465,43.6091],[3.3458,43.6095],[3.3461,43.6096],[3.3466,43.6096],[3.3469,43.6096]]]}},{"type":"Feature","properties":{"MI_PRINX":3677063.0,"CARTE":264,"CODE":1014,"CODE_LEG":206,"NOTATION":"c6SC","DESCR":"Formations calcaires de Cruzy (Maastrichtien)","C_FOND":10,"M_FOND":0,"J_FOND":50,"N_FOND":0,"NOM_SYMB":"S01_002","C_SYMB":100,"M_SYMB":100,"J_SYMB":0,"N_SYMB":0,"ROT_SYMB":90,"score_potentiel":85,"niveau_potentiel":"Très élevé 🌟","pente_degres":14.1,"type_affleurement":"Affleurement Moyen (Escarpement) 🟠","score_relieffiltered":92.0},"geometry":{"type":"Polygon","coordinates":[[[2.938,43.3652],[2.9379,43.3653],[2.9378,43.3654],[2.9378,43.3654],[2.9379,43.3655],[2.9381,43.3655],[2.9383,43.3655],[2.9383,43.3654],[2.9383,43.3653],[2.9382,43.3652],[2.938,43.3652]]]}},{"type":"Feature","properties":{"MI_PRINX":3677057.0,"CARTE":264,"CODE":1014,"CODE_LEG":206,"NOTATION":"c6SC","DESCR":"Formations calcaires de Cruzy (Maastrichtien)","C_FOND":10,"M_FOND":0,"J_FOND":50,"N_FOND":0,"NOM_SYMB":"S01_002","C_SYMB":100,"M_SYMB":100,"J_SYMB":0,"N_SYMB":0,"ROT_SYMB":90,"score_potentiel":85,"niveau_potentiel":"Très élevé 🌟","pente_degres":20.0,"type_affleurement":"Affleurement Moyen (Escarpement) 🟠","score_relieffiltered":100.0},"geometry":{"type":"Polygon","coordinates":[[[2.9321,43.3658],[2.9321,43.3654],[2.9325,43.365],[2.9324,43.3648],[2.9323,43.3646],[2.9324,43.3642],[2.9324,43.364],[2.9324,43.3638],[2.9325,43.3634],[2.9323,43.3632],[2.9322,43.3631],[2.9319,43.3629],[2.9316,43.3628],[2.9315,43.3626],[2.9315,43.3624],[2.9319,43.3621],[2.9324,43.3617],[2.9327,43.3615],[2.9329,43.3614],[2.933,43.3612],[2.9328,43.3609],[2.9325,43.3605],[2.9323,43.3603],[2.9318,43.3601],[2.9316,43.3599],[2.9316,43.3598],[2.9317,43.3596],[2.932,43.3595],[2.9321,43.3593],[2.9321,43.3592],[2.932,43.3591],[2.9318,43.3589],[2.9314,43.3587],[2.9311,43.3584],[2.9309,43.3583],[2.9308,43.358],[2.9305,43.358],[2.9303,43.3579],[2.9301,43.3577],[2.93,43.3579],[2.93,43.3582],[2.93,43.3586],[2.9301,43.3588],[2.9302,43.359],[2.9303,43.3591],[2.9304,43.3592],[2.9304,43.3594],[2.9304,43.3596],[2.9303,43.3599],[2.9303,43.3601],[2.9302,43.3603],[2.9302,43.3606],[2.9304,43.3609],[2.9304,43.3611],[2.9305,43.3613],[2.9306,43.3618],[2.9307,43.3624],[2.9307,43.3627],[2.9308,43.3632],[2.9308,43.3635],[2.9309,43.3638],[2.9312,43.3641],[2.9314,43.3644],[2.9314,43.3646],[2.9314,43.3648],[2.9313,43.3651],[2.9312,43.3652],[2.9311,43.3654],[2.9312,43.3655],[2.9315,43.3657],[2.9317,43.3658],[2.9319,43.3658],[2.9321,43.3658]]]}},{"type":"Feature","properties":{"MI_PRINX":3677067.0,"CARTE":264,"CODE":1015,"CODE_LEG":207,"NOTATION":"c6SCm","DESCR":"Formations gréso-limoneuses de Cruzy (Maastrichtien)","C_FOND":10,"M_FOND":0,"J_FOND":50,"N_FOND":0,"NOM_SYMB":"S01_002","C_SYMB":100,"M_SYMB":100,"J_SYMB":0,"N_SYMB":0,"ROT_SYMB":0,"score_potentiel":55,"niveau_potentiel":"Élevé 🟢","pente_degres":32.9,"type_affleurement":"Affleurement Fort (Falaise / Ravine) 🔴","score_relieffiltered":80.2},"geometry":{"type":"Polygon","coordinates":[[[2.9311,43.3654],[2.9312,43.3652],[2.9313,43.3651],[2.9314,43.3648],[2.9314,43.3646],[2.9314,43.3644],[2.9312,43.3641],[2.9309,43.3638],[2.9308,43.3635],[2.9308,43.3632],[2.9307,43.3627],[2.9307,43.3624],[2.9306,43.3618],[2.9305,43.3613],[2.9304,43.3611],[2.9304,43.3609],[2.9302,43.3606],[2.9302,43.3603],[2.9303,43.3601],[2.9303,43.3599],[2.9304,43.3596],[2.9304,43.3594],[2.9304,43.3592],[2.9303,43.3591],[2.9302,43.359],[2.9301,43.3588],[2.93,43.3586],[2.93,43.3582],[2.93,43.3579],[2.9301,43.3577],[2.9299,43.3576],[2.9298,43.3574],[2.9298,43.3572],[2.9298,43.3571],[2.9299,43.3566],[2.9303,43.3559],[2.9298,43.356],[2.9297,43.3563],[2.9296,43.3567],[2.9296,43.357],[2.9295,43.3572],[2.9295,43.3575],[2.9295,43.3576],[2.9295,43.3578],[2.9296,43.358],[2.9297,43.3583],[2.9298,43.3586],[2.9298,43.3588],[2.9297,43.359],[2.9297,43.3591],[2.9296,43.3592],[2.9296,43.3593],[2.9296,43.3595],[2.9296,43.3598],[2.9296,43.3604],[2.9296,43.361],[2.9295,43.3616],[2.9295,43.362],[2.9295,43.3622],[2.9295,43.3624],[2.9295,43.3626],[2.9295,43.3629],[2.9296,43.363],[2.9297,43.3625],[2.9298,43.3621],[2.9298,43.3617],[2.9298,43.3615],[2.9299,43.3614],[2.9299,43.3613],[2.93,43.3613],[2.9301,43.3613],[2.9302,43.3615],[2.9302,43.3617],[2.9302,43.3621],[2.9303,43.3625],[2.9304,43.3628],[2.9305,43.3631],[2.9304,43.3634],[2.9305,43.3637],[2.9308,43.3641],[2.931,43.3644],[2.9311,43.3646],[2.9311,43.3647],[2.931,43.3647],[2.9309,43.3647],[2.9308,43.3646],[2.9302,43.3643],[2.9304,43.3646],[2.9307,43.365],[2.931,43.3653],[2.9311,43.3654]]]}},{"type":"Feature","properties":{"MI_PRINX":3677068.0,"CARTE":264,"CODE":1014,"CODE_LEG":206,"NOTATION":"c6SC","DESCR":"Formations calcaires de Cruzy (Maastrichtien)","C_FOND":10,"M_FOND":0,"J_FOND":50,"N_FOND":0,"NOM_SYMB":"S01_002","C_SYMB":100,"M_SYMB":100,"J_SYMB":0,"N_SYMB":0,"ROT_SYMB":90,"score_potentiel":85,"niveau_potentiel":"Très élevé 🌟","pente_degres":14.3,"type_affleurement":"Affleurement Moyen (Escarpement) 🟠","score_relieffiltered":92.3},"geometry":{"type":"Polygon","coordinates":[[[2.9396,43.3653],[2.9396,43.3652],[2.9396,43.3651],[2.9396,43.365],[2.9395,43.3648],[2.9395,43.3647],[2.9394,43.3645],[2.9392,43.3643],[2.9392,43.3642],[2.9391,43.3641],[2.939,43.364],[2.9389,43.3639],[2.9388,43.3639],[2.9387,43.3639],[2.9386,43.364],[2.9385,43.3641],[2.9384,43.3642],[2.9384,43.3643],[2.9385,43.3645],[2.9385,43.3646],[2.9386,43.3648],[2.9387,43.3649],[2.9387,43.365],[2.9388,43.3651],[2.939,43.3652],[2.9392,43.3653],[2.9394,43.3653],[2.9395,43.3653],[2.9396,43.3653]]]}},{"type":"Feature","properties":{"MI_PRINX":3666813.0,"CARTE":264,"CODE":3312,"CODE_LEG":420,"NOTATION":"h2EC©","DESCR":"Calcaires noduleux et lydiennes vertes du Pic de Vissou - Ecailles de Cabrières (Viséen)","C_FOND":60,"M_FOND":40,"J_FOND":70,"N_FOND":0,"NOM_SYMB":null,"C_SYMB":-1,"M_SYMB":-1,"J_SYMB":-1,"N_SYMB":-1,"ROT_SYMB":0,"score_potentiel":70,"niveau_potentiel":"Très élevé 🌟","pente_degres":20.9,"type_affleurement":"Affleurement Moyen (Escarpement) 🟠","score_relieffiltered":85.3},"geometry":{"type":"Polygon","coordinates":[[[3.3882,43.6051],[3.3883,43.6047],[3.3874,43.6044],[3.3849,43.6035],[3.3844,43.6034],[3.3834,43.6036],[3.3842,43.6039],[3.3849,43.6041],[3.3862,43.6045],[3.3879,43.6051],[3.3882,43.6051]]]}},{"type":"Feature","properties":{"MI_PRINX":3677025.0,"CARTE":264,"CODE":1014,"CODE_LEG":206,"NOTATION":"c6SC","DESCR":"Formations calcaires de Cruzy (Maastrichtien)","C_FOND":10,"M_FOND":0,"J_FOND":50,"N_FOND":0,"NOM_SYMB":"S01_002","C_SYMB":100,"M_SYMB":100,"J_SYMB":0,"N_SYMB":0,"ROT_SYMB":90,"score_potentiel":85,"niveau_potentiel":"Très élevé 🌟","pente_degres":20.3,"type_affleurement":"Affleurement Moyen (Escarpement) 🟠","score_relieffiltered":100.0},"geometry":{"type":"Polygon","coordinates":[[[2.9353,43.3664],[2.9354,43.3665],[2.9357,43.3666],[2.936,43.3666],[2.9364,43.3667],[2.9368,43.3668],[2.9373,43.367],[2.9375,43.3671],[2.9375,43.3669],[2.9375,43.3667],[2.9375,43.3666],[2.9375,43.3665],[2.9374,43.3664],[2.9373,43.3664],[2.9372,43.3664],[2.9369,43.3665],[2.9367,43.3665],[2.9364,43.3664],[2.9362,43.3663],[2.936,43.3663],[2.936,43.3662],[2.9359,43.3661],[2.9359,43.3659],[2.936,43.3658],[2.9361,43.3657],[2.9362,43.3656],[2.9363,43.3655],[2.9362,43.3654],[2.9361,43.3653],[2.9359,43.3652],[2.9357,43.3652],[2.9358,43.3653],[2.9357,43.3654],[2.9357,43.3656],[2.9355,43.3658],[2.9353,43.366],[2.9352,43.3662],[2.9353,43.3664],[2.9353,43.3664]]]}},{"type":"Feature","properties":{"MI_PRINX":3677138.0,"CARTE":264,"CODE":1015,"CODE_LEG":207,"NOTATION":"c6SCm","DESCR":"Formations gréso-limoneuses de Cruzy (Maastrichtien)","C_FOND":10,"M_FOND":0,"J_FOND":50,"N_FOND":0,"NOM_SYMB":"S01_002","C_SYMB":100,"M_SYMB":100,"J_SYMB":0,"N_SYMB":0,"ROT_SYMB":0,"score_potentiel":55,"niveau_potentiel":"Élevé 🟢","pente_degres":15.1,"type_affleurement":"Affleurement Moyen (Escarpement) 🟠","score_relieffiltered":60.6},"geometry":{"type":"Polygon","coordinates":[[[2.9325,43.3634],[2.9326,43.3634],[2.9327,43.3633],[2.9328,43.3632],[2.9327,43.363],[2.9327,43.3628],[2.9326,43.3626],[2.9324,43.3624],[2.9322,43.3623],[2.9322,43.3623],[2.9322,43.3622],[2.932,43.3622],[2.9319,43.3621],[2.9315,43.3624],[2.9315,43.3626],[2.9316,43.3628],[2.9319,43.3629],[2.9322,43.3631],[2.9323,43.3632],[2.9325,43.3634]]]}},{"type":"Feature","properties":{"MI_PRINX":3666920.0,"CARTE":264,"CODE":3312,"CODE_LEG":420,"NOTATION":"h2EC©","DESCR":"Calcaires noduleux et lydiennes vertes du Pic de Vissou - Ecailles de Cabrières (Viséen)","C_FOND":60,"M_FOND":40,"J_FOND":70,"N_FOND":0,"NOM_SYMB":null,"C_SYMB":-1,"M_SYMB":-1,"J_SYMB":-1,"N_SYMB":-1,"ROT_SYMB":0,"score_potentiel":70,"niveau_potentiel":"Très élevé 🌟","pente_degres":32.1,"type_affleurement":"Affleurement Fort (Falaise / Ravine) 🔴","score_relieffiltered":100.0},"geometry":{"type":"Polygon","coordinates":[[[3.3818,43.604],[3.3815,43.6039],[3.3813,43.6038],[3.3802,43.6036],[3.3795,43.6035],[3.3794,43.6035],[3.3789,43.6034],[3.3788,43.6034],[3.3778,43.6033],[3.3767,43.6031],[3.3767,43.6034],[3.3775,43.6035],[3.3782,43.6036],[3.379,43.6037],[3.3797,43.6038],[3.3802,43.6039],[3.3805,43.6039],[3.381,43.604],[3.3812,43.6041],[3.3818,43.604]]]}},{"type":"Feature","properties":{"MI_PRINX":3677036.0,"CARTE":264,"CODE":1014,"CODE_LEG":206,"NOTATION":"c6SC","DESCR":"Formations calcaires de Cruzy (Maastrichtien)","C_FOND":10,"M_FOND":0,"J_FOND":50,"N_FOND":0,"NOM_SYMB":"S01_002","C_SYMB":100,"M_SYMB":100,"J_SYMB":0,"N_SYMB":0,"ROT_SYMB":90,"score_potentiel":85,"niveau_potentiel":"Très élevé 🌟","pente_degres":12.7,"type_affleurement":"Faible Pente (Plaine / Couvert) 🟢","score_relieffiltered":89.6},"geometry":{"type":"Polygon","coordinates":[[[2.9379,43.3663],[2.9378,43.3664],[2.9378,43.3665],[2.9379,43.3666],[2.9379,43.3666],[2.9381,43.3667],[2.9381,43.3666],[2.9382,43.3666],[2.9381,43.3664],[2.9381,43.3663],[2.9379,43.3663]]]}},{"type":"Feature","properties":{"MI_PRINX":3677049.0,"CARTE":264,"CODE":1014,"CODE_LEG":206,"NOTATION":"c6SC","DESCR":"Formations calcaires de Cruzy (Maastrichtien)","C_FOND":10,"M_FOND":0,"J_FOND":50,"N_FOND":0,"NOM_SYMB":"S01_002","C_SYMB":100,"M_SYMB":100,"J_SYMB":0,"N_SYMB":0,"ROT_SYMB":90,"score_potentiel":85,"niveau_potentiel":"Très élevé 🌟","pente_degres":12.6,"type_affleurement":"Faible Pente (Plaine / Couvert) 🟢","score_relieffiltered":89.4},"geometry":{"type":"Polygon","coordinates":[[[2.9373,43.3656],[2.9372,43.3656],[2.9371,43.3657],[2.9372,43.3658],[2.9372,43.366],[2.9373,43.366],[2.9374,43.366],[2.9375,43.3659],[2.9376,43.3658],[2.9375,43.3656],[2.9373,43.3656]]]}},{"type":"Feature","properties":{"MI_PRINX":3677348.0,"CARTE":264,"CODE":3315,"CODE_LEG":423,"NOTATION":"h1-2M©","DESCR":"Lydiennes à nodules phosphatés, calcaires noduleux et jaspes clairs du vallon Fontaine-de-Santé - Nappes du Minervois (Tournaisien - Viséen inférieur)","C_FOND":50,"M_FOND":75,"J_FOND":100,"N_FOND":0,"NOM_SYMB":null,"C_SYMB":-1,"M_SYMB":-1,"J_SYMB":-1,"N_SYMB":-1,"ROT_SYMB":0,"score_potentiel":70,"niveau_potentiel":"Très élevé 🌟","pente_degres":12.8,"type_affleurement":"Faible Pente (Plaine / Couvert) 🟢","score_relieffiltered":73.9},"geometry":{"type":"Polygon","coordinates":[[[2.5794,43.3547],[2.5795,43.3551],[2.5795,43.3553],[2.5798,43.3554],[2.5801,43.3555],[2.5806,43.3552],[2.5808,43.355],[2.5808,43.3548],[2.5807,43.3545],[2.5806,43.3543],[2.5805,43.3543],[2.5801,43.3543],[2.5798,43.3544],[2.5796,43.3545],[2.5794,43.3547]]]}},{"type":"Feature","properties":{"MI_PRINX":3677349.0,"CARTE":264,"CODE":1015,"CODE_LEG":207,"NOTATION":"c6SCm","DESCR":"Formations gréso-limoneuses de Cruzy (Maastrichtien)","C_FOND":10,"M_FOND":0,"J_FOND":50,"N_FOND":0,"NOM_SYMB":"S01_002","C_SYMB":100,"M_SYMB":100,"J_SYMB":0,"N_SYMB":0,"ROT_SYMB":0,"score_potentiel":55,"niveau_potentiel":"Élevé 🟢","pente_degres":15.7,"type_affleurement":"Affleurement Moyen (Escarpement) 🟠","score_relieffiltered":61.3},"geometry":{"type":"Polygon","coordinates":[[[2.9285,43.3541],[2.9288,43.3541],[2.9289,43.354],[2.929,43.3539],[2.9289,43.3538],[2.9287,43.3537],[2.9284,43.3537],[2.9285,43.3538],[2.9286,43.354],[2.9285,43.3541]]]}},{"type":"Feature","properties":{"MI_PRINX":3677217.0,"CARTE":264,"CODE":1014,"CODE_LEG":206,"NOTATION":"c6SC","DESCR":"Formations calcaires de Cruzy (Maastrichtien)","C_FOND":10,"M_FOND":0,"J_FOND":50,"N_FOND":0,"NOM_SYMB":"S01_002","C_SYMB":100,"M_SYMB":100,"J_SYMB":0,"N_SYMB":0,"ROT_SYMB":90,"score_potentiel":85,"niveau_potentiel":"Très élevé 🌟","pente_degres":15.6,"type_affleurement":"Affleurement Moyen (Escarpement) 🟠","score_relieffiltered":94.5},"geometry":{"type":"Polygon","coordinates":[[[2.9327,43.36],[2.9326,43.36],[2.9325,43.36],[2.9325,43.3601],[2.9325,43.3601],[2.9326,43.3601],[2.9327,43.3602],[2.9329,43.3603],[2.933,43.3603],[2.933,43.3603],[2.9331,43.3602],[2.933,43.3602],[2.9327,43.36],[2.9327,43.36]]]}},{"type":"Feature","properties":{"MI_PRINX":3677118.0,"CARTE":264,"CODE":1014,"CODE_LEG":206,"NOTATION":"c6SC","DESCR":"Formations calcaires de Cruzy (Maastrichtien)","C_FOND":10,"M_FOND":0,"J_FOND":50,"N_FOND":0,"NOM_SYMB":"S01_002","C_SYMB":100,"M_SYMB":100,"J_SYMB":0,"N_SYMB":0,"ROT_SYMB":90,"score_potentiel":85,"niveau_potentiel":"Très élevé 🌟","pente_degres":14.9,"type_affleurement":"Affleurement Moyen (Escarpement) 🟠","score_relieffiltered":93.3},"geometry":{"type":"Polygon","coordinates":[[[2.9338,43.3637],[2.9341,43.3638],[2.9344,43.3638],[2.9349,43.3638],[2.9352,43.3638],[2.9355,43.3637],[2.9357,43.3635],[2.9358,43.3633],[2.9357,43.3632],[2.9355,43.3629],[2.9352,43.3626],[2.9348,43.3622],[2.9346,43.3619],[2.9342,43.3616],[2.9338,43.3614],[2.9335,43.3614],[2.9335,43.3615],[2.9335,43.3617],[2.9336,43.3618],[2.9336,43.3619],[2.9337,43.362],[2.9336,43.3622],[2.9336,43.3623],[2.9334,43.3625],[2.9334,43.3629],[2.9334,43.3632],[2.9336,43.3635],[2.9338,43.3637]]]}},{"type":"Feature","properties":{"MI_PRINX":3677352.0,"CARTE":264,"CODE":1015,"CODE_LEG":207,"NOTATION":"c6SCm","DESCR":"Formations gréso-limoneuses de Cruzy (Maastrichtien)","C_FOND":10,"M_FOND":0,"J_FOND":50,"N_FOND":0,"NOM_SYMB":"S01_002","C_SYMB":100,"M_SYMB":100,"J_SYMB":0,"N_SYMB":0,"ROT_SYMB":0,"score_potentiel":55,"niveau_potentiel":"Élevé 🟢","pente_degres":18.4,"type_affleurement":"Affleurement Moyen (Escarpement) 🟠","score_relieffiltered":64.2},"geometry":{"type":"Polygon","coordinates":[[[2.9276,43.354],[2.9279,43.354],[2.9279,43.3539],[2.928,43.3538],[2.9281,43.3537],[2.928,43.3537],[2.9277,43.3536],[2.9273,43.3536],[2.9267,43.3537],[2.9269,43.3538],[2.9276,43.354]]]}},{"type":"Feature","properties":{"MI_PRINX":3677363.0,"CARTE":264,"CODE":3315,"CODE_LEG":423,"NOTATION":"h1-2M©","DESCR":"Lydiennes à nodules phosphatés, calcaires noduleux et jaspes clairs du vallon Fontaine-de-Santé - Nappes du Minervois (Tournaisien - Viséen inférieur)","C_FOND":50,"M_FOND":75,"J_FOND":100,"N_FOND":0,"NOM_SYMB":null,"C_SYMB":-1,"M_SYMB":-1,"J_SYMB":-1,"N_SYMB":-1,"ROT_SYMB":0,"score_potentiel":70,"niveau_potentiel":"Très élevé 🌟","pente_degres":14.4,"type_affleurement":"Affleurement Moyen (Escarpement) 🟠","score_relieffiltered":76.2},"geometry":{"type":"Polygon","coordinates":[[[2.5738,43.3543],[2.5736,43.3543],[2.5733,43.3542],[2.5733,43.3549],[2.5733,43.355],[2.5735,43.355],[2.5737,43.355],[2.5738,43.3549],[2.5738,43.3543]]]}},{"type":"Feature","properties":{"MI_PRINX":3667052.0,"CARTE":264,"CODE":3312,"CODE_LEG":420,"NOTATION":"h2EC©","DESCR":"Calcaires noduleux et lydiennes vertes du Pic de Vissou - Ecailles de Cabrières (Viséen)","C_FOND":60,"M_FOND":40,"J_FOND":70,"N_FOND":0,"NOM_SYMB":null,"C_SYMB":-1,"M_SYMB":-1,"J_SYMB":-1,"N_SYMB":-1,"ROT_SYMB":0,"score_potentiel":70,"niveau_potentiel":"Très élevé 🌟","pente_degres":31.3,"type_affleurement":"Affleurement Fort (Falaise / Ravine) 🔴","score_relieffiltered":99.8},"geometry":{"type":"Polygon","coordinates":[[[3.367,43.6024],[3.3675,43.6022],[3.3679,43.6022],[3.3686,43.6022],[3.3691,43.6023],[3.3697,43.6027],[3.3699,43.6023],[3.369,43.6018],[3.3689,43.6018],[3.3687,43.6018],[3.3677,43.6018],[3.3673,43.6018],[3.3668,43.602],[3.3666,43.6019],[3.3663,43.6019],[3.3659,43.6019],[3.3654,43.6019],[3.3655,43.602],[3.3668,43.6025],[3.3671,43.6025],[3.367,43.6024]]]}},{"type":"Feature","properties":{"MI_PRINX":3667199.0,"CARTE":264,"CODE":50,"CODE_LEG":50,"NOTATION":"Fy","DESCR":"Blocs, galets et graviers de calcaires siliceux, de grès, de quartz, de lydiennes, de porphyrites et de débris basaltiques (Terrasses glaciaires Würm)","C_FOND":10,"M_FOND":0,"J_FOND":10,"N_FOND":0,"NOM_SYMB":null,"C_SYMB":-1,"M_SYMB":-1,"J_SYMB":-1,"N_SYMB":-1,"ROT_SYMB":0,"score_potentiel":70,"niveau_potentiel":"Très élevé 🌟","pente_degres":19.2,"type_affleurement":"Affleurement Moyen (Escarpement) 🟠","score_relieffiltered":82.9},"geometry":{"type":"Polygon","coordinates":[[[3.1502,43.6006],[3.1519,43.6022],[3.1524,43.6028],[3.1528,43.6031],[3.153,43.6028],[3.1531,43.6022],[3.153,43.6017],[3.1524,43.6002],[3.1523,43.6001],[3.1523,43.5998],[3.1523,43.5996],[3.1523,43.599],[3.1523,43.5986],[3.1524,43.5985],[3.1524,43.5985],[3.1523,43.5983],[3.1519,43.5978],[3.1512,43.5977],[3.1511,43.5977],[3.1508,43.5976],[3.1501,43.5977],[3.1482,43.5977],[3.1471,43.5977],[3.1463,43.5976],[3.1462,43.5977],[3.1467,43.598],[3.148,43.5985],[3.1482,43.5987],[3.148,43.599],[3.149,43.5996],[3.1493,43.5995],[3.1495,43.5995],[3.1503,43.6002],[3.1504,43.6003],[3.1502,43.6006]]]}},{"type":"Feature","properties":{"MI_PRINX":3677230.0,"CARTE":264,"CODE":1014,"CODE_LEG":206,"NOTATION":"c6SC","DESCR":"Formations calcaires de Cruzy (Maastrichtien)","C_FOND":10,"M_FOND":0,"J_FOND":50,"N_FOND":0,"NOM_SYMB":"S01_002","C_SYMB":100,"M_SYMB":100,"J_SYMB":0,"N_SYMB":0,"ROT_SYMB":90,"score_potentiel":85,"niveau_potentiel":"Très élevé 🌟","pente_degres":18.5,"type_affleurement":"Affleurement Moyen (Escarpement) 🟠","score_relieffiltered":99.4},"geometry":{"type":"Polygon","coordinates":[[[2.9326,43.359],[2.9326,43.3591],[2.9326,43.3593],[2.9327,43.3594],[2.9328,43.3595],[2.933,43.3596],[2.9333,43.3596],[2.9335,43.3596],[2.933,43.3593],[2.9327,43.3591],[2.9326,43.359]]]}},{"type":"Feature","properties":{"MI_PRINX":3677237.0,"CARTE":264,"CODE":1015,"CODE_LEG":207,"NOTATION":"c6SCm","DESCR":"Formations gréso-limoneuses de Cruzy (Maastrichtien)","C_FOND":10,"M_FOND":0,"J_FOND":50,"N_FOND":0,"NOM_SYMB":"S01_002","C_SYMB":100,"M_SYMB":100,"J_SYMB":0,"N_SYMB":0,"ROT_SYMB":0,"score_potentiel":55,"niveau_potentiel":"Élevé 🟢","pente_degres":16.0,"type_affleurement":"Affleurement Moyen (Escarpement) 🟠","score_relieffiltered":61.6},"geometry":{"type":"Polygon","coordinates":[[[2.9321,43.3592],[2.9325,43.359],[2.9323,43.3588],[2.9321,43.3585],[2.932,43.3581],[2.9319,43.3578],[2.9317,43.3576],[2.9314,43.3576],[2.9313,43.3577],[2.931,43.3579],[2.9308,43.358],[2.9309,43.3583],[2.9311,43.3584],[2.9314,43.3587],[2.9318,43.3589],[2.932,43.3591],[2.9321,43.3592]]]}},{"type":"Feature","properties":{"MI_PRINX":3677342.0,"CARTE":264,"CODE":50,"CODE_LEG":50,"NOTATION":"Fy","DESCR":"Blocs, galets et graviers de calcaires siliceux, de grès, de quartz, de lydiennes, de porphyrites et de débris basaltiques (Terrasses glaciaires Würm)","C_FOND":10,"M_FOND":0,"J_FOND":10,"N_FOND":0,"NOM_SYMB":null,"C_SYMB":-1,"M_SYMB":-1,"J_SYMB":-1,"N_SYMB":-1,"ROT_SYMB":0,"score_potentiel":70,"niveau_potentiel":"Très élevé 🌟","pente_degres":18.0,"type_affleurement":"Affleurement Moyen (Escarpement) 🟠","score_relieffiltered":81.2},"geometry":{"type":"Polygon","coordinates":[[[2.7448,43.3544],[2.7435,43.3545],[2.7429,43.3545],[2.7428,43.3546],[2.7428,43.3548],[2.743,43.3549],[2.7434,43.3548],[2.7436,43.3549],[2.7438,43.3551],[2.7441,43.3552],[2.7442,43.3553],[2.7444,43.3552],[2.7448,43.3551],[2.7451,43.3548],[2.7454,43.3545],[2.7455,43.3544],[2.7454,43.3544],[2.7448,43.3544]]]}},{"type":"Feature","properties":{"MI_PRINX":3665477.0,"CARTE":264,"CODE":50,"CODE_LEG":50,"NOTATION":"Fy","DESCR":"Blocs, galets et graviers de calcaires siliceux, de grès, de quartz, de lydiennes, de porphyrites et de débris basaltiques (Terrasses glaciaires Würm)","C_FOND":10,"M_FOND":0,"J_FOND":10,"N_FOND":0,"NOM_SYMB":null,"C_SYMB":-1,"M_SYMB":-1,"J_SYMB":-1,"N_SYMB":-1,"ROT_SYMB":0,"score_potentiel":70,"niveau_potentiel":"Très élevé 🌟","pente_degres":20.1,"type_affleurement":"Affleurement Moyen (Escarpement) 🟠","score_relieffiltered":84.1},"geometry":{"type":"Polygon","coordinates":[[[3.1178,43.6249],[3.1184,43.6244],[3.1185,43.6242],[3.1189,43.6241],[3.1198,43.624],[3.1201,43.624],[3.1208,43.6238],[3.1211,43.6236],[3.122,43.6227],[3.1221,43.6223],[3.122,43.6219],[3.1217,43.6216],[3.121,43.6214],[3.1207,43.6214],[3.1201,43.6214],[3.1198,43.6214],[3.1187,43.6212],[3.1182,43.6213],[3.1181,43.6213],[3.1181,43.6212],[3.1178,43.6204],[3.1175,43.6198],[3.1163,43.6191],[3.1162,43.6178],[3.1162,43.6173],[3.1161,43.6172],[3.116,43.6173],[3.1153,43.6176],[3.1145,43.6176],[3.1143,43.6177],[3.1143,43.6178],[3.1152,43.6185],[3.1154,43.6189],[3.1154,43.6191],[3.115,43.6194],[3.1142,43.6196],[3.1136,43.6195],[3.1127,43.6194],[3.1118,43.6194],[3.1116,43.6195],[3.1108,43.6203],[3.1112,43.6205],[3.1125,43.6209],[3.1131,43.6212],[3.1131,43.6212],[3.1133,43.6214],[3.1133,43.6215],[3.1133,43.6217],[3.1124,43.6229],[3.1126,43.623],[3.1137,43.6226],[3.1142,43.6225],[3.1155,43.6224],[3.1159,43.6225],[3.1164,43.6226],[3.1168,43.6228],[3.117,43.6233],[3.1171,43.6243],[3.1174,43.6248],[3.1177,43.6249],[3.1178,43.6249]]]}},{"type":"Feature","properties":{"MI_PRINX":3665499.0,"CARTE":264,"CODE":50,"CODE_LEG":50,"NOTATION":"Fy","DESCR":"Blocs, galets et graviers de calcaires siliceux, de grès, de quartz, de lydiennes, de porphyrites et de débris basaltiques (Terrasses glaciaires Würm)","C_FOND":10,"M_FOND":0,"J_FOND":10,"N_FOND":0,"NOM_SYMB":null,"C_SYMB":-1,"M_SYMB":-1,"J_SYMB":-1,"N_SYMB":-1,"ROT_SYMB":0,"score_potentiel":70,"niveau_potentiel":"Très élevé 🌟","pente_degres":15.9,"type_affleurement":"Affleurement Moyen (Escarpement) 🟠","score_relieffiltered":78.3},"geometry":{"type":"Polygon","coordinates":[[[2.7305,43.6264],[2.7305,43.626],[2.7307,43.6255],[2.7307,43.625],[2.7306,43.6248],[2.7305,43.6245],[2.7305,43.6238],[2.7305,43.6235],[2.7306,43.6231],[2.7305,43.623],[2.7303,43.6229],[2.7301,43.6229],[2.7298,43.6231],[2.7296,43.6233],[2.729,43.6236],[2.7286,43.6238],[2.7285,43.624],[2.7285,43.6245],[2.7287,43.6248],[2.7294,43.6255],[2.73,43.6264],[2.7303,43.6266],[2.7305,43.6265],[2.7305,43.6264]]]}},{"type":"Feature","properties":{"MI_PRINX":3665690.0,"CARTE":264,"CODE":50,"CODE_LEG":50,"NOTATION":"Fy","DESCR":"Blocs, galets et graviers de calcaires siliceux, de grès, de quartz, de lydiennes, de porphyrites et de débris basaltiques (Terrasses glaciaires Würm)","C_FOND":10,"M_FOND":0,"J_FOND":10,"N_FOND":0,"NOM_SYMB":null,"C_SYMB":-1,"M_SYMB":-1,"J_SYMB":-1,"N_SYMB":-1,"ROT_SYMB":0,"score_potentiel":70,"niveau_potentiel":"Très élevé 🌟","pente_degres":16.1,"type_affleurement":"Affleurement Moyen (Escarpement) 🟠","score_relieffiltered":78.5},"geometry":{"type":"Polygon","coordinates":[[[3.0713,43.6221],[3.072,43.6214],[3.0719,43.6213],[3.0716,43.6211],[3.0713,43.6215],[3.0713,43.6221]]]}},{"type":"Feature","properties":{"MI_PRINX":3672576.0,"CARTE":264,"CODE":3316,"CODE_LEG":424,"NOTATION":"h1MF","DESCR":"Calcaires et lydiennes à nodules phosphatés du Pic de Vissou et de la Serre - Nappes des Monts de Faugères (Tournaisien)","C_FOND":20,"M_FOND":40,"J_FOND":70,"N_FOND":0,"NOM_SYMB":null,"C_SYMB":-1,"M_SYMB":-1,"J_SYMB":-1,"N_SYMB":-1,"ROT_SYMB":0,"score_potentiel":70,"niveau_potentiel":"Très élevé 🌟","pente_degres":20.9,"type_affleurement":"Affleurement Moyen (Escarpement) 🟠","score_relieffiltered":85.3},"geometry":{"type":"Polygon","coordinates":[[[3.0039,43.5351],[3.0039,43.535],[3.0038,43.5345],[3.0037,43.5342],[3.0035,43.5341],[3.0032,43.5339],[3.003,43.5337],[3.0029,43.5336],[3.0026,43.5335],[3.0024,43.5333],[3.0023,43.5328],[3.0019,43.5328],[3.0017,43.5329],[3.0018,43.5331],[3.002,43.5333],[3.0022,43.5335],[3.0025,43.5337],[3.0027,43.5338],[3.003,43.534],[3.0033,43.5343],[3.0035,43.5345],[3.0037,43.5348],[3.0039,43.5351]]]}},{"type":"Feature","properties":{"MI_PRINX":3672486.0,"CARTE":264,"CODE":3316,"CODE_LEG":424,"NOTATION":"h1MF","DESCR":"Calcaires et lydiennes à nodules phosphatés du Pic de Vissou et de la Serre - Nappes des Monts de Faugères (Tournaisien)","C_FOND":20,"M_FOND":40,"J_FOND":70,"N_FOND":0,"NOM_SYMB":null,"C_SYMB":-1,"M_SYMB":-1,"J_SYMB":-1,"N_SYMB":-1,"ROT_SYMB":0,"score_potentiel":70,"niveau_potentiel":"Très élevé 🌟","pente_degres":32.8,"type_affleurement":"Affleurement Fort (Falaise / Ravine) 🔴","score_relieffiltered":100.0},"geometry":{"type":"Polygon","coordinates":[[[3.0354,43.5368],[3.0357,43.5367],[3.0359,43.5366],[3.0358,43.5362],[3.0357,43.5357],[3.0357,43.5353],[3.0356,43.5349],[3.0356,43.5347],[3.0356,43.5346],[3.0359,43.5344],[3.0363,43.5343],[3.0366,43.5342],[3.0369,43.5341],[3.0372,43.5341],[3.0374,43.534],[3.0377,43.534],[3.0379,43.534],[3.0381,43.534],[3.0381,43.5341],[3.0385,43.5343],[3.0389,43.5346],[3.0391,43.5348],[3.0393,43.5349],[3.0397,43.5351],[3.0401,43.5352],[3.0405,43.5354],[3.0408,43.5356],[3.0411,43.5359],[3.0413,43.5361],[3.0415,43.5363],[3.0416,43.5363],[3.0418,43.5364],[3.042,43.5363],[3.042,43.5362],[3.0419,43.5361],[3.0417,43.536],[3.0415,43.5358],[3.0411,43.5355],[3.0407,43.5352],[3.0404,43.535],[3.0401,43.5349],[3.0396,43.5347],[3.0391,43.5344],[3.0388,43.5342],[3.0386,43.534],[3.0384,43.5338],[3.0382,43.5337],[3.0382,43.5335],[3.038,43.5335],[3.0377,43.5335],[3.0374,43.5336],[3.0371,43.5337],[3.0367,43.5338],[3.0362,43.534],[3.0358,43.534],[3.0356,43.5341],[3.0355,43.5342],[3.0353,43.5344],[3.0352,43.5346],[3.0352,43.5349],[3.0352,43.5351],[3.0353,43.5354],[3.0353,43.5358],[3.0355,43.5362],[3.0355,43.5366],[3.0354,43.5368]]]}},{"type":"Feature","properties":{"MI_PRINX":3672673.0,"CARTE":264,"CODE":3316,"CODE_LEG":424,"NOTATION":"h1MF","DESCR":"Calcaires et lydiennes à nodules phosphatés du Pic de Vissou et de la Serre - Nappes des Monts de Faugères (Tournaisien)","C_FOND":20,"M_FOND":40,"J_FOND":70,"N_FOND":0,"NOM_SYMB":null,"C_SYMB":-1,"M_SYMB":-1,"J_SYMB":-1,"N_SYMB":-1,"ROT_SYMB":0,"score_potentiel":70,"niveau_potentiel":"Très élevé 🌟","pente_degres":19.9,"type_affleurement":"Affleurement Moyen (Escarpement) 🟠","score_relieffiltered":83.9},"geometry":{"type":"Polygon","coordinates":[[[2.9887,43.533],[2.9892,43.5329],[2.9897,43.5329],[2.9896,43.5328],[2.9895,43.5327],[2.9895,43.5325],[2.9895,43.5322],[2.9896,43.5318],[2.9896,43.5313],[2.9896,43.5308],[2.9895,43.5304],[2.9893,43.5301],[2.9891,43.5297],[2.9889,43.5291],[2.9886,43.5285],[2.9883,43.5281],[2.9881,43.5279],[2.9881,43.5283],[2.988,43.5286],[2.988,43.529],[2.9879,43.5293],[2.9879,43.5295],[2.9879,43.5297],[2.988,43.53],[2.9882,43.5303],[2.9884,43.5305],[2.9886,43.5308],[2.9888,43.5311],[2.9889,43.5313],[2.989,43.5316],[2.989,43.5319],[2.9891,43.5321],[2.9891,43.5323],[2.989,43.5325],[2.9889,43.5327],[2.9888,43.5328],[2.9887,43.533]]]}},{"type":"Feature","properties":{"MI_PRINX":3672675.0,"CARTE":264,"CODE":3441,"CODE_LEG":466,"NOTATION":"o6Gmc","DESCR":"Marnes et calcaires organo-détritiques, fossilifère de Gabian - Ecailles de Cabrières (Ashgill)","C_FOND":25,"M_FOND":10,"J_FOND":50,"N_FOND":0,"NOM_SYMB":null,"C_SYMB":-1,"M_SYMB":-1,"J_SYMB":-1,"N_SYMB":-1,"ROT_SYMB":0,"score_potentiel":80,"niveau_potentiel":"Très élevé 🌟","pente_degres":20.8,"type_affleurement":"Affleurement Moyen (Escarpement) 🟠","score_relieffiltered":97.3},"geometry":{"type":"Polygon","coordinates":[[[3.2577,43.531],[3.2578,43.531],[3.258,43.531],[3.2582,43.5309],[3.2583,43.5308],[3.2587,43.5306],[3.2601,43.5296],[3.2599,43.5294],[3.2597,43.5295],[3.2596,43.5297],[3.2593,43.5299],[3.2589,43.5301],[3.2585,43.5305],[3.2583,43.5304],[3.2582,43.5305],[3.2581,43.5305],[3.2579,43.5306],[3.2577,43.5306],[3.2577,43.531]]]}},{"type":"Feature","properties":{"MI_PRINX":3672690.0,"CARTE":264,"CODE":3442,"CODE_LEG":467,"NOTATION":"o5Gg","DESCR":"Grès et grès quartzitiques à poundingues de galets de quartz à la base de Gabian (Caradoc supérieur)","C_FOND":50,"M_FOND":10,"J_FOND":50,"N_FOND":0,"NOM_SYMB":null,"C_SYMB":-1,"M_SYMB":-1,"J_SYMB":-1,"N_SYMB":-1,"ROT_SYMB":0,"score_potentiel":70,"niveau_potentiel":"Très élevé 🌟","pente_degres":31.3,"type_affleurement":"Affleurement Fort (Falaise / Ravine) 🔴","score_relieffiltered":99.8},"geometry":{"type":"Polygon","coordinates":[[[3.2583,43.5304],[3.2585,43.5305],[3.2589,43.5301],[3.2593,43.5299],[3.2596,43.5297],[3.2597,43.5295],[3.2599,43.5294],[3.2596,43.5293],[3.2594,43.5291],[3.2591,43.5296],[3.2588,43.5298],[3.2581,43.5303],[3.2578,43.5301],[3.2578,43.53],[3.2578,43.5297],[3.2578,43.5295],[3.2578,43.5293],[3.2578,43.5292],[3.2577,43.5291],[3.2577,43.5291],[3.2576,43.5291],[3.2573,43.5299],[3.2575,43.53],[3.2577,43.5301],[3.2576,43.5306],[3.2577,43.5306],[3.2579,43.5306],[3.2581,43.5305],[3.2582,43.5305],[3.2583,43.5304]]]}},{"type":"Feature","properties":{"MI_PRINX":3665775.0,"CARTE":264,"CODE":50,"CODE_LEG":50,"NOTATION":"Fy","DESCR":"Blocs, galets et graviers de calcaires siliceux, de grès, de quartz, de lydiennes, de porphyrites et de débris basaltiques (Terrasses glaciaires Würm)","C_FOND":10,"M_FOND":0,"J_FOND":10,"N_FOND":0,"NOM_SYMB":null,"C_SYMB":-1,"M_SYMB":-1,"J_SYMB":-1,"N_SYMB":-1,"ROT_SYMB":0,"score_potentiel":70,"niveau_potentiel":"Très élevé 🌟","pente_degres":15.9,"type_affleurement":"Affleurement Moyen (Escarpement) 🟠","score_relieffiltered":78.3},"geometry":{"type":"Polygon","coordinates":[[[3.0725,43.6206],[3.0729,43.6203],[3.0733,43.6199],[3.0739,43.6197],[3.0742,43.6197],[3.0738,43.6194],[3.0735,43.6191],[3.0735,43.6186],[3.0728,43.6188],[3.0722,43.6192],[3.0721,43.6195],[3.0722,43.6201],[3.0725,43.6206]]]}},{"type":"Feature","properties":{"MI_PRINX":3672801.0,"CARTE":264,"CODE":50,"CODE_LEG":50,"NOTATION":"Fy","DESCR":"Blocs, galets et graviers de calcaires siliceux, de grès, de quartz, de lydiennes, de porphyrites et de débris basaltiques (Terrasses glaciaires Würm)","C_FOND":10,"M_FOND":0,"J_FOND":10,"N_FOND":0,"NOM_SYMB":null,"C_SYMB":-1,"M_SYMB":-1,"J_SYMB":-1,"N_SYMB":-1,"ROT_SYMB":0,"score_potentiel":70,"niveau_potentiel":"Très élevé 🌟","pente_degres":32.9,"type_affleurement":"Affleurement Fort (Falaise / Ravine) 🔴","score_relieffiltered":100.0},"geometry":{"type":"Polygon","coordinates":[[[3.503,43.5256],[3.5034,43.5254],[3.5039,43.5252],[3.5044,43.525],[3.5049,43.5249],[3.5053,43.5249],[3.5058,43.5249],[3.5066,43.5249],[3.5074,43.5249],[3.5077,43.5248],[3.5079,43.5248],[3.5081,43.5247],[3.5083,43.5246],[3.5085,43.5243],[3.5087,43.5241],[3.5089,43.524],[3.5092,43.5239],[3.5095,43.5239],[3.5099,43.5239],[3.5103,43.5239],[3.5105,43.5239],[3.5107,43.5239],[3.5111,43.5239],[3.5115,43.5238],[3.5118,43.5236],[3.5122,43.5233],[3.5126,43.5231],[3.5129,43.523],[3.5132,43.523],[3.5135,43.523],[3.514,43.5231],[3.5145,43.5232],[3.5148,43.5232],[3.5151,43.5231],[3.5155,43.523],[3.5161,43.5228],[3.5167,43.5225],[3.5172,43.5222],[3.5175,43.5221],[3.5178,43.5221],[3.5183,43.522],[3.5188,43.5219],[3.5193,43.5219],[3.5195,43.5218],[3.5198,43.5217],[3.5202,43.5216],[3.5206,43.5214],[3.5208,43.5212],[3.521,43.521],[3.5211,43.5209],[3.5212,43.5207],[3.5212,43.5204],[3.5211,43.5201],[3.5212,43.52],[3.5213,43.5199],[3.5215,43.5198],[3.5218,43.5197],[3.5221,43.5197],[3.5224,43.5197],[3.5228,43.5198],[3.5231,43.5199],[3.5233,43.5201],[3.5235,43.5203],[3.5236,43.5205],[3.5237,43.5206],[3.5238,43.5207],[3.5239,43.5208],[3.524,43.5208],[3.5241,43.5206],[3.5242,43.5203],[3.5242,43.52],[3.5242,43.5199],[3.5243,43.5198],[3.5246,43.5197],[3.5254,43.5197],[3.5265,43.5198],[3.5277,43.5196],[3.5286,43.5195],[3.5292,43.5194],[3.5295,43.5195],[3.5298,43.5195],[3.5301,43.5196],[3.5305,43.5197],[3.531,43.5199],[3.5316,43.5201],[3.5322,43.5201],[3.5325,43.5202],[3.5327,43.5202],[3.5329,43.5202],[3.5332,43.5204],[3.5336,43.5206],[3.5339,43.5208],[3.5341,43.521],[3.5343,43.5212],[3.5347,43.5213],[3.5349,43.5214],[3.5351,43.5214],[3.5356,43.5215],[3.536,43.5216],[3.5362,43.5217],[3.5364,43.5218],[3.5365,43.522],[3.5367,43.5222],[3.5369,43.5223],[3.537,43.5224],[3.5372,43.5224],[3.5373,43.5224],[3.5374,43.5224],[3.5374,43.5224],[3.5374,43.5223],[3.5374,43.5222],[3.5373,43.522],[3.5371,43.5217],[3.537,43.5215],[3.5368,43.5213],[3.5366,43.5211],[3.5364,43.5209],[3.5362,43.5209],[3.536,43.5209],[3.5356,43.5208],[3.5353,43.5206],[3.5349,43.5205],[3.5346,43.5204],[3.5343,43.5202],[3.534,43.52],[3.5337,43.5198],[3.5334,43.5196],[3.5329,43.5195],[3.5325,43.5194],[3.5321,43.5193],[3.5318,43.5192],[3.5313,43.5189],[3.5309,43.5186],[3.5306,43.5184],[3.5303,43.5183],[3.5299,43.5183],[3.5294,43.5183],[3.529,43.5184],[3.5287,43.5184],[3.5283,43.5184],[3.5279,43.5183],[3.5273,43.5181],[3.527,43.518],[3.5266,43.518],[3.526,43.518],[3.5256,43.5181],[3.5253,43.5182],[3.525,43.5184],[3.5246,43.5186],[3.5243,43.5188],[3.5238,43.519],[3.5235,43.5191],[3.5231,43.5191],[3.5225,43.519],[3.5218,43.5189],[3.5215,43.5189],[3.5212,43.5189],[3.5208,43.519],[3.5205,43.5191],[3.5201,43.5192],[3.5199,43.5194],[3.5197,43.5196],[3.5196,43.5198],[3.5194,43.5199],[3.5192,43.52],[3.5189,43.5201],[3.5186,43.5203],[3.5184,43.5204],[3.5183,43.5205],[3.5181,43.5205],[3.5178,43.5206],[3.5174,43.5208],[3.5172,43.521],[3.5171,43.5212],[3.5169,43.5214],[3.5167,43.5216],[3.5165,43.5217],[3.5162,43.5217],[3.5155,43.5217],[3.5149,43.5218],[3.5145,43.5219],[3.5142,43.522],[3.5139,43.5222],[3.5136,43.5222],[3.5132,43.5221],[3.5129,43.5221],[3.5126,43.5221],[3.5123,43.5222],[3.5119,43.5223],[3.5115,43.5225],[3.5112,43.5227],[3.5109,43.5227],[3.5107,43.5227],[3.5105,43.5226],[3.5103,43.5224],[3.5101,43.5223],[3.5097,43.5223],[3.5093,43.5223],[3.5089,43.5223],[3.5086,43.5224],[3.5084,43.5225],[3.5084,43.5226],[3.5084,43.5226],[3.5082,43.5227],[3.508,43.5229],[3.5077,43.523],[3.5074,43.5231],[3.507,43.5231],[3.5065,43.5231],[3.5061,43.5231],[3.5058,43.5231],[3.5053,43.5234],[3.5048,43.5236],[3.5045,43.5237],[3.5042,43.5236],[3.5038,43.5235],[3.5033,43.5234],[3.5032,43.5234],[3.5031,43.5236],[3.503,43.5237],[3.5028,43.5238],[3.5026,43.5239],[3.5024,43.524],[3.5022,43.524],[3.5021,43.5242],[3.5021,43.5243],[3.5021,43.5243],[3.5022,43.5244],[3.5024,43.5245],[3.5027,43.5246],[3.5028,43.5248],[3.5029,43.525],[3.503,43.5252],[3.503,43.5254],[3.503,43.5256]]]}},{"type":"Feature","properties":{"MI_PRINX":3672805.0,"CARTE":264,"CODE":3442,"CODE_LEG":467,"NOTATION":"o5Gg","DESCR":"Grès et grès quartzitiques à poundingues de galets de quartz à la base de Gabian (Caradoc supérieur)","C_FOND":50,"M_FOND":10,"J_FOND":50,"N_FOND":0,"NOM_SYMB":null,"C_SYMB":-1,"M_SYMB":-1,"J_SYMB":-1,"N_SYMB":-1,"ROT_SYMB":0,"score_potentiel":70,"niveau_potentiel":"Très élevé 🌟","pente_degres":19.2,"type_affleurement":"Affleurement Moyen (Escarpement) 🟠","score_relieffiltered":82.9},"geometry":{"type":"Polygon","coordinates":[[[3.2654,43.5278],[3.2655,43.5276],[3.2657,43.5274],[3.2658,43.5274],[3.2659,43.5274],[3.266,43.5273],[3.2661,43.5273],[3.2662,43.5272],[3.2663,43.5272],[3.2664,43.5271],[3.2666,43.527],[3.2667,43.5268],[3.2668,43.5267],[3.267,43.5265],[3.2671,43.5263],[3.2673,43.5261],[3.2674,43.526],[3.2674,43.5259],[3.2674,43.5259],[3.2675,43.5258],[3.2675,43.5257],[3.2674,43.5256],[3.2674,43.5255],[3.2673,43.5254],[3.2672,43.5254],[3.2671,43.5254],[3.267,43.5254],[3.2669,43.5254],[3.2668,43.5254],[3.2667,43.5255],[3.2666,43.5255],[3.2665,43.5256],[3.2664,43.5257],[3.2663,43.5258],[3.2663,43.526],[3.2663,43.5261],[3.2663,43.5263],[3.2663,43.5264],[3.2662,43.5266],[3.2662,43.5268],[3.2661,43.5269],[3.2659,43.5269],[3.2657,43.527],[3.2655,43.527],[3.2654,43.527],[3.2652,43.5271],[3.265,43.5272],[3.2649,43.5274],[3.2648,43.5275],[3.2647,43.5276],[3.2647,43.5276],[3.2649,43.5276],[3.2651,43.5277],[3.2652,43.5277],[3.2654,43.5278]]]}},{"type":"Feature","properties":{"MI_PRINX":3672811.0,"CARTE":264,"CODE":3442,"CODE_LEG":467,"NOTATION":"o5Gg","DESCR":"Grès et grès quartzitiques à poundingues de galets de quartz à la base de Gabian (Caradoc supérieur)","C_FOND":50,"M_FOND":10,"J_FOND":50,"N_FOND":0,"NOM_SYMB":null,"C_SYMB":-1,"M_SYMB":-1,"J_SYMB":-1,"N_SYMB":-1,"ROT_SYMB":0,"score_potentiel":70,"niveau_potentiel":"Très élevé 🌟","pente_degres":32.2,"type_affleurement":"Affleurement Fort (Falaise / Ravine) 🔴","score_relieffiltered":100.0},"geometry":{"type":"Polygon","coordinates":[[[3.2411,43.5278],[3.2418,43.5275],[3.2423,43.5272],[3.2426,43.527],[3.2423,43.527],[3.2419,43.5268],[3.2417,43.5268],[3.242,43.5266],[3.2424,43.5264],[3.2428,43.5262],[3.2433,43.5261],[3.2437,43.526],[3.244,43.526],[3.2442,43.526],[3.2443,43.5259],[3.2444,43.5258],[3.2446,43.5257],[3.2447,43.5256],[3.2449,43.5256],[3.2451,43.5256],[3.2453,43.5257],[3.2453,43.5257],[3.2454,43.5256],[3.2455,43.5256],[3.2456,43.5255],[3.2458,43.5255],[3.246,43.5256],[3.2462,43.5257],[3.2464,43.5257],[3.2466,43.5257],[3.2476,43.5256],[3.2473,43.5253],[3.2469,43.5251],[3.2465,43.525],[3.2461,43.5249],[3.2454,43.525],[3.2448,43.5253],[3.2441,43.5256],[3.2439,43.5256],[3.2436,43.5256],[3.2435,43.5256],[3.2433,43.5257],[3.2428,43.5258],[3.2422,43.5261],[3.2417,43.5263],[3.2413,43.5266],[3.2414,43.5267],[3.2415,43.5269],[3.2415,43.5272],[3.2414,43.5274],[3.2413,43.5276],[3.2411,43.5278]]]}},{"type":"Feature","properties":{"MI_PRINX":3665752.0,"CARTE":264,"CODE":50,"CODE_LEG":50,"NOTATION":"Fy","DESCR":"Blocs, galets et graviers de calcaires siliceux, de grès, de quartz, de lydiennes, de porphyrites et de débris basaltiques (Terrasses glaciaires Würm)","C_FOND":10,"M_FOND":0,"J_FOND":10,"N_FOND":0,"NOM_SYMB":null,"C_SYMB":-1,"M_SYMB":-1,"J_SYMB":-1,"N_SYMB":-1,"ROT_SYMB":0,"score_potentiel":70,"niveau_potentiel":"Très élevé 🌟","pente_degres":17.5,"type_affleurement":"Affleurement Moyen (Escarpement) 🟠","score_relieffiltered":80.5},"geometry":{"type":"Polygon","coordinates":[[[2.6742,43.6228],[2.6744,43.6228],[2.6747,43.623],[2.6748,43.6231],[2.6749,43.6229],[2.6751,43.6225],[2.6756,43.6222],[2.6754,43.6217],[2.6751,43.6214],[2.6746,43.6211],[2.6743,43.621],[2.6737,43.6208],[2.6734,43.6208],[2.6731,43.6209],[2.673,43.621],[2.673,43.6213],[2.6736,43.6216],[2.6742,43.6219],[2.6743,43.6221],[2.6744,43.6225],[2.6742,43.6228]]]}},{"type":"Feature","properties":{"MI_PRINX":3672887.0,"CARTE":264,"CODE":3428,"CODE_LEG":453,"NOTATION":"d2-5Rc","DESCR":"Calcaires massifs blancs, localement dolomitiques - Nappes du Mont Peyroux (Pragien - Givétien)","C_FOND":0,"M_FOND":25,"J_FOND":25,"N_FOND":0,"NOM_SYMB":null,"C_SYMB":-1,"M_SYMB":-1,"J_SYMB":-1,"N_SYMB":-1,"ROT_SYMB":0,"score_potentiel":75,"niveau_potentiel":"Très élevé 🌟","pente_degres":17.1,"type_affleurement":"Affleurement Moyen (Escarpement) 🟠","score_relieffiltered":85.6},"geometry":{"type":"Polygon","coordinates":[[[2.8231,43.5282],[2.8236,43.5285],[2.824,43.5286],[2.824,43.5284],[2.8242,43.5282],[2.8244,43.5282],[2.8241,43.5281],[2.8233,43.5278],[2.8231,43.5282]]]}},{"type":"Feature","properties":{"MI_PRINX":3672899.0,"CARTE":264,"CODE":3441,"CODE_LEG":466,"NOTATION":"o6Gmc","DESCR":"Marnes et calcaires organo-détritiques, fossilifère de Gabian - Ecailles de Cabrières (Ashgill)","C_FOND":25,"M_FOND":10,"J_FOND":50,"N_FOND":0,"NOM_SYMB":null,"C_SYMB":-1,"M_SYMB":-1,"J_SYMB":-1,"N_SYMB":-1,"ROT_SYMB":0,"score_potentiel":80,"niveau_potentiel":"Très élevé 🌟","pente_degres":31.3,"type_affleurement":"Affleurement Fort (Falaise / Ravine) 🔴","score_relieffiltered":100.0},"geometry":{"type":"Polygon","coordinates":[[[3.2465,43.525],[3.2469,43.5249],[3.2474,43.5248],[3.2478,43.5246],[3.2472,43.5245],[3.2476,43.5243],[3.2478,43.5242],[3.248,43.524],[3.2484,43.5238],[3.2483,43.5238],[3.248,43.5237],[3.2477,43.5237],[3.2474,43.5237],[3.2466,43.5244],[3.2465,43.5243],[3.2459,43.5242],[3.2457,43.5243],[3.2456,43.5245],[3.2453,43.5246],[3.245,43.5247],[3.2447,43.5249],[3.2444,43.525],[3.2441,43.5251],[3.2439,43.5253],[3.2438,43.5255],[3.2436,43.5256],[3.2439,43.5256],[3.2441,43.5256],[3.2448,43.5253],[3.2454,43.525],[3.2461,43.5249],[3.2465,43.525]]]}},{"type":"Feature","properties":{"MI_PRINX":3673102.0,"CARTE":264,"CODE":3443,"CODE_LEG":468,"NOTATION":"o5Gvs","DESCR":"Grauwackes, schistes psammitiques et coulées interstratifiées d'andésites de Gabian - Ecailles de Cabrières (Caradoc inférieur?)","C_FOND":25,"M_FOND":0,"J_FOND":10,"N_FOND":0,"NOM_SYMB":null,"C_SYMB":-1,"M_SYMB":-1,"J_SYMB":-1,"N_SYMB":-1,"ROT_SYMB":0,"score_potentiel":55,"niveau_potentiel":"Élevé 🟢","pente_degres":17.0,"type_affleurement":"Affleurement Moyen (Escarpement) 🟠","score_relieffiltered":62.7},"geometry":{"type":"Polygon","coordinates":[[[3.2535,43.5193],[3.2537,43.52],[3.2542,43.5194],[3.2543,43.5192],[3.2535,43.5193]]]}},{"type":"Feature","properties":{"MI_PRINX":3672997.0,"CARTE":264,"CODE":3442,"CODE_LEG":467,"NOTATION":"o5Gg","DESCR":"Grès et grès quartzitiques à poundingues de galets de quartz à la base de Gabian (Caradoc supérieur)","C_FOND":50,"M_FOND":10,"J_FOND":50,"N_FOND":0,"NOM_SYMB":null,"C_SYMB":-1,"M_SYMB":-1,"J_SYMB":-1,"N_SYMB":-1,"ROT_SYMB":0,"score_potentiel":70,"niveau_potentiel":"Très élevé 🌟","pente_degres":31.8,"type_affleurement":"Affleurement Fort (Falaise / Ravine) 🔴","score_relieffiltered":100.0},"geometry":{"type":"Polygon","coordinates":[[[3.2512,43.5229],[3.2514,43.5227],[3.2517,43.5225],[3.2519,43.5224],[3.2522,43.5222],[3.2525,43.5221],[3.2528,43.522],[3.253,43.5219],[3.2531,43.5218],[3.2529,43.5218],[3.2528,43.5218],[3.2529,43.5214],[3.2531,43.5209],[3.2534,43.5205],[3.2535,43.5203],[3.2539,43.5204],[3.2542,43.5204],[3.2545,43.5203],[3.2548,43.5201],[3.255,43.5199],[3.255,43.5197],[3.2549,43.5195],[3.2546,43.5192],[3.2544,43.5191],[3.2543,43.5186],[3.2542,43.5184],[3.2533,43.5188],[3.2534,43.5191],[3.2534,43.5192],[3.2533,43.5194],[3.2532,43.5195],[3.253,43.5198],[3.2529,43.5201],[3.2528,43.5204],[3.2526,43.5208],[3.2525,43.5211],[3.2524,43.5214],[3.2523,43.5216],[3.2523,43.5219],[3.2522,43.5219],[3.252,43.5219],[3.2519,43.5219],[3.2517,43.522],[3.2516,43.522],[3.2515,43.522],[3.2514,43.522],[3.2512,43.5221],[3.251,43.5221],[3.2508,43.5222],[3.2512,43.5229]],[[3.2535,43.5193],[3.2543,43.5192],[3.2542,43.5194],[3.2537,43.52],[3.2535,43.5193]]]}},{"type":"Feature","properties":{"MI_PRINX":3672998.0,"CARTE":264,"CODE":3442,"CODE_LEG":467,"NOTATION":"o5Gg","DESCR":"Grès et grès quartzitiques à poundingues de galets de quartz à la base de Gabian (Caradoc supérieur)","C_FOND":50,"M_FOND":10,"J_FOND":50,"N_FOND":0,"NOM_SYMB":null,"C_SYMB":-1,"M_SYMB":-1,"J_SYMB":-1,"N_SYMB":-1,"ROT_SYMB":0,"score_potentiel":70,"niveau_potentiel":"Très élevé 🌟","pente_degres":17.7,"type_affleurement":"Affleurement Moyen (Escarpement) 🟠","score_relieffiltered":80.8},"geometry":{"type":"Polygon","coordinates":[[[3.2037,43.5232],[3.2038,43.5232],[3.2043,43.5231],[3.2047,43.523],[3.205,43.5229],[3.2052,43.5228],[3.2054,43.5226],[3.2055,43.5224],[3.2056,43.5223],[3.2055,43.5223],[3.205,43.5223],[3.2045,43.5224],[3.204,43.5224],[3.2036,43.5225],[3.2032,43.5226],[3.203,43.5228],[3.2029,43.5229],[3.2028,43.523],[3.2029,43.5231],[3.2031,43.5232],[3.2034,43.5232],[3.2037,43.5232]]]}},{"type":"Feature","properties":{"MI_PRINX":3666019.0,"CARTE":264,"CODE":50,"CODE_LEG":50,"NOTATION":"Fy","DESCR":"Blocs, galets et graviers de calcaires siliceux, de grès, de quartz, de lydiennes, de porphyrites et de débris basaltiques (Terrasses glaciaires Würm)","C_FOND":10,"M_FOND":0,"J_FOND":10,"N_FOND":0,"NOM_SYMB":null,"C_SYMB":-1,"M_SYMB":-1,"J_SYMB":-1,"N_SYMB":-1,"ROT_SYMB":0,"score_potentiel":70,"niveau_potentiel":"Très élevé 🌟","pente_degres":19.9,"type_affleurement":"Affleurement Moyen (Escarpement) 🟠","score_relieffiltered":83.9},"geometry":{"type":"Polygon","coordinates":[[[3.1688,43.6075],[3.1687,43.6075],[3.1678,43.608],[3.1672,43.6084],[3.1666,43.609],[3.1656,43.6094],[3.1652,43.6098],[3.1653,43.6104],[3.1657,43.6113],[3.1662,43.6123],[3.1663,43.613],[3.1664,43.6132],[3.1668,43.6144],[3.1674,43.6155],[3.1679,43.6161],[3.1683,43.6163],[3.1686,43.6163],[3.1688,43.6161],[3.1689,43.6157],[3.1689,43.6154],[3.1683,43.6139],[3.1682,43.6136],[3.1684,43.6135],[3.1693,43.614],[3.1701,43.6142],[3.1702,43.6143],[3.1708,43.6142],[3.1718,43.6141],[3.1728,43.6139],[3.1733,43.6138],[3.1742,43.6138],[3.1744,43.6139],[3.1749,43.6139],[3.1749,43.6139],[3.1755,43.614],[3.1761,43.6141],[3.1768,43.6141],[3.1779,43.614],[3.1795,43.6135],[3.1803,43.6133],[3.1808,43.6132],[3.1811,43.6131],[3.181,43.6131],[3.1801,43.6129],[3.1796,43.6129],[3.1793,43.6128],[3.1787,43.6128],[3.1781,43.6127],[3.1771,43.6126],[3.1759,43.6123],[3.1744,43.6119],[3.1729,43.6113],[3.1725,43.6111],[3.1715,43.6105],[3.1701,43.6094],[3.1694,43.6085],[3.1688,43.6075]]]}},{"type":"Feature","properties":{"MI_PRINX":3666143.0,"CARTE":264,"CODE":50,"CODE_LEG":50,"NOTATION":"Fy","DESCR":"Blocs, galets et graviers de calcaires siliceux, de grès, de quartz, de lydiennes, de porphyrites et de débris basaltiques (Terrasses glaciaires Würm)","C_FOND":10,"M_FOND":0,"J_FOND":10,"N_FOND":0,"NOM_SYMB":null,"C_SYMB":-1,"M_SYMB":-1,"J_SYMB":-1,"N_SYMB":-1,"ROT_SYMB":0,"score_potentiel":70,"niveau_potentiel":"Très élevé 🌟","pente_degres":31.0,"type_affleurement":"Affleurement Fort (Falaise / Ravine) 🔴","score_relieffiltered":99.4},"geometry":{"type":"Polygon","coordinates":[[[2.9922,43.6159],[2.9931,43.6161],[2.9941,43.6161],[2.9949,43.616],[2.9965,43.6158],[2.9972,43.6157],[2.9976,43.6156],[2.9985,43.6155],[2.9992,43.6154],[2.9998,43.6153],[2.9999,43.6153],[3.0,43.6152],[3.0002,43.6152],[3.0008,43.6151],[3.0021,43.6149],[3.0022,43.6149],[3.0021,43.6148],[3.0011,43.6146],[3.0006,43.6145],[3.0005,43.6145],[3.0001,43.6145],[2.9992,43.6144],[2.9972,43.6144],[2.996,43.6145],[2.9952,43.6148],[2.9939,43.6153],[2.9928,43.6157],[2.9922,43.6159]]]}},{"type":"Feature","properties":{"MI_PRINX":3672768.0,"CARTE":264,"CODE":3442,"CODE_LEG":467,"NOTATION":"o5Gg","DESCR":"Grès et grès quartzitiques à poundingues de galets de quartz à la base de Gabian (Caradoc supérieur)","C_FOND":50,"M_FOND":10,"J_FOND":50,"N_FOND":0,"NOM_SYMB":null,"C_SYMB":-1,"M_SYMB":-1,"J_SYMB":-1,"N_SYMB":-1,"ROT_SYMB":0,"score_potentiel":70,"niveau_potentiel":"Très élevé 🌟","pente_degres":19.3,"type_affleurement":"Affleurement Moyen (Escarpement) 🟠","score_relieffiltered":83.0},"geometry":{"type":"Polygon","coordinates":[[[3.2621,43.5286],[3.2629,43.5285],[3.2637,43.5284],[3.2641,43.5283],[3.264,43.5282],[3.2639,43.5282],[3.2637,43.5281],[3.2636,43.5281],[3.2634,43.5281],[3.2632,43.5281],[3.263,43.5281],[3.2629,43.5281],[3.2625,43.5284],[3.2621,43.5286]]]}},{"type":"Feature","properties":{"MI_PRINX":3673034.0,"CARTE":264,"CODE":3441,"CODE_LEG":466,"NOTATION":"o6Gmc","DESCR":"Marnes et calcaires organo-détritiques, fossilifère de Gabian - Ecailles de Cabrières (Ashgill)","C_FOND":25,"M_FOND":10,"J_FOND":50,"N_FOND":0,"NOM_SYMB":null,"C_SYMB":-1,"M_SYMB":-1,"J_SYMB":-1,"N_SYMB":-1,"ROT_SYMB":0,"score_potentiel":80,"niveau_potentiel":"Très élevé 🌟","pente_degres":19.7,"type_affleurement":"Affleurement Moyen (Escarpement) 🟠","score_relieffiltered":95.5},"geometry":{"type":"Polygon","coordinates":[[[3.2516,43.522],[3.2517,43.522],[3.2519,43.5219],[3.252,43.5219],[3.2522,43.5219],[3.2523,43.5219],[3.2523,43.5216],[3.2524,43.5214],[3.2525,43.5211],[3.2526,43.5208],[3.2528,43.5204],[3.2529,43.5201],[3.253,43.5198],[3.2532,43.5195],[3.2533,43.5194],[3.2534,43.5192],[3.2534,43.5191],[3.2533,43.5188],[3.2531,43.5186],[3.253,43.5188],[3.2529,43.519],[3.2528,43.5193],[3.2527,43.5196],[3.2525,43.5199],[3.2523,43.5202],[3.2521,43.5205],[3.2519,43.5207],[3.2518,43.521],[3.2517,43.5213],[3.2517,43.5216],[3.2516,43.5218],[3.2516,43.522]]]}},{"type":"Feature","properties":{"MI_PRINX":3666274.0,"CARTE":264,"CODE":50,"CODE_LEG":50,"NOTATION":"Fy","DESCR":"Blocs, galets et graviers de calcaires siliceux, de grès, de quartz, de lydiennes, de porphyrites et de débris basaltiques (Terrasses glaciaires Würm)","C_FOND":10,"M_FOND":0,"J_FOND":10,"N_FOND":0,"NOM_SYMB":null,"C_SYMB":-1,"M_SYMB":-1,"J_SYMB":-1,"N_SYMB":-1,"ROT_SYMB":0,"score_potentiel":70,"niveau_potentiel":"Très élevé 🌟","pente_degres":19.7,"type_affleurement":"Affleurement Moyen (Escarpement) 🟠","score_relieffiltered":83.6},"geometry":{"type":"Polygon","coordinates":[[[2.8428,43.6153],[2.843,43.6153],[2.8437,43.615],[2.8441,43.6149],[2.8443,43.6147],[2.8443,43.6146],[2.8443,43.6144],[2.8443,43.6141],[2.8445,43.6139],[2.8452,43.6136],[2.8453,43.6134],[2.8453,43.6131],[2.8451,43.6128],[2.8451,43.6127],[2.845,43.6125],[2.8451,43.6122],[2.8451,43.612],[2.8448,43.6119],[2.8441,43.6122],[2.8437,43.6122],[2.8434,43.6121],[2.8425,43.6115],[2.8422,43.6115],[2.8418,43.6117],[2.8407,43.6123],[2.8403,43.6126],[2.8402,43.6127],[2.8402,43.6128],[2.8402,43.613],[2.8402,43.6131],[2.8403,43.6132],[2.8404,43.6135],[2.8403,43.6137],[2.8403,43.6139],[2.8404,43.6141],[2.8405,43.6143],[2.8406,43.6144],[2.841,43.6147],[2.8411,43.6148],[2.8412,43.6151],[2.8412,43.6151],[2.8417,43.6148],[2.8418,43.6146],[2.8419,43.6141],[2.8419,43.6134],[2.842,43.6132],[2.8422,43.613],[2.8424,43.6132],[2.8425,43.6137],[2.8427,43.6139],[2.8432,43.6143],[2.8434,43.6145],[2.8433,43.6146],[2.8432,43.6147],[2.8429,43.6145],[2.8428,43.6143],[2.8426,43.6142],[2.8424,43.6142],[2.8422,43.6143],[2.8421,43.6144],[2.8421,43.6148],[2.8422,43.615],[2.8425,43.6152],[2.8428,43.6153]]]}},{"type":"Feature","properties":{"MI_PRINX":3672968.0,"CARTE":264,"CODE":3441,"CODE_LEG":466,"NOTATION":"o6Gmc","DESCR":"Marnes et calcaires organo-détritiques, fossilifère de Gabian - Ecailles de Cabrières (Ashgill)","C_FOND":25,"M_FOND":10,"J_FOND":50,"N_FOND":0,"NOM_SYMB":null,"C_SYMB":-1,"M_SYMB":-1,"J_SYMB":-1,"N_SYMB":-1,"ROT_SYMB":0,"score_potentiel":80,"niveau_potentiel":"Très élevé 🌟","pente_degres":16.8,"type_affleurement":"Affleurement Moyen (Escarpement) 🟠","score_relieffiltered":90.9},"geometry":{"type":"Polygon","coordinates":[[[3.2505,43.5237],[3.2507,43.5237],[3.251,43.5236],[3.2513,43.5236],[3.2516,43.5235],[3.2516,43.5235],[3.2515,43.5235],[3.2514,43.5234],[3.2513,43.5233],[3.2512,43.5233],[3.2511,43.5232],[3.2511,43.5231],[3.2511,43.5231],[3.251,43.523],[3.2511,43.5229],[3.2512,43.5229],[3.2508,43.5222],[3.2505,43.5222],[3.2504,43.5223],[3.2502,43.5223],[3.25,43.5224],[3.25,43.5224],[3.25,43.5225],[3.25,43.5226],[3.2502,43.5229],[3.2505,43.5234],[3.2505,43.5237]]]}},{"type":"Feature","properties":{"MI_PRINX":3671550.0,"CARTE":264,"CODE":50,"CODE_LEG":50,"NOTATION":"Fy","DESCR":"Blocs, galets et graviers de calcaires siliceux, de grès, de quartz, de lydiennes, de porphyrites et de débris basaltiques (Terrasses glaciaires Würm)","C_FOND":10,"M_FOND":0,"J_FOND":10,"N_FOND":0,"NOM_SYMB":null,"C_SYMB":-1,"M_SYMB":-1,"J_SYMB":-1,"N_SYMB":-1,"ROT_SYMB":0,"score_potentiel":70,"niveau_potentiel":"Très élevé 🌟","pente_degres":19.4,"type_affleurement":"Affleurement Moyen (Escarpement) 🟠","score_relieffiltered":83.2},"geometry":{"type":"Polygon","coordinates":[[[3.3844,43.5488],[3.3843,43.5486],[3.3843,43.5484],[3.3841,43.5482],[3.3838,43.5481],[3.3836,43.5479],[3.3833,43.5477],[3.3829,43.5476],[3.3824,43.5474],[3.3818,43.5472],[3.3813,43.5469],[3.3811,43.5467],[3.381,43.5465],[3.3809,43.5462],[3.381,43.5458],[3.3812,43.5455],[3.3814,43.5452],[3.3816,43.545],[3.3817,43.5447],[3.3818,43.5446],[3.382,43.5445],[3.3822,43.5444],[3.3824,43.5444],[3.3826,43.5443],[3.3826,43.5441],[3.3827,43.544],[3.3827,43.5437],[3.3827,43.5435],[3.3828,43.5432],[3.383,43.5429],[3.3833,43.5428],[3.3836,43.5426],[3.3838,43.5425],[3.384,43.5423],[3.3841,43.5421],[3.3841,43.5419],[3.3841,43.5417],[3.384,43.5415],[3.3838,43.5413],[3.3836,43.5413],[3.3834,43.5412],[3.383,43.5413],[3.3824,43.5414],[3.3819,43.5415],[3.3815,43.5417],[3.3811,43.5419],[3.3805,43.5421],[3.38,43.5422],[3.3796,43.5422],[3.3792,43.5422],[3.3791,43.5425],[3.3789,43.5427],[3.3787,43.5428],[3.3784,43.5429],[3.3781,43.543],[3.3778,43.5431],[3.3777,43.5433],[3.3776,43.5435],[3.3776,43.5437],[3.3776,43.544],[3.3778,43.5444],[3.3779,43.5448],[3.3781,43.5451],[3.3781,43.5453],[3.3782,43.5456],[3.3781,43.5459],[3.3779,43.5466],[3.3777,43.5469],[3.3777,43.5471],[3.3778,43.5473],[3.378,43.5474],[3.3781,43.5474],[3.3783,43.5474],[3.3787,43.5473],[3.379,43.5473],[3.3793,43.5473],[3.3796,43.5475],[3.3798,43.5476],[3.38,43.5478],[3.3802,43.5478],[3.3804,43.5478],[3.3806,43.5478],[3.3809,43.5478],[3.3813,43.5478],[3.3819,43.5478],[3.3823,43.5479],[3.3827,43.548],[3.3831,43.5482],[3.3835,43.5485],[3.3838,43.5487],[3.3838,43.5487],[3.3843,43.5488],[3.3844,43.5488]]]}},{"type":"Feature","properties":{"MI_PRINX":3666527.0,"CARTE":264,"CODE":3312,"CODE_LEG":420,"NOTATION":"h2EC©","DESCR":"Calcaires noduleux et lydiennes vertes du Pic de Vissou - Ecailles de Cabrières (Viséen)","C_FOND":60,"M_FOND":40,"J_FOND":70,"N_FOND":0,"NOM_SYMB":null,"C_SYMB":-1,"M_SYMB":-1,"J_SYMB":-1,"N_SYMB":-1,"ROT_SYMB":0,"score_potentiel":70,"niveau_potentiel":"Très élevé 🌟","pente_degres":31.1,"type_affleurement":"Affleurement Fort (Falaise / Ravine) 🔴","score_relieffiltered":99.5},"geometry":{"type":"Polygon","coordinates":[[[3.3924,43.608],[3.3904,43.6067],[3.3893,43.606],[3.3888,43.6058],[3.3888,43.6057],[3.3882,43.6059],[3.3879,43.606],[3.3881,43.6061],[3.3903,43.6071],[3.3922,43.6083],[3.3924,43.608]]]}},{"type":"Feature","properties":{"MI_PRINX":3672956.0,"CARTE":264,"CODE":50,"CODE_LEG":50,"NOTATION":"Fy","DESCR":"Blocs, galets et graviers de calcaires siliceux, de grès, de quartz, de lydiennes, de porphyrites et de débris basaltiques (Terrasses glaciaires Würm)","C_FOND":10,"M_FOND":0,"J_FOND":10,"N_FOND":0,"NOM_SYMB":null,"C_SYMB":-1,"M_SYMB":-1,"J_SYMB":-1,"N_SYMB":-1,"ROT_SYMB":0,"score_potentiel":70,"niveau_potentiel":"Très élevé 🌟","pente_degres":19.4,"type_affleurement":"Affleurement Moyen (Escarpement) 🟠","score_relieffiltered":83.2},"geometry":{"type":"Polygon","coordinates":[[[3.3055,43.5235],[3.3057,43.5235],[3.3059,43.5236],[3.3062,43.5236],[3.3065,43.5236],[3.3067,43.5236],[3.3069,43.5235],[3.3071,43.5233],[3.3074,43.5232],[3.3074,43.5231],[3.3074,43.5231],[3.3077,43.5229],[3.3081,43.5227],[3.3084,43.5225],[3.3085,43.5223],[3.3085,43.522],[3.3084,43.5218],[3.3084,43.5216],[3.3085,43.5212],[3.3088,43.521],[3.3091,43.5207],[3.3098,43.5205],[3.3102,43.5202],[3.3105,43.5199],[3.3106,43.5195],[3.3107,43.5193],[3.311,43.519],[3.3115,43.5187],[3.3118,43.5185],[3.3119,43.5182],[3.312,43.518],[3.3119,43.5179],[3.3117,43.518],[3.3114,43.5181],[3.3112,43.5183],[3.3109,43.5184],[3.3107,43.5183],[3.3106,43.5182],[3.3107,43.5181],[3.3114,43.5174],[3.3111,43.5174],[3.3108,43.5174],[3.3102,43.5174],[3.3093,43.5176],[3.3086,43.5177],[3.308,43.5179],[3.3074,43.5179],[3.3069,43.5179],[3.3065,43.518],[3.3062,43.5181],[3.3057,43.5183],[3.3053,43.5184],[3.3049,43.5184],[3.3044,43.5183],[3.3038,43.5181],[3.3033,43.5179],[3.303,43.5179],[3.3028,43.518],[3.3026,43.518],[3.3025,43.5179],[3.3023,43.5178],[3.302,43.5178],[3.3017,43.5178],[3.3014,43.5178],[3.3009,43.5176],[3.3005,43.5176],[3.3004,43.5177],[3.3003,43.5178],[3.3004,43.5179],[3.3005,43.5181],[3.3008,43.5181],[3.3011,43.5182],[3.3014,43.5183],[3.3016,43.5185],[3.3017,43.5188],[3.3017,43.5189],[3.3018,43.519],[3.3019,43.5189],[3.3021,43.5186],[3.3022,43.5186],[3.3025,43.5187],[3.3027,43.5188],[3.3028,43.5191],[3.3031,43.5197],[3.3033,43.5202],[3.3036,43.5208],[3.3038,43.5213],[3.3038,43.5215],[3.3038,43.5217],[3.3037,43.5218],[3.3037,43.5218],[3.3035,43.522],[3.3033,43.5222],[3.3033,43.5223],[3.3033,43.5224],[3.3032,43.5226],[3.3034,43.5227],[3.3037,43.5227],[3.304,43.5227],[3.3043,43.5227],[3.3046,43.5226],[3.3048,43.5227],[3.305,43.5228],[3.3052,43.523],[3.3054,43.5232],[3.3055,43.5235]]]}},{"type":"Feature","properties":{"MI_PRINX":3673042.0,"CARTE":264,"CODE":3443,"CODE_LEG":468,"NOTATION":"o5Gvs","DESCR":"Grauwackes, schistes psammitiques et coulées interstratifiées d'andésites de Gabian - Ecailles de Cabrières (Caradoc inférieur?)","C_FOND":25,"M_FOND":0,"J_FOND":10,"N_FOND":0,"NOM_SYMB":null,"C_SYMB":-1,"M_SYMB":-1,"J_SYMB":-1,"N_SYMB":-1,"ROT_SYMB":0,"score_potentiel":55,"niveau_potentiel":"Élevé 🟢","pente_degres":31.6,"type_affleurement":"Affleurement Fort (Falaise / Ravine) 🔴","score_relieffiltered":78.8},"geometry":{"type":"Polygon","coordinates":[[[3.2531,43.5218],[3.2533,43.5218],[3.2535,43.5218],[3.2537,43.5218],[3.2541,43.5215],[3.2546,43.5212],[3.255,43.5211],[3.2553,43.5209],[3.2554,43.5208],[3.2556,43.5206],[3.2559,43.5206],[3.256,43.5206],[3.2563,43.5205],[3.2567,43.5203],[3.257,43.5202],[3.2574,43.5202],[3.2578,43.5201],[3.2582,43.52],[3.2585,43.52],[3.2587,43.5199],[3.259,43.5197],[3.2593,43.5195],[3.2595,43.5193],[3.2597,43.5191],[3.26,43.519],[3.2603,43.5188],[3.2608,43.5187],[3.2614,43.5186],[3.2618,43.5186],[3.262,43.5186],[3.2622,43.5186],[3.2627,43.5188],[3.2633,43.519],[3.2635,43.5189],[3.2636,43.5188],[3.2637,43.5186],[3.2638,43.5184],[3.264,43.5182],[3.2642,43.518],[3.2644,43.5179],[3.2646,43.5178],[3.2648,43.5177],[3.265,43.5176],[3.2653,43.5175],[3.2654,43.5175],[3.2653,43.5175],[3.2651,43.5173],[3.2649,43.5172],[3.2649,43.5172],[3.2646,43.5173],[3.2644,43.5174],[3.2641,43.5174],[3.2639,43.5172],[3.2638,43.5173],[3.2636,43.5174],[3.2632,43.5174],[3.2628,43.5174],[3.2626,43.5176],[3.2622,43.5179],[3.262,43.5179],[3.2618,43.5178],[3.2617,43.5176],[3.2615,43.5175],[3.2611,43.5175],[3.2609,43.5173],[3.2605,43.5172],[3.2601,43.5172],[3.2599,43.5172],[3.2596,43.5173],[3.2592,43.5174],[3.2589,43.5175],[3.2587,43.5176],[3.2585,43.5177],[3.2583,43.5178],[3.2581,43.518],[3.258,43.5182],[3.2579,43.5185],[3.2577,43.5188],[3.2575,43.5191],[3.2574,43.5193],[3.2572,43.5194],[3.2569,43.5195],[3.2567,43.5195],[3.2564,43.5195],[3.256,43.5193],[3.2556,43.5192],[3.2551,43.5189],[3.2547,43.5186],[3.2547,43.5187],[3.2544,43.5191],[3.2546,43.5192],[3.2549,43.5195],[3.255,43.5197],[3.255,43.5199],[3.2548,43.5201],[3.2545,43.5203],[3.2542,43.5204],[3.2539,43.5204],[3.2535,43.5203],[3.2534,43.5205],[3.2531,43.5209],[3.2529,43.5214],[3.2528,43.5218],[3.2529,43.5218],[3.2531,43.5218]]]}},{"type":"Feature","properties":{"MI_PRINX":3673097.0,"CARTE":264,"CODE":3316,"CODE_LEG":424,"NOTATION":"h1MF","DESCR":"Calcaires et lydiennes à nodules phosphatés du Pic de Vissou et de la Serre - Nappes des Monts de Faugères (Tournaisien)","C_FOND":20,"M_FOND":40,"J_FOND":70,"N_FOND":0,"NOM_SYMB":null,"C_SYMB":-1,"M_SYMB":-1,"J_SYMB":-1,"N_SYMB":-1,"ROT_SYMB":0,"score_potentiel":70,"niveau_potentiel":"Très élevé 🌟","pente_degres":18.2,"type_affleurement":"Affleurement Moyen (Escarpement) 🟠","score_relieffiltered":81.5},"geometry":{"type":"Polygon","coordinates":[[[2.9897,43.5189],[2.9898,43.5191],[2.9897,43.5193],[2.9896,43.5196],[2.9893,43.5199],[2.9891,43.5201],[2.989,43.5205],[2.9889,43.5208],[2.9889,43.521],[2.9889,43.5212],[2.989,43.5214],[2.9891,43.5217],[2.9892,43.5219],[2.9892,43.5222],[2.9894,43.5217],[2.9897,43.5209],[2.99,43.5203],[2.9902,43.5199],[2.9904,43.5196],[2.9904,43.5194],[2.9905,43.5193],[2.9904,43.5192],[2.9903,43.5191],[2.9901,43.519],[2.9899,43.5189],[2.9897,43.5189]]]}},{"type":"Feature","properties":{"MI_PRINX":3666112.0,"CARTE":264,"CODE":50,"CODE_LEG":50,"NOTATION":"Fy","DESCR":"Blocs, galets et graviers de calcaires siliceux, de grès, de quartz, de lydiennes, de porphyrites et de débris basaltiques (Terrasses glaciaires Würm)","C_FOND":10,"M_FOND":0,"J_FOND":10,"N_FOND":0,"NOM_SYMB":null,"C_SYMB":-1,"M_SYMB":-1,"J_SYMB":-1,"N_SYMB":-1,"ROT_SYMB":0,"score_potentiel":70,"niveau_potentiel":"Très élevé 🌟","pente_degres":17.1,"type_affleurement":"Affleurement Moyen (Escarpement) 🟠","score_relieffiltered":79.9},"geometry":{"type":"Polygon","coordinates":[[[2.8308,43.6169],[2.8311,43.6172],[2.8314,43.6172],[2.8318,43.6171],[2.8318,43.6167],[2.8316,43.6162],[2.8316,43.616],[2.8315,43.6159],[2.8315,43.6155],[2.8318,43.6152],[2.8321,43.615],[2.8323,43.6149],[2.8326,43.6146],[2.8326,43.6144],[2.8323,43.614],[2.8321,43.614],[2.832,43.6138],[2.832,43.6135],[2.8323,43.6131],[2.8323,43.6129],[2.8321,43.613],[2.8305,43.6136],[2.8303,43.6136],[2.83,43.6136],[2.8296,43.6135],[2.8295,43.6134],[2.8294,43.6136],[2.8293,43.614],[2.8291,43.6142],[2.8289,43.6147],[2.8288,43.6149],[2.8288,43.6154],[2.8289,43.6157],[2.8291,43.6159],[2.8296,43.6161],[2.8301,43.6161],[2.8305,43.6161],[2.8306,43.6162],[2.8306,43.6164],[2.8306,43.6167],[2.8308,43.6169]]]}},{"type":"Feature","properties":{"MI_PRINX":3666508.0,"CARTE":264,"CODE":3316,"CODE_LEG":424,"NOTATION":"h1MF","DESCR":"Calcaires et lydiennes à nodules phosphatés du Pic de Vissou et de la Serre - Nappes des Monts de Faugères (Tournaisien)","C_FOND":20,"M_FOND":40,"J_FOND":70,"N_FOND":0,"NOM_SYMB":null,"C_SYMB":-1,"M_SYMB":-1,"J_SYMB":-1,"N_SYMB":-1,"ROT_SYMB":0,"score_potentiel":70,"niveau_potentiel":"Très élevé 🌟","pente_degres":31.3,"type_affleurement":"Affleurement Fort (Falaise / Ravine) 🔴","score_relieffiltered":99.8},"geometry":{"type":"Polygon","coordinates":[[[3.3922,43.6083],[3.3903,43.6071],[3.3881,43.6061],[3.3879,43.606],[3.3876,43.6062],[3.3871,43.6064],[3.3893,43.6071],[3.3902,43.6075],[3.3911,43.6081],[3.3911,43.6081],[3.392,43.6084],[3.3922,43.6083]]]}},{"type":"Feature","properties":{"MI_PRINX":3671783.0,"CARTE":264,"CODE":3442,"CODE_LEG":467,"NOTATION":"o5Gg","DESCR":"Grès et grès quartzitiques à poundingues de galets de quartz à la base de Gabian (Caradoc supérieur)","C_FOND":50,"M_FOND":10,"J_FOND":50,"N_FOND":0,"NOM_SYMB":null,"C_SYMB":-1,"M_SYMB":-1,"J_SYMB":-1,"N_SYMB":-1,"ROT_SYMB":0,"score_potentiel":70,"niveau_potentiel":"Très élevé 🌟","pente_degres":19.1,"type_affleurement":"Affleurement Moyen (Escarpement) 🟠","score_relieffiltered":82.7},"geometry":{"type":"Polygon","coordinates":[[[3.3167,43.5458],[3.3167,43.5458],[3.3171,43.5458],[3.317,43.5458],[3.317,43.5457],[3.3169,43.5457],[3.3166,43.5455],[3.3159,43.5453],[3.3151,43.545],[3.3149,43.5449],[3.3143,43.5452],[3.3145,43.5453],[3.3155,43.5458],[3.3157,43.5458],[3.3167,43.5458]]]}},{"type":"Feature","properties":{"MI_PRINX":3666645.0,"CARTE":264,"CODE":50,"CODE_LEG":50,"NOTATION":"Fy","DESCR":"Blocs, galets et graviers de calcaires siliceux, de grès, de quartz, de lydiennes, de porphyrites et de débris basaltiques (Terrasses glaciaires Würm)","C_FOND":10,"M_FOND":0,"J_FOND":10,"N_FOND":0,"NOM_SYMB":null,"C_SYMB":-1,"M_SYMB":-1,"J_SYMB":-1,"N_SYMB":-1,"ROT_SYMB":0,"score_potentiel":70,"niveau_potentiel":"Très élevé 🌟","pente_degres":19.2,"type_affleurement":"Affleurement Moyen (Escarpement) 🟠","score_relieffiltered":82.9},"geometry":{"type":"Polygon","coordinates":[[[3.1619,43.6005],[3.1627,43.6015],[3.1628,43.6019],[3.1626,43.6026],[3.1629,43.603],[3.1634,43.6033],[3.1641,43.6034],[3.1648,43.6034],[3.1657,43.6033],[3.166,43.6033],[3.1665,43.6036],[3.1664,43.6038],[3.166,43.6047],[3.1653,43.6054],[3.1647,43.6057],[3.164,43.6061],[3.1637,43.6069],[3.1637,43.607],[3.1637,43.6074],[3.1637,43.608],[3.164,43.6085],[3.1646,43.6089],[3.1651,43.6089],[3.1658,43.6085],[3.1662,43.608],[3.1665,43.6075],[3.1673,43.6067],[3.1677,43.6061],[3.1681,43.6058],[3.1688,43.6058],[3.1692,43.6059],[3.1699,43.6054],[3.1711,43.6044],[3.1718,43.6041],[3.1721,43.6041],[3.1727,43.604],[3.1736,43.604],[3.1739,43.6039],[3.174,43.6038],[3.1738,43.6037],[3.1733,43.6035],[3.173,43.6033],[3.1722,43.6025],[3.1715,43.6021],[3.1708,43.602],[3.1701,43.602],[3.1691,43.6017],[3.1683,43.6012],[3.1673,43.6],[3.1666,43.5999],[3.1661,43.5997],[3.1645,43.5993],[3.1643,43.5994],[3.1636,43.5996],[3.1632,43.5996],[3.1625,43.5997],[3.1619,43.5999],[3.1618,43.6002],[3.1619,43.6005]]]}},{"type":"Feature","properties":{"MI_PRINX":3666769.0,"CARTE":264,"CODE":3316,"CODE_LEG":424,"NOTATION":"h1MF","DESCR":"Calcaires et lydiennes à nodules phosphatés du Pic de Vissou et de la Serre - Nappes des Monts de Faugères (Tournaisien)","C_FOND":20,"M_FOND":40,"J_FOND":70,"N_FOND":0,"NOM_SYMB":null,"C_SYMB":-1,"M_SYMB":-1,"J_SYMB":-1,"N_SYMB":-1,"ROT_SYMB":0,"score_potentiel":70,"niveau_potentiel":"Très élevé 🌟","pente_degres":32.4,"type_affleurement":"Affleurement Fort (Falaise / Ravine) 🔴","score_relieffiltered":100.0},"geometry":{"type":"Polygon","coordinates":[[[3.3882,43.6055],[3.3882,43.6055],[3.3882,43.6051],[3.3879,43.6051],[3.3862,43.6045],[3.3849,43.6041],[3.3842,43.6039],[3.3834,43.6036],[3.3828,43.6038],[3.3835,43.604],[3.3843,43.6042],[3.3848,43.6043],[3.3851,43.6044],[3.386,43.6047],[3.3882,43.6055]]]}},{"type":"Feature","properties":{"MI_PRINX":3671898.0,"CARTE":264,"CODE":3316,"CODE_LEG":424,"NOTATION":"h1MF","DESCR":"Calcaires et lydiennes à nodules phosphatés du Pic de Vissou et de la Serre - Nappes des Monts de Faugères (Tournaisien)","C_FOND":20,"M_FOND":40,"J_FOND":70,"N_FOND":0,"NOM_SYMB":null,"C_SYMB":-1,"M_SYMB":-1,"J_SYMB":-1,"N_SYMB":-1,"ROT_SYMB":0,"score_potentiel":70,"niveau_potentiel":"Très élevé 🌟","pente_degres":31.3,"type_affleurement":"Affleurement Fort (Falaise / Ravine) 🔴","score_relieffiltered":99.8},"geometry":{"type":"Polygon","coordinates":[[[3.2042,43.5447],[3.2045,43.545],[3.2047,43.5452],[3.205,43.5454],[3.2051,43.5455],[3.2055,43.5454],[3.206,43.5452],[3.2065,43.5451],[3.2069,43.5449],[3.207,43.5447],[3.2071,43.5445],[3.2071,43.5443],[3.207,43.5444],[3.2068,43.5446],[3.2064,43.5448],[3.206,43.545],[3.2056,43.545],[3.2053,43.545],[3.2052,43.5447],[3.2052,43.5445],[3.2049,43.5443],[3.2047,43.5441],[3.2046,43.5439],[3.2045,43.5437],[3.2046,43.5434],[3.2048,43.543],[3.2049,43.5427],[3.2045,43.5428],[3.2041,43.543],[3.2039,43.5432],[3.2037,43.5434],[3.2036,43.5436],[3.2036,43.5438],[3.2037,43.5439],[3.2037,43.5441],[3.2039,43.5442],[3.2041,43.5443],[3.2043,43.5445],[3.2046,43.5446],[3.2042,43.5447]]]}},{"type":"Feature","properties":{"MI_PRINX":3666605.0,"CARTE":264,"CODE":50,"CODE_LEG":50,"NOTATION":"Fy","DESCR":"Blocs, galets et graviers de calcaires siliceux, de grès, de quartz, de lydiennes, de porphyrites et de débris basaltiques (Terrasses glaciaires Würm)","C_FOND":10,"M_FOND":0,"J_FOND":10,"N_FOND":0,"NOM_SYMB":null,"C_SYMB":-1,"M_SYMB":-1,"J_SYMB":-1,"N_SYMB":-1,"ROT_SYMB":0,"score_potentiel":70,"niveau_potentiel":"Très élevé 🌟","pente_degres":17.3,"type_affleurement":"Affleurement Moyen (Escarpement) 🟠","score_relieffiltered":80.2},"geometry":{"type":"Polygon","coordinates":[[[2.8663,43.611],[2.8663,43.6111],[2.8663,43.6112],[2.8665,43.6112],[2.8667,43.6112],[2.8668,43.611],[2.867,43.6108],[2.8671,43.6104],[2.8672,43.6103],[2.8673,43.6101],[2.8674,43.6099],[2.8674,43.6097],[2.8671,43.6097],[2.8669,43.6099],[2.8667,43.6102],[2.8665,43.6106],[2.8664,43.6109],[2.8663,43.611]]]}},{"type":"Feature","properties":{"MI_PRINX":3672006.0,"CARTE":264,"CODE":3442,"CODE_LEG":467,"NOTATION":"o5Gg","DESCR":"Grès et grès quartzitiques à poundingues de galets de quartz à la base de Gabian (Caradoc supérieur)","C_FOND":50,"M_FOND":10,"J_FOND":50,"N_FOND":0,"NOM_SYMB":null,"C_SYMB":-1,"M_SYMB":-1,"J_SYMB":-1,"N_SYMB":-1,"ROT_SYMB":0,"score_potentiel":70,"niveau_potentiel":"Très élevé 🌟","pente_degres":14.1,"type_affleurement":"Affleurement Moyen (Escarpement) 🟠","score_relieffiltered":75.7},"geometry":{"type":"Polygon","coordinates":[[[3.3064,43.5425],[3.3064,43.5427],[3.3064,43.543],[3.3064,43.5433],[3.3067,43.5433],[3.3069,43.5432],[3.3071,43.5431],[3.3073,43.543],[3.3074,43.5429],[3.3074,43.5428],[3.3074,43.5427],[3.3074,43.5427],[3.3073,43.5426],[3.3072,43.5426],[3.307,43.5425],[3.3068,43.5425],[3.3066,43.5425],[3.3064,43.5425]]]}},{"type":"Feature","properties":{"MI_PRINX":3666596.0,"CARTE":264,"CODE":50,"CODE_LEG":50,"NOTATION":"Fy","DESCR":"Blocs, galets et graviers de calcaires siliceux, de grès, de quartz, de lydiennes, de porphyrites et de débris basaltiques (Terrasses glaciaires Würm)","C_FOND":10,"M_FOND":0,"J_FOND":10,"N_FOND":0,"NOM_SYMB":null,"C_SYMB":-1,"M_SYMB":-1,"J_SYMB":-1,"N_SYMB":-1,"ROT_SYMB":0,"score_potentiel":70,"niveau_potentiel":"Très élevé 🌟","pente_degres":20.0,"type_affleurement":"Affleurement Moyen (Escarpement) 🟠","score_relieffiltered":84.0},"geometry":{"type":"Polygon","coordinates":[[[3.0809,43.6045],[3.0808,43.604],[3.0811,43.6034],[3.0813,43.6029],[3.0814,43.6027],[3.0812,43.6024],[3.0806,43.6016],[3.0802,43.6007],[3.08,43.6008],[3.0793,43.6022],[3.0787,43.6032],[3.0782,43.6042],[3.0777,43.6053],[3.0768,43.6065],[3.0757,43.6077],[3.075,43.608],[3.0749,43.6082],[3.075,43.6085],[3.0751,43.6087],[3.075,43.6088],[3.0745,43.61],[3.0746,43.6101],[3.0753,43.6096],[3.076,43.6087],[3.0765,43.6084],[3.0768,43.6082],[3.0772,43.6078],[3.0778,43.6075],[3.0784,43.6067],[3.079,43.6058],[3.0799,43.6051],[3.0809,43.6045]]]}},{"type":"Feature","properties":{"MI_PRINX":3667017.0,"CARTE":264,"CODE":3316,"CODE_LEG":424,"NOTATION":"h1MF","DESCR":"Calcaires et lydiennes à nodules phosphatés du Pic de Vissou et de la Serre - Nappes des Monts de Faugères (Tournaisien)","C_FOND":20,"M_FOND":40,"J_FOND":70,"N_FOND":0,"NOM_SYMB":null,"C_SYMB":-1,"M_SYMB":-1,"J_SYMB":-1,"N_SYMB":-1,"ROT_SYMB":0,"score_potentiel":70,"niveau_potentiel":"Très élevé 🌟","pente_degres":32.2,"type_affleurement":"Affleurement Fort (Falaise / Ravine) 🔴","score_relieffiltered":100.0},"geometry":{"type":"Polygon","coordinates":[[[3.3696,43.603],[3.3697,43.6027],[3.3691,43.6023],[3.3686,43.6022],[3.3679,43.6022],[3.3675,43.6022],[3.367,43.6024],[3.3671,43.6025],[3.3668,43.6025],[3.3655,43.602],[3.3654,43.6019],[3.3649,43.6018],[3.3646,43.6018],[3.3641,43.6017],[3.3641,43.6017],[3.364,43.602],[3.3646,43.6021],[3.3652,43.6022],[3.3668,43.6028],[3.3673,43.6029],[3.3672,43.6027],[3.3675,43.6026],[3.3683,43.6026],[3.3687,43.6026],[3.3696,43.603]]]}},{"type":"Feature","properties":{"MI_PRINX":3666900.0,"CARTE":264,"CODE":3316,"CODE_LEG":424,"NOTATION":"h1MF","DESCR":"Calcaires et lydiennes à nodules phosphatés du Pic de Vissou et de la Serre - Nappes des Monts de Faugères (Tournaisien)","C_FOND":20,"M_FOND":40,"J_FOND":70,"N_FOND":0,"NOM_SYMB":null,"C_SYMB":-1,"M_SYMB":-1,"J_SYMB":-1,"N_SYMB":-1,"ROT_SYMB":0,"score_potentiel":70,"niveau_potentiel":"Très élevé 🌟","pente_degres":31.4,"type_affleurement":"Affleurement Fort (Falaise / Ravine) 🔴","score_relieffiltered":100.0},"geometry":{"type":"Polygon","coordinates":[[[3.3812,43.6041],[3.381,43.604],[3.3805,43.6039],[3.3802,43.6039],[3.3797,43.6038],[3.379,43.6037],[3.3782,43.6036],[3.3775,43.6035],[3.3767,43.6034],[3.3769,43.6039],[3.3778,43.604],[3.3788,43.6041],[3.3795,43.6041],[3.3803,43.6042],[3.3805,43.6043],[3.3808,43.6042],[3.3812,43.6041]]]}},{"type":"Feature","properties":{"MI_PRINX":3671855.0,"CARTE":264,"CODE":3316,"CODE_LEG":424,"NOTATION":"h1MF","DESCR":"Calcaires et lydiennes à nodules phosphatés du Pic de Vissou et de la Serre - Nappes des Monts de Faugères (Tournaisien)","C_FOND":20,"M_FOND":40,"J_FOND":70,"N_FOND":0,"NOM_SYMB":null,"C_SYMB":-1,"M_SYMB":-1,"J_SYMB":-1,"N_SYMB":-1,"ROT_SYMB":0,"score_potentiel":70,"niveau_potentiel":"Très élevé 🌟","pente_degres":31.9,"type_affleurement":"Affleurement Fort (Falaise / Ravine) 🔴","score_relieffiltered":100.0},"geometry":{"type":"Polygon","coordinates":[[[3.0076,43.5439],[3.0079,43.5442],[3.0081,43.5443],[3.0084,43.5445],[3.0086,43.5446],[3.0089,43.5447],[3.0091,43.5447],[3.0094,43.5448],[3.0096,43.5448],[3.0099,43.5448],[3.0103,43.5448],[3.0106,43.5449],[3.0109,43.545],[3.0112,43.5451],[3.0116,43.5454],[3.0119,43.5456],[3.0123,43.546],[3.0126,43.5463],[3.0129,43.5465],[3.0131,43.5468],[3.0133,43.547],[3.0135,43.5472],[3.0136,43.5474],[3.0137,43.5473],[3.0137,43.5471],[3.0137,43.5469],[3.0135,43.5467],[3.0133,43.5464],[3.013,43.5461],[3.0127,43.5457],[3.0123,43.5453],[3.0119,43.545],[3.0116,43.5447],[3.0114,43.5446],[3.0112,43.5445],[3.0109,43.5445],[3.0104,43.5444],[3.0098,43.5443],[3.0092,43.5442],[3.0087,43.5441],[3.0082,43.5441],[3.0079,43.544],[3.0076,43.5439]]]}},{"type":"Feature","properties":{"MI_PRINX":3672116.0,"CARTE":264,"CODE":3442,"CODE_LEG":467,"NOTATION":"o5Gg","DESCR":"Grès et grès quartzitiques à poundingues de galets de quartz à la base de Gabian (Caradoc supérieur)","C_FOND":50,"M_FOND":10,"J_FOND":50,"N_FOND":0,"NOM_SYMB":null,"C_SYMB":-1,"M_SYMB":-1,"J_SYMB":-1,"N_SYMB":-1,"ROT_SYMB":0,"score_potentiel":70,"niveau_potentiel":"Très élevé 🌟","pente_degres":18.2,"type_affleurement":"Affleurement Moyen (Escarpement) 🟠","score_relieffiltered":81.5},"geometry":{"type":"Polygon","coordinates":[[[3.3008,43.5415],[3.3006,43.5414],[3.2992,43.5409],[3.2992,43.541],[3.2992,43.5412],[3.2993,43.5413],[3.2993,43.5414],[3.2994,43.5415],[3.2995,43.5416],[3.2996,43.5416],[3.2998,43.5416],[3.3,43.5416],[3.3002,43.5416],[3.3004,43.5415],[3.3006,43.5415],[3.3008,43.5415]]]}},{"type":"Feature","properties":{"MI_PRINX":3667013.0,"CARTE":264,"CODE":3312,"CODE_LEG":420,"NOTATION":"h2EC©","DESCR":"Calcaires noduleux et lydiennes vertes du Pic de Vissou - Ecailles de Cabrières (Viséen)","C_FOND":60,"M_FOND":40,"J_FOND":70,"N_FOND":0,"NOM_SYMB":null,"C_SYMB":-1,"M_SYMB":-1,"J_SYMB":-1,"N_SYMB":-1,"ROT_SYMB":0,"score_potentiel":70,"niveau_potentiel":"Très élevé 🌟","pente_degres":32.1,"type_affleurement":"Affleurement Fort (Falaise / Ravine) 🔴","score_relieffiltered":100.0},"geometry":{"type":"Polygon","coordinates":[[[3.3766,43.603],[3.3765,43.6027],[3.3761,43.6027],[3.3751,43.6026],[3.375,43.6026],[3.3733,43.6026],[3.3726,43.6026],[3.3719,43.6027],[3.3716,43.6028],[3.3717,43.603],[3.3723,43.603],[3.3725,43.6029],[3.3735,43.6029],[3.3747,43.6029],[3.3754,43.6029],[3.3759,43.603],[3.3766,43.603]]]}},{"type":"Feature","properties":{"MI_PRINX":3672089.0,"CARTE":264,"CODE":3316,"CODE_LEG":424,"NOTATION":"h1MF","DESCR":"Calcaires et lydiennes à nodules phosphatés du Pic de Vissou et de la Serre - Nappes des Monts de Faugères (Tournaisien)","C_FOND":20,"M_FOND":40,"J_FOND":70,"N_FOND":0,"NOM_SYMB":null,"C_SYMB":-1,"M_SYMB":-1,"J_SYMB":-1,"N_SYMB":-1,"ROT_SYMB":0,"score_potentiel":70,"niveau_potentiel":"Très élevé 🌟","pente_degres":31.9,"type_affleurement":"Affleurement Fort (Falaise / Ravine) 🔴","score_relieffiltered":100.0},"geometry":{"type":"Polygon","coordinates":[[[3.03,43.5415],[3.0302,43.5416],[3.0304,43.5418],[3.0307,43.5419],[3.0311,43.542],[3.0316,43.5422],[3.032,43.5423],[3.0324,43.5425],[3.0327,43.5427],[3.0331,43.5429],[3.0336,43.5432],[3.034,43.5434],[3.0343,43.5436],[3.0346,43.5438],[3.0349,43.5439],[3.035,43.5439],[3.0352,43.544],[3.0354,43.544],[3.0356,43.5441],[3.036,43.544],[3.0355,43.5438],[3.035,43.5435],[3.0346,43.5433],[3.0342,43.5431],[3.0338,43.5429],[3.0336,43.5428],[3.0333,43.5426],[3.033,43.5424],[3.0326,43.5422],[3.0323,43.542],[3.0319,43.5418],[3.0316,43.5416],[3.0314,43.5415],[3.0312,43.5414],[3.031,43.5414],[3.0307,43.5414],[3.0305,43.5414],[3.0302,43.5415],[3.03,43.5415]]]}},{"type":"Feature","properties":{"MI_PRINX":3672092.0,"CARTE":264,"CODE":3442,"CODE_LEG":467,"NOTATION":"o5Gg","DESCR":"Grès et grès quartzitiques à poundingues de galets de quartz à la base de Gabian (Caradoc supérieur)","C_FOND":50,"M_FOND":10,"J_FOND":50,"N_FOND":0,"NOM_SYMB":null,"C_SYMB":-1,"M_SYMB":-1,"J_SYMB":-1,"N_SYMB":-1,"ROT_SYMB":0,"score_potentiel":70,"niveau_potentiel":"Très élevé 🌟","pente_degres":19.3,"type_affleurement":"Affleurement Moyen (Escarpement) 🟠","score_relieffiltered":83.0},"geometry":{"type":"Polygon","coordinates":[[[3.3024,43.542],[3.3026,43.5418],[3.3029,43.5416],[3.3031,43.5416],[3.3029,43.5415],[3.3027,43.5415],[3.3025,43.5415],[3.3023,43.5415],[3.3021,43.5415],[3.3019,43.5415],[3.3017,43.5416],[3.3016,43.5416],[3.3014,43.5416],[3.3024,43.542]]]}},{"type":"Feature","properties":{"MI_PRINX":3672093.0,"CARTE":264,"CODE":3442,"CODE_LEG":467,"NOTATION":"o5Gg","DESCR":"Grès et grès quartzitiques à poundingues de galets de quartz à la base de Gabian (Caradoc supérieur)","C_FOND":50,"M_FOND":10,"J_FOND":50,"N_FOND":0,"NOM_SYMB":null,"C_SYMB":-1,"M_SYMB":-1,"J_SYMB":-1,"N_SYMB":-1,"ROT_SYMB":0,"score_potentiel":70,"niveau_potentiel":"Très élevé 🌟","pente_degres":17.9,"type_affleurement":"Affleurement Moyen (Escarpement) 🟠","score_relieffiltered":81.1},"geometry":{"type":"Polygon","coordinates":[[[3.3115,43.5416],[3.3114,43.5415],[3.3112,43.5414],[3.311,43.5413],[3.3108,43.5413],[3.3106,43.5412],[3.3104,43.5412],[3.3102,43.5412],[3.3099,43.5413],[3.3097,43.5414],[3.3096,43.5414],[3.3096,43.5416],[3.3096,43.5417],[3.3096,43.5418],[3.3096,43.5419],[3.3105,43.5417],[3.3115,43.5416]]]}},{"type":"Feature","properties":{"MI_PRINX":3672308.0,"CARTE":264,"CODE":3442,"CODE_LEG":467,"NOTATION":"o5Gg","DESCR":"Grès et grès quartzitiques à poundingues de galets de quartz à la base de Gabian (Caradoc supérieur)","C_FOND":50,"M_FOND":10,"J_FOND":50,"N_FOND":0,"NOM_SYMB":null,"C_SYMB":-1,"M_SYMB":-1,"J_SYMB":-1,"N_SYMB":-1,"ROT_SYMB":0,"score_potentiel":70,"niveau_potentiel":"Très élevé 🌟","pente_degres":18.2,"type_affleurement":"Affleurement Moyen (Escarpement) 🟠","score_relieffiltered":81.5},"geometry":{"type":"Polygon","coordinates":[[[3.3109,43.5376],[3.3113,43.5377],[3.3117,43.5377],[3.3109,43.5369],[3.3109,43.5376]]]}},{"type":"Feature","properties":{"MI_PRINX":3672305.0,"CARTE":264,"CODE":3441,"CODE_LEG":466,"NOTATION":"o6Gmc","DESCR":"Marnes et calcaires organo-détritiques, fossilifère de Gabian - Ecailles de Cabrières (Ashgill)","C_FOND":25,"M_FOND":10,"J_FOND":50,"N_FOND":0,"NOM_SYMB":null,"C_SYMB":-1,"M_SYMB":-1,"J_SYMB":-1,"N_SYMB":-1,"ROT_SYMB":0,"score_potentiel":80,"niveau_potentiel":"Très élevé 🌟","pente_degres":31.3,"type_affleurement":"Affleurement Fort (Falaise / Ravine) 🔴","score_relieffiltered":100.0},"geometry":{"type":"Polygon","coordinates":[[[3.3147,43.5378],[3.3148,43.5373],[3.3146,43.5371],[3.3142,43.5369],[3.3138,43.5365],[3.3136,43.5363],[3.3136,43.5362],[3.3135,43.5361],[3.3134,43.536],[3.3132,43.5359],[3.3129,43.5358],[3.3127,43.5357],[3.3124,43.5356],[3.3123,43.5355],[3.3119,43.5356],[3.3116,43.5356],[3.3115,43.5359],[3.3114,43.536],[3.3117,43.536],[3.3119,43.5361],[3.3121,43.5361],[3.3122,43.5361],[3.3124,43.5363],[3.3127,43.5365],[3.3129,43.5368],[3.3132,43.537],[3.3132,43.5367],[3.3132,43.5361],[3.3133,43.5362],[3.3135,43.5364],[3.3137,43.5367],[3.3139,43.5371],[3.3141,43.5374],[3.3143,43.5376],[3.3145,43.5377],[3.3147,43.5378]]]}},{"type":"Feature","properties":{"MI_PRINX":3672314.0,"CARTE":264,"CODE":3442,"CODE_LEG":467,"NOTATION":"o5Gg","DESCR":"Grès et grès quartzitiques à poundingues de galets de quartz à la base de Gabian (Caradoc supérieur)","C_FOND":50,"M_FOND":10,"J_FOND":50,"N_FOND":0,"NOM_SYMB":null,"C_SYMB":-1,"M_SYMB":-1,"J_SYMB":-1,"N_SYMB":-1,"ROT_SYMB":0,"score_potentiel":70,"niveau_potentiel":"Très élevé 🌟","pente_degres":31.3,"type_affleurement":"Affleurement Fort (Falaise / Ravine) 🔴","score_relieffiltered":99.8},"geometry":{"type":"Polygon","coordinates":[[[3.3109,43.5376],[3.3108,43.5374],[3.3106,43.5373],[3.3105,43.5372],[3.3104,43.5369],[3.3103,43.5366],[3.3103,43.5363],[3.3104,43.5361],[3.3102,43.5362],[3.31,43.5363],[3.3099,43.5364],[3.3097,43.5365],[3.3096,43.5366],[3.3095,43.5367],[3.3094,43.5368],[3.3092,43.5368],[3.309,43.5369],[3.3089,43.5369],[3.3087,43.5369],[3.3085,43.5369],[3.3083,43.5369],[3.3081,43.5369],[3.3079,43.5369],[3.3077,43.5369],[3.3075,43.5368],[3.3073,43.5367],[3.3071,43.5366],[3.3069,43.5366],[3.3067,43.5366],[3.3065,43.5366],[3.3063,43.5366],[3.3062,43.5365],[3.306,43.5364],[3.306,43.5363],[3.3059,43.5362],[3.3058,43.5361],[3.3058,43.536],[3.3054,43.5359],[3.3049,43.5356],[3.3046,43.5354],[3.3044,43.5351],[3.3042,43.535],[3.304,43.535],[3.3038,43.5349],[3.3036,43.5348],[3.3037,43.535],[3.3039,43.5352],[3.304,43.5355],[3.3042,43.5358],[3.3044,43.536],[3.3047,43.5363],[3.3049,43.5365],[3.3051,43.5366],[3.3053,43.5368],[3.3055,43.537],[3.3058,43.5371],[3.306,43.5372],[3.3063,43.5373],[3.3066,43.5374],[3.3069,43.5375],[3.3072,43.5375],[3.3075,43.5376],[3.3079,43.5376],[3.3084,43.5376],[3.309,43.5376],[3.3096,43.5376],[3.3102,43.5376],[3.3106,43.5376],[3.3108,43.5376],[3.3109,43.5376]]]}},{"type":"Feature","properties":{"MI_PRINX":3672316.0,"CARTE":264,"CODE":50,"CODE_LEG":50,"NOTATION":"Fy","DESCR":"Blocs, galets et graviers de calcaires siliceux, de grès, de quartz, de lydiennes, de porphyrites et de débris basaltiques (Terrasses glaciaires Würm)","C_FOND":10,"M_FOND":0,"J_FOND":10,"N_FOND":0,"NOM_SYMB":null,"C_SYMB":-1,"M_SYMB":-1,"J_SYMB":-1,"N_SYMB":-1,"ROT_SYMB":0,"score_potentiel":70,"niveau_potentiel":"Très élevé 🌟","pente_degres":18.8,"type_affleurement":"Affleurement Moyen (Escarpement) 🟠","score_relieffiltered":82.3},"geometry":{"type":"Polygon","coordinates":[[[3.3109,43.5376],[3.3109,43.5369],[3.3109,43.5367],[3.3109,43.5365],[3.311,43.5364],[3.311,43.5363],[3.3112,43.5362],[3.3112,43.5361],[3.3114,43.536],[3.3115,43.5359],[3.3116,43.5356],[3.3116,43.5355],[3.3116,43.5352],[3.3115,43.5349],[3.3114,43.5347],[3.3112,43.5344],[3.3109,43.5341],[3.3105,43.5338],[3.3101,43.5334],[3.3098,43.5332],[3.3094,43.5331],[3.3089,43.533],[3.3085,43.5329],[3.3082,43.533],[3.308,43.5331],[3.3079,43.5332],[3.3079,43.5334],[3.308,43.5335],[3.3083,43.5337],[3.3088,43.534],[3.3092,43.5343],[3.3093,43.5343],[3.3095,43.5345],[3.3097,43.5347],[3.3098,43.5348],[3.3099,43.535],[3.3101,43.5353],[3.3102,43.5354],[3.3103,43.5356],[3.3104,43.5358],[3.3104,43.536],[3.3104,43.5361],[3.3103,43.5363],[3.3103,43.5366],[3.3104,43.5369],[3.3105,43.5372],[3.3106,43.5373],[3.3108,43.5374],[3.3109,43.5376]]]}},{"type":"Feature","properties":{"MI_PRINX":3666972.0,"CARTE":264,"CODE":3316,"CODE_LEG":424,"NOTATION":"h1MF","DESCR":"Calcaires et lydiennes à nodules phosphatés du Pic de Vissou et de la Serre - Nappes des Monts de Faugères (Tournaisien)","C_FOND":20,"M_FOND":40,"J_FOND":70,"N_FOND":0,"NOM_SYMB":null,"C_SYMB":-1,"M_SYMB":-1,"J_SYMB":-1,"N_SYMB":-1,"ROT_SYMB":0,"score_potentiel":70,"niveau_potentiel":"Très élevé 🌟","pente_degres":31.8,"type_affleurement":"Affleurement Fort (Falaise / Ravine) 🔴","score_relieffiltered":100.0},"geometry":{"type":"Polygon","coordinates":[[[3.3767,43.6034],[3.3767,43.6031],[3.3766,43.603],[3.3759,43.603],[3.3754,43.6029],[3.3747,43.6029],[3.3735,43.6029],[3.3725,43.6029],[3.3723,43.603],[3.3717,43.603],[3.3718,43.6033],[3.3723,43.6033],[3.3726,43.6032],[3.3746,43.6032],[3.3756,43.6033],[3.3763,43.6034],[3.3767,43.6034]]]}},{"type":"Feature","properties":{"MI_PRINX":3667118.0,"CARTE":264,"CODE":3316,"CODE_LEG":424,"NOTATION":"h1MF","DESCR":"Calcaires et lydiennes à nodules phosphatés du Pic de Vissou et de la Serre - Nappes des Monts de Faugères (Tournaisien)","C_FOND":20,"M_FOND":40,"J_FOND":70,"N_FOND":0,"NOM_SYMB":null,"C_SYMB":-1,"M_SYMB":-1,"J_SYMB":-1,"N_SYMB":-1,"ROT_SYMB":0,"score_potentiel":70,"niveau_potentiel":"Très élevé 🌟","pente_degres":33.4,"type_affleurement":"Affleurement Fort (Falaise / Ravine) 🔴","score_relieffiltered":100.0},"geometry":{"type":"Polygon","coordinates":[[[3.3623,43.6019],[3.3613,43.6],[3.3606,43.5986],[3.3592,43.5974],[3.3581,43.5966],[3.3572,43.5962],[3.3565,43.5961],[3.3563,43.5964],[3.3557,43.5966],[3.3553,43.5966],[3.3547,43.5964],[3.3534,43.5967],[3.3531,43.5968],[3.3523,43.5968],[3.3516,43.5966],[3.3515,43.5966],[3.3511,43.5965],[3.3499,43.5964],[3.3495,43.5962],[3.3486,43.5957],[3.3477,43.5952],[3.3469,43.595],[3.3464,43.5949],[3.3461,43.5948],[3.3448,43.5941],[3.3441,43.5936],[3.344,43.5935],[3.3426,43.5929],[3.3424,43.5928],[3.3421,43.5929],[3.3423,43.593],[3.3432,43.5934],[3.3446,43.5944],[3.3456,43.5951],[3.3463,43.5952],[3.3466,43.5953],[3.3472,43.5954],[3.3496,43.5968],[3.3523,43.5973],[3.3529,43.5971],[3.3539,43.5969],[3.3552,43.5969],[3.3555,43.597],[3.3566,43.5965],[3.3574,43.5968],[3.3582,43.5971],[3.3597,43.5981],[3.3605,43.5992],[3.3611,43.6001],[3.3617,43.6012],[3.362,43.6018],[3.3621,43.602],[3.3623,43.6019]]]}},{"type":"Feature","properties":{"MI_PRINX":3667127.0,"CARTE":264,"CODE":3312,"CODE_LEG":420,"NOTATION":"h2EC©","DESCR":"Calcaires noduleux et lydiennes vertes du Pic de Vissou - Ecailles de Cabrières (Viséen)","C_FOND":60,"M_FOND":40,"J_FOND":70,"N_FOND":0,"NOM_SYMB":null,"C_SYMB":-1,"M_SYMB":-1,"J_SYMB":-1,"N_SYMB":-1,"ROT_SYMB":0,"score_potentiel":70,"niveau_potentiel":"Très élevé 🌟","pente_degres":31.8,"type_affleurement":"Affleurement Fort (Falaise / Ravine) 🔴","score_relieffiltered":100.0},"geometry":{"type":"Polygon","coordinates":[[[3.3627,43.6018],[3.3625,43.601],[3.3618,43.5994],[3.3612,43.5985],[3.3599,43.5974],[3.358,43.5959],[3.3572,43.5962],[3.3581,43.5966],[3.3592,43.5974],[3.3606,43.5986],[3.3613,43.6],[3.3623,43.6019],[3.3627,43.6018]]]}},{"type":"Feature","properties":{"MI_PRINX":3672180.0,"CARTE":264,"CODE":3316,"CODE_LEG":424,"NOTATION":"h1MF","DESCR":"Calcaires et lydiennes à nodules phosphatés du Pic de Vissou et de la Serre - Nappes des Monts de Faugères (Tournaisien)","C_FOND":20,"M_FOND":40,"J_FOND":70,"N_FOND":0,"NOM_SYMB":null,"C_SYMB":-1,"M_SYMB":-1,"J_SYMB":-1,"N_SYMB":-1,"ROT_SYMB":0,"score_potentiel":70,"niveau_potentiel":"Très élevé 🌟","pente_degres":19.2,"type_affleurement":"Affleurement Moyen (Escarpement) 🟠","score_relieffiltered":82.9},"geometry":{"type":"Polygon","coordinates":[[[3.0408,43.541],[3.0409,43.5411],[3.0411,43.5413],[3.0413,43.5415],[3.0415,43.5417],[3.0419,43.5418],[3.0423,43.542],[3.0428,43.5422],[3.0431,43.5423],[3.0434,43.5424],[3.0436,43.5424],[3.0435,43.5423],[3.0434,43.5421],[3.0433,43.542],[3.0431,43.5418],[3.0429,43.5417],[3.0426,43.5415],[3.0422,43.5414],[3.0417,43.5412],[3.0411,43.541],[3.0408,43.541]]]}},{"type":"Feature","properties":{"MI_PRINX":3672270.0,"CARTE":264,"CODE":3316,"CODE_LEG":424,"NOTATION":"h1MF","DESCR":"Calcaires et lydiennes à nodules phosphatés du Pic de Vissou et de la Serre - Nappes des Monts de Faugères (Tournaisien)","C_FOND":20,"M_FOND":40,"J_FOND":70,"N_FOND":0,"NOM_SYMB":null,"C_SYMB":-1,"M_SYMB":-1,"J_SYMB":-1,"N_SYMB":-1,"ROT_SYMB":0,"score_potentiel":70,"niveau_potentiel":"Très élevé 🌟","pente_degres":31.9,"type_affleurement":"Affleurement Fort (Falaise / Ravine) 🔴","score_relieffiltered":100.0},"geometry":{"type":"Polygon","coordinates":[[[3.0082,43.5376],[3.0081,43.5378],[3.008,43.538],[3.008,43.5384],[3.0081,43.5389],[3.0081,43.5392],[3.0081,43.5395],[3.0081,43.5396],[3.008,43.5397],[3.0079,43.5398],[3.0077,43.5398],[3.0075,43.5398],[3.0073,43.5397],[3.0071,43.5396],[3.0069,43.5394],[3.0067,43.5392],[3.0065,43.5389],[3.0063,43.5385],[3.0061,43.5382],[3.0059,43.5379],[3.0056,43.5375],[3.0052,43.537],[3.005,43.5366],[3.0047,43.5363],[3.0046,43.5361],[3.0044,43.5359],[3.0043,43.5358],[3.0041,43.5356],[3.0039,43.5354],[3.0039,43.5357],[3.0039,43.5359],[3.0044,43.5363],[3.005,43.5374],[3.0054,43.538],[3.0056,43.5388],[3.0056,43.5393],[3.0058,43.5396],[3.0061,43.5398],[3.0066,43.5399],[3.0069,43.54],[3.0074,43.5403],[3.0082,43.5409],[3.0085,43.541],[3.0087,43.541],[3.0088,43.5408],[3.0087,43.5402],[3.0089,43.5398],[3.0089,43.5392],[3.0088,43.5384],[3.0086,43.5375],[3.0084,43.5376],[3.0082,43.5376]]]}},{"type":"Feature","properties":{"MI_PRINX":3672423.0,"CARTE":264,"CODE":50,"CODE_LEG":50,"NOTATION":"Fy","DESCR":"Blocs, galets et graviers de calcaires siliceux, de grès, de quartz, de lydiennes, de porphyrites et de débris basaltiques (Terrasses glaciaires Würm)","C_FOND":10,"M_FOND":0,"J_FOND":10,"N_FOND":0,"NOM_SYMB":null,"C_SYMB":-1,"M_SYMB":-1,"J_SYMB":-1,"N_SYMB":-1,"ROT_SYMB":0,"score_potentiel":70,"niveau_potentiel":"Très élevé 🌟","pente_degres":17.9,"type_affleurement":"Affleurement Moyen (Escarpement) 🟠","score_relieffiltered":81.1},"geometry":{"type":"Polygon","coordinates":[[[3.2741,43.536],[3.2742,43.536],[3.2743,43.5359],[3.2744,43.5357],[3.2745,43.5356],[3.2745,43.5353],[3.2746,43.5351],[3.2748,43.5348],[3.2749,43.5345],[3.2751,43.5342],[3.2753,43.534],[3.2755,43.5337],[3.2758,43.5334],[3.2762,43.533],[3.2765,43.5328],[3.2768,43.5325],[3.277,43.5323],[3.2772,43.5321],[3.2773,43.5318],[3.2775,43.5316],[3.2776,43.5313],[3.2776,43.5312],[3.2776,43.5309],[3.2776,43.5305],[3.2776,43.5303],[3.2776,43.5301],[3.2776,43.5299],[3.2775,43.5297],[3.2773,43.5296],[3.2772,43.5295],[3.2769,43.5295],[3.2767,43.5296],[3.2764,43.5297],[3.2761,43.5299],[3.2758,43.53],[3.2756,43.5302],[3.2755,43.5305],[3.2754,43.5308],[3.2754,43.531],[3.2754,43.5315],[3.2754,43.5317],[3.2753,43.5319],[3.2751,43.5322],[3.2747,43.5324],[3.2742,43.5327],[3.2738,43.533],[3.2736,43.5332],[3.2734,43.5335],[3.2733,43.5338],[3.2733,43.5341],[3.2734,43.5344],[3.2734,43.5347],[3.2735,43.5349],[3.2736,43.5352],[3.2738,43.5355],[3.274,43.5358],[3.274,43.5359],[3.2741,43.536]]]}},{"type":"Feature","properties":{"MI_PRINX":3672271.0,"CARTE":264,"CODE":3316,"CODE_LEG":424,"NOTATION":"h1MF","DESCR":"Calcaires et lydiennes à nodules phosphatés du Pic de Vissou et de la Serre - Nappes des Monts de Faugères (Tournaisien)","C_FOND":20,"M_FOND":40,"J_FOND":70,"N_FOND":0,"NOM_SYMB":null,"C_SYMB":-1,"M_SYMB":-1,"J_SYMB":-1,"N_SYMB":-1,"ROT_SYMB":0,"score_potentiel":70,"niveau_potentiel":"Très élevé 🌟","pente_degres":18.9,"type_affleurement":"Affleurement Moyen (Escarpement) 🟠","score_relieffiltered":82.5},"geometry":{"type":"Polygon","coordinates":[[[3.0282,43.5392],[3.0281,43.5392],[3.0277,43.5392],[3.0274,43.5392],[3.0278,43.5395],[3.0283,43.5398],[3.0288,43.5401],[3.0292,43.5403],[3.0296,43.5405],[3.0299,43.5406],[3.0303,43.5407],[3.0306,43.5408],[3.0308,43.5408],[3.031,43.5407],[3.0311,43.5405],[3.0307,43.5402],[3.0304,43.54],[3.0301,43.5398],[3.0299,43.5397],[3.0296,43.5396],[3.0293,43.5396],[3.0289,43.5395],[3.0285,43.5393],[3.0282,43.5392]]]}},{"type":"Feature","properties":{"MI_PRINX":3672494.0,"CARTE":264,"CODE":50,"CODE_LEG":50,"NOTATION":"Fy","DESCR":"Blocs, galets et graviers de calcaires siliceux, de grès, de quartz, de lydiennes, de porphyrites et de débris basaltiques (Terrasses glaciaires Würm)","C_FOND":10,"M_FOND":0,"J_FOND":10,"N_FOND":0,"NOM_SYMB":null,"C_SYMB":-1,"M_SYMB":-1,"J_SYMB":-1,"N_SYMB":-1,"ROT_SYMB":0,"score_potentiel":70,"niveau_potentiel":"Très élevé 🌟","pente_degres":19.8,"type_affleurement":"Affleurement Moyen (Escarpement) 🟠","score_relieffiltered":83.7},"geometry":{"type":"Polygon","coordinates":[[[3.308,43.5344],[3.308,43.5343],[3.3081,43.5342],[3.308,43.5341],[3.3079,43.534],[3.3076,43.5338],[3.3073,43.5337],[3.3068,43.5335],[3.3062,43.5334],[3.3056,43.5333],[3.3049,43.5332],[3.3044,43.5331],[3.304,43.5331],[3.3036,43.5332],[3.3032,43.5333],[3.3031,43.5333],[3.3031,43.5334],[3.3031,43.5335],[3.3032,43.5336],[3.3035,43.5337],[3.3038,43.5338],[3.3041,43.5338],[3.3045,43.5338],[3.3053,43.5339],[3.306,43.534],[3.3065,43.5341],[3.3069,43.5343],[3.3073,43.5344],[3.3076,43.5345],[3.3079,43.5345],[3.308,43.5344]]]}},{"type":"Feature","properties":{"MI_PRINX":3672495.0,"CARTE":264,"CODE":3428,"CODE_LEG":453,"NOTATION":"d2-5Rc","DESCR":"Calcaires massifs blancs, localement dolomitiques - Nappes du Mont Peyroux (Pragien - Givétien)","C_FOND":0,"M_FOND":25,"J_FOND":25,"N_FOND":0,"NOM_SYMB":null,"C_SYMB":-1,"M_SYMB":-1,"J_SYMB":-1,"N_SYMB":-1,"ROT_SYMB":0,"score_potentiel":75,"niveau_potentiel":"Très élevé 🌟","pente_degres":20.9,"type_affleurement":"Affleurement Moyen (Escarpement) 🟠","score_relieffiltered":91.4},"geometry":{"type":"Polygon","coordinates":[[[2.8505,43.5376],[2.8507,43.5374],[2.8508,43.5373],[2.8491,43.537],[2.8473,43.5367],[2.8471,43.5367],[2.8464,43.5368],[2.846,43.537],[2.8477,43.5373],[2.849,43.5374],[2.8505,43.5376]]]}},{"type":"Feature","properties":{"MI_PRINX":3672383.0,"CARTE":264,"CODE":3442,"CODE_LEG":467,"NOTATION":"o5Gg","DESCR":"Grès et grès quartzitiques à poundingues de galets de quartz à la base de Gabian (Caradoc supérieur)","C_FOND":50,"M_FOND":10,"J_FOND":50,"N_FOND":0,"NOM_SYMB":null,"C_SYMB":-1,"M_SYMB":-1,"J_SYMB":-1,"N_SYMB":-1,"ROT_SYMB":0,"score_potentiel":70,"niveau_potentiel":"Très élevé 🌟","pente_degres":31.2,"type_affleurement":"Affleurement Fort (Falaise / Ravine) 🔴","score_relieffiltered":99.7},"geometry":{"type":"Polygon","coordinates":[[[3.3078,43.5364],[3.308,43.5364],[3.3083,43.5364],[3.3085,43.5364],[3.3087,43.5364],[3.3088,43.5364],[3.309,43.5363],[3.3091,43.5363],[3.3093,43.5363],[3.3095,43.5362],[3.3096,43.5361],[3.3098,43.5361],[3.3099,43.536],[3.3101,43.5359],[3.3102,43.5359],[3.3104,43.5358],[3.3103,43.5356],[3.3102,43.5354],[3.3101,43.5353],[3.3099,43.5354],[3.3097,43.5355],[3.3096,43.5355],[3.3094,43.5356],[3.3092,43.5356],[3.3091,43.5356],[3.3089,43.5356],[3.3088,43.5356],[3.3086,43.5355],[3.3084,43.5355],[3.3082,43.5354],[3.3081,43.5353],[3.308,43.5353],[3.3078,43.5351],[3.3076,43.535],[3.3081,43.535],[3.3089,43.535],[3.3098,43.5348],[3.3097,43.5347],[3.3095,43.5345],[3.3093,43.5343],[3.3092,43.5343],[3.309,43.5344],[3.3087,43.5344],[3.308,43.5344],[3.3079,43.5345],[3.3076,43.5345],[3.3073,43.5344],[3.3069,43.5343],[3.3065,43.5341],[3.3067,43.5344],[3.3067,43.5345],[3.3064,43.5348],[3.3062,43.5349],[3.306,43.535],[3.3058,43.535],[3.3056,43.5351],[3.3055,43.5352],[3.3053,43.5352],[3.3054,43.5353],[3.3055,43.5354],[3.3055,43.5355],[3.3056,43.5356],[3.3058,43.5356],[3.3059,43.5357],[3.306,43.5357],[3.3062,43.5357],[3.3063,43.5357],[3.3065,43.5357],[3.3067,43.5356],[3.307,43.5355],[3.3073,43.5354],[3.3076,43.5359],[3.3078,43.5364]]]}},{"type":"Feature","properties":{"MI_PRINX":3672393.0,"CARTE":264,"CODE":50,"CODE_LEG":50,"NOTATION":"Fy","DESCR":"Blocs, galets et graviers de calcaires siliceux, de grès, de quartz, de lydiennes, de porphyrites et de débris basaltiques (Terrasses glaciaires Würm)","C_FOND":10,"M_FOND":0,"J_FOND":10,"N_FOND":0,"NOM_SYMB":null,"C_SYMB":-1,"M_SYMB":-1,"J_SYMB":-1,"N_SYMB":-1,"ROT_SYMB":0,"score_potentiel":70,"niveau_potentiel":"Très élevé 🌟","pente_degres":31.3,"type_affleurement":"Affleurement Fort (Falaise / Ravine) 🔴","score_relieffiltered":99.8},"geometry":{"type":"Polygon","coordinates":[[[3.3969,43.5349],[3.397,43.5351],[3.3971,43.5354],[3.3972,43.5355],[3.3975,43.5353],[3.3978,43.5352],[3.398,43.5352],[3.3982,43.535],[3.3984,43.5348],[3.3987,43.5347],[3.399,43.5347],[3.3993,43.5347],[3.3996,43.5347],[3.3999,43.5346],[3.4002,43.5345],[3.4005,43.5344],[3.4008,43.5343],[3.4012,43.5343],[3.4014,43.5342],[3.4016,43.5342],[3.4018,43.5343],[3.4021,43.5343],[3.4024,43.5344],[3.4026,43.5345],[3.4028,43.5346],[3.403,43.5347],[3.4031,43.5348],[3.4033,43.5348],[3.4035,43.5348],[3.4036,43.5347],[3.4038,43.5346],[3.4039,43.5345],[3.404,43.5344],[3.404,43.5343],[3.4041,43.5341],[3.4042,43.534],[3.4044,43.5338],[3.4046,43.5338],[3.4048,43.5337],[3.405,43.5337],[3.4052,43.5337],[3.4054,43.5338],[3.4056,43.5339],[3.4059,43.5341],[3.4061,43.5341],[3.4062,43.5341],[3.4064,43.5341],[3.4065,43.5341],[3.4066,43.534],[3.4068,43.5339],[3.407,43.5338],[3.4072,43.5337],[3.4073,43.5336],[3.4075,43.5336],[3.4078,43.5336],[3.4081,43.5334],[3.4084,43.5332],[3.4087,43.533],[3.4089,43.5328],[3.4091,43.5326],[3.4093,43.5324],[3.4094,43.5321],[3.4096,43.5319],[3.4097,43.5316],[3.4097,43.5314],[3.4097,43.5312],[3.4096,43.5311],[3.4095,43.531],[3.4094,43.5309],[3.4093,43.5308],[3.4091,43.5308],[3.4089,43.5309],[3.4088,43.5309],[3.4086,43.5309],[3.4085,43.5309],[3.4085,43.5309],[3.4084,43.5309],[3.4083,43.5309],[3.4084,43.5308],[3.4085,43.5307],[3.4086,43.5306],[3.4088,43.5305],[3.4092,43.5303],[3.4097,43.5301],[3.4101,43.5299],[3.4103,43.5296],[3.4104,43.5294],[3.4106,43.5291],[3.4107,43.5288],[3.4108,43.5286],[3.4111,43.5284],[3.4113,43.5283],[3.4114,43.5283],[3.4117,43.5283],[3.4121,43.5282],[3.4124,43.5282],[3.4126,43.5283],[3.4129,43.5283],[3.4132,43.5283],[3.4132,43.5283],[3.413,43.5277],[3.4129,43.5274],[3.4129,43.5272],[3.413,43.527],[3.4131,43.5268],[3.4133,43.5265],[3.4134,43.5262],[3.4137,43.5259],[3.414,43.5257],[3.4144,43.5254],[3.4149,43.5251],[3.4157,43.5248],[3.4164,43.5244],[3.4168,43.5242],[3.4171,43.524],[3.4173,43.5238],[3.4174,43.5237],[3.4175,43.5236],[3.4174,43.5235],[3.4174,43.5235],[3.4174,43.5234],[3.4173,43.5234],[3.4169,43.5234],[3.4166,43.5234],[3.4166,43.5234],[3.4166,43.5233],[3.4169,43.5232],[3.4173,43.523],[3.4175,43.523],[3.4176,43.523],[3.4178,43.5231],[3.418,43.5231],[3.418,43.5231],[3.4182,43.523],[3.4183,43.5229],[3.4185,43.5228],[3.4187,43.5227],[3.4187,43.5226],[3.4188,43.5226],[3.4189,43.5226],[3.4192,43.5227],[3.4196,43.5227],[3.4198,43.5228],[3.4199,43.5228],[3.4199,43.5229],[3.4199,43.5231],[3.42,43.5232],[3.42,43.5232],[3.4202,43.5233],[3.4203,43.5235],[3.4204,43.5235],[3.4206,43.5235],[3.4213,43.5235],[3.4218,43.5235],[3.4219,43.5235],[3.4219,43.5234],[3.422,43.5234],[3.4221,43.5233],[3.4222,43.5232],[3.4223,43.523],[3.4224,43.5228],[3.4225,43.5227],[3.4226,43.5226],[3.4227,43.5224],[3.4229,43.5223],[3.4231,43.5222],[3.4232,43.5221],[3.4234,43.5219],[3.4235,43.5217],[3.4237,43.5215],[3.4237,43.5212],[3.4235,43.5213],[3.4234,43.5214],[3.4232,43.5214],[3.423,43.5215],[3.4228,43.5215],[3.4226,43.5215],[3.4223,43.5215],[3.4221,43.5215],[3.4219,43.5215],[3.4217,43.5214],[3.4215,43.5213],[3.4214,43.5212],[3.4212,43.5211],[3.4211,43.521],[3.421,43.5208],[3.4209,43.5206],[3.4209,43.5204],[3.4209,43.5201],[3.421,43.5199],[3.421,43.5197],[3.4211,43.5195],[3.4211,43.5193],[3.4213,43.5191],[3.4214,43.5189],[3.4215,43.5187],[3.4213,43.5187],[3.421,43.5187],[3.4206,43.5186],[3.4203,43.5185],[3.42,43.5185],[3.4198,43.5186],[3.4196,43.5188],[3.4194,43.519],[3.4193,43.5192],[3.4192,43.5194],[3.4191,43.5196],[3.4191,43.5198],[3.419,43.52],[3.4189,43.5201],[3.4187,43.5202],[3.4184,43.5202],[3.4182,43.5203],[3.418,43.5203],[3.4178,43.5204],[3.4176,43.5206],[3.4174,43.5208],[3.4171,43.5212],[3.4165,43.5217],[3.4159,43.5222],[3.4158,43.5223],[3.4158,43.5225],[3.4156,43.5227],[3.4155,43.5229],[3.4153,43.523],[3.4151,43.5231],[3.4148,43.5231],[3.4145,43.523],[3.4141,43.5228],[3.4136,43.5225],[3.4133,43.5223],[3.4129,43.5221],[3.4126,43.522],[3.4123,43.5219],[3.4121,43.5219],[3.4118,43.522],[3.4115,43.5221],[3.4113,43.5223],[3.4111,43.5226],[3.4109,43.5229],[3.4107,43.5232],[3.4103,43.5237],[3.4097,43.5243],[3.4092,43.5248],[3.4089,43.5252],[3.4085,43.5255],[3.4083,43.5257],[3.408,43.5259],[3.4077,43.526],[3.4074,43.5261],[3.4071,43.5261],[3.4069,43.5261],[3.4067,43.5262],[3.4066,43.5263],[3.4065,43.5266],[3.4064,43.5269],[3.4063,43.5272],[3.4061,43.5275],[3.4058,43.5278],[3.4055,43.528],[3.4053,43.5282],[3.4051,43.5283],[3.4049,43.5284],[3.4044,43.5286],[3.4039,43.5287],[3.4034,43.5287],[3.403,43.5288],[3.4026,43.5288],[3.4024,43.5288],[3.4023,43.5288],[3.4023,43.5289],[3.4024,43.5289],[3.4026,43.5291],[3.4027,43.5293],[3.4027,43.5295],[3.4026,43.5297],[3.4023,43.5299],[3.402,43.5301],[3.4018,43.5302],[3.4018,43.5304],[3.4017,43.5305],[3.4015,43.5307],[3.4013,43.5309],[3.4009,43.531],[3.4004,43.531],[3.4002,43.531],[3.3999,43.5312],[3.3996,43.5313],[3.3995,43.5316],[3.3993,43.5319],[3.3993,43.5321],[3.3991,43.5323],[3.3989,43.5325],[3.3987,43.5326],[3.3984,43.5328],[3.3981,43.5329],[3.3979,43.5331],[3.3977,43.5332],[3.3976,43.5336],[3.3973,43.5344],[3.3971,43.5348],[3.3969,43.5349]]]}},{"type":"Feature","properties":{"MI_PRINX":3672147.0,"CARTE":264,"CODE":50,"CODE_LEG":50,"NOTATION":"Fy","DESCR":"Blocs, galets et graviers de calcaires siliceux, de grès, de quartz, de lydiennes, de porphyrites et de débris basaltiques (Terrasses glaciaires Würm)","C_FOND":10,"M_FOND":0,"J_FOND":10,"N_FOND":0,"NOM_SYMB":null,"C_SYMB":-1,"M_SYMB":-1,"J_SYMB":-1,"N_SYMB":-1,"ROT_SYMB":0,"score_potentiel":70,"niveau_potentiel":"Très élevé 🌟","pente_degres":19.4,"type_affleurement":"Affleurement Moyen (Escarpement) 🟠","score_relieffiltered":83.2},"geometry":{"type":"Polygon","coordinates":[[[3.3834,43.5397],[3.3838,43.5397],[3.3842,43.5398],[3.3846,43.5399],[3.3849,43.5401],[3.3853,43.5403],[3.3855,43.5404],[3.3858,43.5404],[3.386,43.5403],[3.3861,43.5402],[3.3864,43.5402],[3.3869,43.5403],[3.3872,43.5404],[3.3876,43.5404],[3.388,43.5404],[3.3882,43.5403],[3.3884,43.5401],[3.3886,43.5399],[3.3887,43.5396],[3.3887,43.5392],[3.3887,43.5388],[3.3886,43.5385],[3.3882,43.5384],[3.3878,43.5383],[3.3873,43.5381],[3.3871,43.538],[3.3869,43.5378],[3.3867,43.5375],[3.3866,43.5373],[3.3866,43.537],[3.3866,43.5367],[3.3866,43.5365],[3.3867,43.5363],[3.3867,43.5361],[3.3869,43.5359],[3.3872,43.5357],[3.3873,43.5353],[3.3873,43.5351],[3.3872,43.5349],[3.3872,43.5346],[3.387,43.5344],[3.3869,43.5343],[3.3868,43.5343],[3.3867,43.5343],[3.3865,43.5345],[3.3863,43.5349],[3.3861,43.5352],[3.3859,43.5354],[3.3857,43.5356],[3.3855,43.5357],[3.3852,43.5358],[3.3848,43.5359],[3.3844,43.5358],[3.3841,43.5357],[3.3837,43.5355],[3.3831,43.5354],[3.3825,43.5354],[3.3821,43.5354],[3.3818,43.5356],[3.3816,43.5358],[3.3813,43.536],[3.3811,43.5363],[3.3807,43.5364],[3.3801,43.5366],[3.3796,43.5369],[3.3793,43.537],[3.3791,43.5372],[3.3789,43.5374],[3.3789,43.5375],[3.379,43.5377],[3.3791,43.5378],[3.3793,43.5379],[3.3797,43.538],[3.3801,43.538],[3.3803,43.538],[3.3806,43.538],[3.3809,43.5379],[3.3812,43.5378],[3.3816,43.5378],[3.3822,43.5378],[3.3828,43.5379],[3.3834,43.5381],[3.3838,43.5383],[3.3841,43.5384],[3.3842,43.5386],[3.3843,43.5389],[3.3842,43.539],[3.3842,43.5391],[3.384,43.5393],[3.3837,43.5396],[3.3834,43.5397]]]}},{"type":"Feature","properties":{"MI_PRINX":3672249.0,"CARTE":264,"CODE":3442,"CODE_LEG":467,"NOTATION":"o5Gg","DESCR":"Grès et grès quartzitiques à poundingues de galets de quartz à la base de Gabian (Caradoc supérieur)","C_FOND":50,"M_FOND":10,"J_FOND":50,"N_FOND":0,"NOM_SYMB":null,"C_SYMB":-1,"M_SYMB":-1,"J_SYMB":-1,"N_SYMB":-1,"ROT_SYMB":0,"score_potentiel":70,"niveau_potentiel":"Très élevé 🌟","pente_degres":31.5,"type_affleurement":"Affleurement Fort (Falaise / Ravine) 🔴","score_relieffiltered":100.0},"geometry":{"type":"Polygon","coordinates":[[[3.2953,43.5386],[3.2956,43.5386],[3.296,43.5386],[3.2964,43.5386],[3.2969,43.5386],[3.2974,43.5387],[3.2982,43.539],[3.299,43.5393],[3.299,43.5389],[3.2981,43.5386],[3.297,43.5383],[3.2961,43.5382],[3.295,43.5381],[3.2943,43.5383],[3.2943,43.5387],[3.2948,43.5386],[3.2953,43.5386]]]}},{"type":"Feature","properties":{"MI_PRINX":3672358.0,"CARTE":264,"CODE":3443,"CODE_LEG":468,"NOTATION":"o5Gvs","DESCR":"Grauwackes, schistes psammitiques et coulées interstratifiées d'andésites de Gabian - Ecailles de Cabrières (Caradoc inférieur?)","C_FOND":25,"M_FOND":0,"J_FOND":10,"N_FOND":0,"NOM_SYMB":null,"C_SYMB":-1,"M_SYMB":-1,"J_SYMB":-1,"N_SYMB":-1,"ROT_SYMB":0,"score_potentiel":55,"niveau_potentiel":"Élevé 🟢","pente_degres":31.6,"type_affleurement":"Affleurement Fort (Falaise / Ravine) 🔴","score_relieffiltered":78.8},"geometry":{"type":"Polygon","coordinates":[[[3.3071,43.5366],[3.3073,43.5367],[3.3075,43.5368],[3.3077,43.5369],[3.3079,43.5369],[3.3081,43.5369],[3.3083,43.5369],[3.3085,43.5369],[3.3087,43.5369],[3.3089,43.5369],[3.309,43.5369],[3.3092,43.5368],[3.3094,43.5368],[3.3095,43.5367],[3.3096,43.5366],[3.3097,43.5365],[3.3099,43.5364],[3.31,43.5363],[3.3102,43.5362],[3.3104,43.5361],[3.3104,43.536],[3.3104,43.5358],[3.3102,43.5359],[3.3101,43.5359],[3.3099,43.536],[3.3098,43.5361],[3.3096,43.5361],[3.3095,43.5362],[3.3093,43.5363],[3.3091,43.5363],[3.309,43.5363],[3.3088,43.5364],[3.3087,43.5364],[3.3085,43.5364],[3.3083,43.5364],[3.308,43.5364],[3.3078,43.5364],[3.3076,43.5359],[3.3073,43.5354],[3.307,43.5355],[3.3067,43.5356],[3.3065,43.5357],[3.3063,43.5357],[3.3062,43.5357],[3.306,43.5357],[3.3059,43.5357],[3.3058,43.5356],[3.3056,43.5356],[3.3055,43.5355],[3.3055,43.5354],[3.3054,43.5353],[3.3053,43.5352],[3.3051,43.5352],[3.3049,43.5352],[3.3047,43.5351],[3.3044,43.5351],[3.3046,43.5354],[3.3049,43.5356],[3.3054,43.5359],[3.3058,43.536],[3.3065,43.5361],[3.3066,43.5362],[3.3067,43.5363],[3.3067,43.5364],[3.3069,43.5365],[3.307,43.5366],[3.3071,43.5366]]]}},{"type":"Feature","properties":{"MI_PRINX":3672362.0,"CARTE":264,"CODE":3316,"CODE_LEG":424,"NOTATION":"h1MF","DESCR":"Calcaires et lydiennes à nodules phosphatés du Pic de Vissou et de la Serre - Nappes des Monts de Faugères (Tournaisien)","C_FOND":20,"M_FOND":40,"J_FOND":70,"N_FOND":0,"NOM_SYMB":null,"C_SYMB":-1,"M_SYMB":-1,"J_SYMB":-1,"N_SYMB":-1,"ROT_SYMB":0,"score_potentiel":70,"niveau_potentiel":"Très élevé 🌟","pente_degres":20.8,"type_affleurement":"Affleurement Moyen (Escarpement) 🟠","score_relieffiltered":85.1},"geometry":{"type":"Polygon","coordinates":[[[3.0278,43.5387],[3.0279,43.5386],[3.0283,43.5387],[3.0289,43.5388],[3.0295,43.5389],[3.0299,43.539],[3.0303,43.539],[3.0306,43.5389],[3.0309,43.5389],[3.0305,43.5387],[3.0302,43.5385],[3.03,43.5383],[3.0298,43.5383],[3.0296,43.5383],[3.0293,43.5384],[3.029,43.5384],[3.0287,43.5384],[3.0282,43.5384],[3.0278,43.5384],[3.0273,43.5383],[3.0271,43.5382],[3.0273,43.5385],[3.0275,43.5386],[3.0278,43.5387]]]}},{"type":"Feature","properties":{"MI_PRINX":3672369.0,"CARTE":264,"CODE":3441,"CODE_LEG":466,"NOTATION":"o6Gmc","DESCR":"Marnes et calcaires organo-détritiques, fossilifère de Gabian - Ecailles de Cabrières (Ashgill)","C_FOND":25,"M_FOND":10,"J_FOND":50,"N_FOND":0,"NOM_SYMB":null,"C_SYMB":-1,"M_SYMB":-1,"J_SYMB":-1,"N_SYMB":-1,"ROT_SYMB":0,"score_potentiel":80,"niveau_potentiel":"Très élevé 🌟","pente_degres":17.9,"type_affleurement":"Affleurement Moyen (Escarpement) 🟠","score_relieffiltered":92.6},"geometry":{"type":"Polygon","coordinates":[[[3.3058,43.536],[3.3058,43.5361],[3.3059,43.5362],[3.306,43.5363],[3.306,43.5364],[3.3062,43.5365],[3.3063,43.5366],[3.3065,43.5366],[3.3067,43.5366],[3.3069,43.5366],[3.3071,43.5366],[3.307,43.5366],[3.3069,43.5365],[3.3067,43.5364],[3.3067,43.5363],[3.3066,43.5362],[3.3065,43.5361],[3.3058,43.536]]]}},{"type":"Feature","properties":{"MI_PRINX":3672370.0,"CARTE":264,"CODE":3428,"CODE_LEG":453,"NOTATION":"d2-5Rc","DESCR":"Calcaires massifs blancs, localement dolomitiques - Nappes du Mont Peyroux (Pragien - Givétien)","C_FOND":0,"M_FOND":25,"J_FOND":25,"N_FOND":0,"NOM_SYMB":null,"C_SYMB":-1,"M_SYMB":-1,"J_SYMB":-1,"N_SYMB":-1,"ROT_SYMB":0,"score_potentiel":75,"niveau_potentiel":"Très élevé 🌟","pente_degres":19.7,"type_affleurement":"Affleurement Moyen (Escarpement) 🟠","score_relieffiltered":89.6},"geometry":{"type":"Polygon","coordinates":[[[2.8544,43.5398],[2.8551,43.5396],[2.8546,43.5394],[2.8542,43.5392],[2.8539,43.5391],[2.8533,43.5389],[2.8528,43.5386],[2.8527,43.5385],[2.8527,43.5388],[2.8534,43.5394],[2.8544,43.5398]]]}},{"type":"Feature","properties":{"MI_PRINX":3664156.0,"CARTE":264,"CODE":50,"CODE_LEG":50,"NOTATION":"Fy","DESCR":"Blocs, galets et graviers de calcaires siliceux, de grès, de quartz, de lydiennes, de porphyrites et de débris basaltiques (Terrasses glaciaires Würm)","C_FOND":10,"M_FOND":0,"J_FOND":10,"N_FOND":0,"NOM_SYMB":null,"C_SYMB":-1,"M_SYMB":-1,"J_SYMB":-1,"N_SYMB":-1,"ROT_SYMB":0,"score_potentiel":70,"niveau_potentiel":"Très élevé 🌟","pente_degres":16.6,"type_affleurement":"Affleurement Moyen (Escarpement) 🟠","score_relieffiltered":79.2},"geometry":{"type":"Polygon","coordinates":[[[3.515,43.6427],[3.5153,43.6423],[3.5165,43.6411],[3.5173,43.6407],[3.5178,43.6403],[3.5181,43.6398],[3.518,43.6394],[3.5175,43.6388],[3.5165,43.6379],[3.5156,43.6369],[3.5147,43.6362],[3.5145,43.6358],[3.5139,43.6353],[3.5124,43.6343],[3.511,43.6328],[3.5101,43.632],[3.5081,43.6304],[3.5075,43.6302],[3.5072,43.6302],[3.5067,43.6304],[3.5065,43.6308],[3.5066,43.6309],[3.5066,43.6312],[3.5066,43.6313],[3.5067,43.6316],[3.5068,43.6323],[3.5066,43.6328],[3.506,43.6334],[3.505,43.6339],[3.5035,43.6344],[3.5024,43.6351],[3.5021,43.6354],[3.5022,43.6355],[3.5024,43.6355],[3.5029,43.6358],[3.5038,43.6369],[3.5049,43.6377],[3.5055,43.6383],[3.5057,43.6387],[3.5057,43.6393],[3.5056,43.6395],[3.5056,43.6399],[3.5058,43.6402],[3.5064,43.6405],[3.5066,43.6405],[3.5073,43.6407],[3.508,43.6413],[3.5087,43.6416],[3.5092,43.6416],[3.5095,43.6416],[3.511,43.6406],[3.5114,43.6405],[3.5119,43.6407],[3.5129,43.6418],[3.5135,43.6421],[3.5146,43.6424],[3.515,43.6427]]]}},{"type":"Feature","properties":{"MI_PRINX":3672241.0,"CARTE":264,"CODE":3442,"CODE_LEG":467,"NOTATION":"o5Gg","DESCR":"Grès et grès quartzitiques à poundingues de galets de quartz à la base de Gabian (Caradoc supérieur)","C_FOND":50,"M_FOND":10,"J_FOND":50,"N_FOND":0,"NOM_SYMB":null,"C_SYMB":-1,"M_SYMB":-1,"J_SYMB":-1,"N_SYMB":-1,"ROT_SYMB":0,"score_potentiel":70,"niveau_potentiel":"Très élevé 🌟","pente_degres":20.8,"type_affleurement":"Affleurement Moyen (Escarpement) 🟠","score_relieffiltered":85.1},"geometry":{"type":"Polygon","coordinates":[[[3.3152,43.5389],[3.315,43.5388],[3.3147,43.5386],[3.3144,43.5383],[3.3146,43.5379],[3.3147,43.5378],[3.3145,43.5377],[3.3143,43.5376],[3.3141,43.5374],[3.3139,43.5371],[3.3137,43.5367],[3.3135,43.5364],[3.3133,43.5362],[3.3132,43.5361],[3.3132,43.5367],[3.3132,43.537],[3.3129,43.5368],[3.3127,43.5365],[3.3124,43.5363],[3.3122,43.5361],[3.3121,43.5361],[3.3119,43.5361],[3.3117,43.536],[3.3121,43.5365],[3.3124,43.5369],[3.3126,43.5372],[3.3128,43.5374],[3.313,43.5375],[3.3131,43.5377],[3.3133,43.5377],[3.3134,43.5378],[3.3134,43.538],[3.3142,43.5386],[3.3149,43.5393],[3.3151,43.539],[3.3152,43.5389]]]}},{"type":"Feature","properties":{"MI_PRINX":3672355.0,"CARTE":264,"CODE":50,"CODE_LEG":50,"NOTATION":"Fy","DESCR":"Blocs, galets et graviers de calcaires siliceux, de grès, de quartz, de lydiennes, de porphyrites et de débris basaltiques (Terrasses glaciaires Würm)","C_FOND":10,"M_FOND":0,"J_FOND":10,"N_FOND":0,"NOM_SYMB":null,"C_SYMB":-1,"M_SYMB":-1,"J_SYMB":-1,"N_SYMB":-1,"ROT_SYMB":0,"score_potentiel":70,"niveau_potentiel":"Très élevé 🌟","pente_degres":19.7,"type_affleurement":"Affleurement Moyen (Escarpement) 🟠","score_relieffiltered":83.6},"geometry":{"type":"Polygon","coordinates":[[[3.3977,43.5358],[3.3982,43.5357],[3.3986,43.5356],[3.399,43.5356],[3.3995,43.5357],[3.4003,43.5359],[3.4011,43.536],[3.4015,43.5361],[3.4018,43.5361],[3.4022,43.536],[3.4027,43.5358],[3.4031,43.5355],[3.4033,43.5354],[3.4032,43.5353],[3.403,43.5353],[3.4029,43.5353],[3.4027,43.5353],[3.4026,43.5352],[3.4024,43.5352],[3.4023,43.5351],[3.4022,43.535],[3.4021,43.5349],[3.402,43.5348],[3.402,43.5348],[3.4019,43.5347],[3.4017,43.5347],[3.4016,43.5347],[3.4014,43.5347],[3.4012,43.5347],[3.401,43.5347],[3.4007,43.5348],[3.4005,43.5348],[3.4002,43.5348],[3.3999,43.5349],[3.3996,43.5351],[3.3994,43.5352],[3.3992,43.5352],[3.399,43.5353],[3.3989,43.5353],[3.3987,43.5353],[3.3986,43.5353],[3.3985,43.5353],[3.3983,43.5355],[3.3981,43.5356],[3.3978,43.5357],[3.3977,43.5358]]]}},{"type":"Feature","properties":{"MI_PRINX":3672450.0,"CARTE":264,"CODE":3316,"CODE_LEG":424,"NOTATION":"h1MF","DESCR":"Calcaires et lydiennes à nodules phosphatés du Pic de Vissou et de la Serre - Nappes des Monts de Faugères (Tournaisien)","C_FOND":20,"M_FOND":40,"J_FOND":70,"N_FOND":0,"NOM_SYMB":null,"C_SYMB":-1,"M_SYMB":-1,"J_SYMB":-1,"N_SYMB":-1,"ROT_SYMB":0,"score_potentiel":70,"niveau_potentiel":"Très élevé 🌟","pente_degres":17.9,"type_affleurement":"Affleurement Moyen (Escarpement) 🟠","score_relieffiltered":81.1},"geometry":{"type":"Polygon","coordinates":[[[3.0344,43.5375],[3.0347,43.5373],[3.035,43.5371],[3.0349,43.5369],[3.0348,43.5367],[3.0347,43.5366],[3.0346,43.5365],[3.0344,43.5364],[3.0341,43.5363],[3.0343,43.5365],[3.0344,43.5367],[3.0344,43.5369],[3.0344,43.537],[3.0344,43.5373],[3.0344,43.5375]]]}},{"type":"Feature","properties":{"MI_PRINX":3672462.0,"CARTE":264,"CODE":3316,"CODE_LEG":424,"NOTATION":"h1MF","DESCR":"Calcaires et lydiennes à nodules phosphatés du Pic de Vissou et de la Serre - Nappes des Monts de Faugères (Tournaisien)","C_FOND":20,"M_FOND":40,"J_FOND":70,"N_FOND":0,"NOM_SYMB":null,"C_SYMB":-1,"M_SYMB":-1,"J_SYMB":-1,"N_SYMB":-1,"ROT_SYMB":0,"score_potentiel":70,"niveau_potentiel":"Très élevé 🌟","pente_degres":32.2,"type_affleurement":"Affleurement Fort (Falaise / Ravine) 🔴","score_relieffiltered":100.0},"geometry":{"type":"Polygon","coordinates":[[[2.9886,43.5342],[2.9888,43.5342],[2.9892,43.5345],[2.9901,43.5349],[2.9909,43.5354],[2.9915,43.5357],[2.9916,43.5357],[2.9918,43.5358],[2.9923,43.536],[2.9928,43.5361],[2.9929,43.5362],[2.9931,43.5363],[2.9933,43.5365],[2.9935,43.5366],[2.9938,43.5367],[2.9942,43.5368],[2.9944,43.5369],[2.9946,43.5371],[2.9948,43.5372],[2.995,43.5373],[2.9952,43.5374],[2.9954,43.5375],[2.9955,43.5375],[2.9954,43.5374],[2.9953,43.5373],[2.9952,43.5372],[2.995,43.5371],[2.9947,43.537],[2.9945,43.5369],[2.9942,43.5367],[2.994,43.5366],[2.9937,43.5364],[2.9933,43.5361],[2.9928,43.5359],[2.9924,43.5357],[2.9919,43.5355],[2.9915,43.5353],[2.9913,43.5351],[2.9912,43.5349],[2.9909,43.5345],[2.9906,43.534],[2.9905,43.5338],[2.9905,43.5338],[2.99,43.5339],[2.9895,43.5339],[2.9891,43.534],[2.9887,43.5341],[2.9886,43.5342]]]}},{"type":"Feature","properties":{"MI_PRINX":3672223.0,"CARTE":264,"CODE":3316,"CODE_LEG":424,"NOTATION":"h1MF","DESCR":"Calcaires et lydiennes à nodules phosphatés du Pic de Vissou et de la Serre - Nappes des Monts de Faugères (Tournaisien)","C_FOND":20,"M_FOND":40,"J_FOND":70,"N_FOND":0,"NOM_SYMB":null,"C_SYMB":-1,"M_SYMB":-1,"J_SYMB":-1,"N_SYMB":-1,"ROT_SYMB":0,"score_potentiel":70,"niveau_potentiel":"Très élevé 🌟","pente_degres":19.8,"type_affleurement":"Affleurement Moyen (Escarpement) 🟠","score_relieffiltered":83.7},"geometry":{"type":"Polygon","coordinates":[[[3.0178,43.5415],[3.0175,43.5412],[3.0171,43.5409],[3.0166,43.5405],[3.0166,43.5408],[3.0166,43.5409],[3.0168,43.5411],[3.0173,43.5414],[3.0179,43.5418],[3.0178,43.5417],[3.0178,43.5415]]]}},{"type":"Feature","properties":{"MI_PRINX":3672224.0,"CARTE":264,"CODE":3443,"CODE_LEG":468,"NOTATION":"o5Gvs","DESCR":"Grauwackes, schistes psammitiques et coulées interstratifiées d'andésites de Gabian - Ecailles de Cabrières (Caradoc inférieur?)","C_FOND":25,"M_FOND":0,"J_FOND":10,"N_FOND":0,"NOM_SYMB":null,"C_SYMB":-1,"M_SYMB":-1,"J_SYMB":-1,"N_SYMB":-1,"ROT_SYMB":0,"score_potentiel":55,"niveau_potentiel":"Élevé 🟢","pente_degres":33.1,"type_affleurement":"Affleurement Fort (Falaise / Ravine) 🔴","score_relieffiltered":80.4},"geometry":{"type":"Polygon","coordinates":[[[3.3149,43.5393],[3.3142,43.5386],[3.3134,43.538],[3.3134,43.5378],[3.3133,43.5377],[3.3131,43.5377],[3.313,43.5375],[3.3128,43.5374],[3.3126,43.5372],[3.3124,43.5369],[3.3121,43.5365],[3.3117,43.536],[3.3114,43.536],[3.3112,43.5361],[3.3112,43.5362],[3.3125,43.5374],[3.3124,43.5374],[3.3122,43.5374],[3.3119,43.5373],[3.3117,43.5371],[3.3113,43.5367],[3.311,43.5364],[3.3109,43.5365],[3.3109,43.5367],[3.3109,43.5369],[3.3117,43.5377],[3.3113,43.5377],[3.3109,43.5376],[3.3108,43.5376],[3.3106,43.5376],[3.3102,43.5376],[3.3096,43.5376],[3.309,43.5376],[3.3084,43.5376],[3.3079,43.5376],[3.3075,43.5376],[3.3072,43.5375],[3.3069,43.5375],[3.3066,43.5374],[3.3063,43.5373],[3.306,43.5372],[3.3058,43.5371],[3.3055,43.537],[3.3053,43.5368],[3.3051,43.5366],[3.3049,43.5365],[3.3047,43.5363],[3.3044,43.536],[3.3042,43.5358],[3.304,43.5355],[3.3039,43.5352],[3.3037,43.535],[3.3036,43.5348],[3.3035,43.5347],[3.3033,43.5347],[3.3032,43.5346],[3.3031,43.5345],[3.303,43.5344],[3.3032,43.5348],[3.3036,43.5356],[3.3033,43.5355],[3.3027,43.5353],[3.3028,43.5357],[3.3024,43.5356],[3.3021,43.5355],[3.3018,43.5353],[3.3016,43.5352],[3.3013,43.535],[3.3011,43.5347],[3.301,43.5344],[3.3009,43.5341],[3.3009,43.5339],[3.3012,43.5337],[3.3005,43.5336],[3.2998,43.5338],[3.2997,43.5342],[3.2997,43.5343],[3.2994,43.5343],[3.299,43.5344],[3.2986,43.5343],[3.2983,43.5342],[3.2979,43.5343],[3.2974,43.5342],[3.297,43.5341],[3.2967,43.534],[3.2966,43.5341],[3.2965,43.5341],[3.2964,43.5342],[3.2963,43.5342],[3.2961,43.5342],[3.2964,43.5343],[3.2967,43.5344],[3.297,43.5346],[3.2974,43.5348],[3.2979,43.535],[3.2983,43.5352],[3.2987,43.5353],[3.2991,43.5354],[3.2993,43.5355],[3.2994,43.5355],[3.2994,43.5355],[3.2996,43.5354],[3.2998,43.5354],[3.3,43.5352],[3.3002,43.5349],[3.3003,43.5346],[3.3004,43.5349],[3.3005,43.5351],[3.3006,43.5352],[3.3007,43.5354],[3.301,43.5356],[3.3013,43.5358],[3.3017,43.5359],[3.3022,43.536],[3.3028,43.5361],[3.3028,43.5359],[3.3039,43.5366],[3.304,43.537],[3.304,43.5372],[3.3044,43.5374],[3.3047,43.5375],[3.3051,43.5376],[3.3055,43.5377],[3.306,43.5379],[3.3065,43.538],[3.3069,43.5381],[3.3074,43.5381],[3.3079,43.5382],[3.3084,43.5382],[3.3091,43.5382],[3.3096,43.5382],[3.3101,43.5381],[3.3104,43.5381],[3.3106,43.538],[3.3107,43.538],[3.3108,43.538],[3.3109,43.5379],[3.311,43.538],[3.3111,43.538],[3.3112,43.5381],[3.3114,43.5382],[3.3117,43.5384],[3.312,43.5385],[3.3123,43.5387],[3.3127,43.5389],[3.3131,43.5391],[3.3135,43.5392],[3.3139,43.5393],[3.3143,43.5394],[3.3148,43.5396],[3.3148,43.5395],[3.3149,43.5393]]]}},{"type":"Feature","properties":{"MI_PRINX":3672335.0,"CARTE":264,"CODE":3316,"CODE_LEG":424,"NOTATION":"h1MF","DESCR":"Calcaires et lydiennes à nodules phosphatés du Pic de Vissou et de la Serre - Nappes des Monts de Faugères (Tournaisien)","C_FOND":20,"M_FOND":40,"J_FOND":70,"N_FOND":0,"NOM_SYMB":null,"C_SYMB":-1,"M_SYMB":-1,"J_SYMB":-1,"N_SYMB":-1,"ROT_SYMB":0,"score_potentiel":70,"niveau_potentiel":"Très élevé 🌟","pente_degres":21.0,"type_affleurement":"Affleurement Moyen (Escarpement) 🟠","score_relieffiltered":85.4},"geometry":{"type":"Polygon","coordinates":[[[3.0132,43.5393],[3.0135,43.5393],[3.0138,43.5394],[3.0142,43.5394],[3.0145,43.5395],[3.014,43.5393],[3.0137,43.5391],[3.0135,43.5389],[3.0132,43.5386],[3.0128,43.5383],[3.0125,43.538],[3.0123,43.5378],[3.012,43.5377],[3.0116,43.5377],[3.0111,43.5376],[3.0108,43.5375],[3.0106,43.5374],[3.0104,43.5373],[3.0103,43.5372],[3.0102,43.5371],[3.01,43.5371],[3.0097,43.5372],[3.0092,43.5374],[3.0093,43.5377],[3.0093,43.5379],[3.0093,43.5381],[3.0094,43.5384],[3.0094,43.5386],[3.0101,43.5382],[3.0106,43.538],[3.0107,43.538],[3.0108,43.5381],[3.0109,43.5382],[3.0111,43.5383],[3.0116,43.5384],[3.0122,43.5385],[3.0127,43.5387],[3.0129,43.5389],[3.0131,43.5391],[3.0132,43.5392],[3.0132,43.5393]]]}},{"type":"Feature","properties":{"MI_PRINX":3672447.0,"CARTE":264,"CODE":3442,"CODE_LEG":467,"NOTATION":"o5Gg","DESCR":"Grès et grès quartzitiques à poundingues de galets de quartz à la base de Gabian (Caradoc supérieur)","C_FOND":50,"M_FOND":10,"J_FOND":50,"N_FOND":0,"NOM_SYMB":null,"C_SYMB":-1,"M_SYMB":-1,"J_SYMB":-1,"N_SYMB":-1,"ROT_SYMB":0,"score_potentiel":70,"niveau_potentiel":"Très élevé 🌟","pente_degres":19.5,"type_affleurement":"Affleurement Moyen (Escarpement) 🟠","score_relieffiltered":83.3},"geometry":{"type":"Polygon","coordinates":[[[3.2286,43.5361],[3.2288,43.5361],[3.2291,43.536],[3.2295,43.536],[3.2299,43.5359],[3.2305,43.5357],[3.2302,43.5356],[3.2298,43.5355],[3.2295,43.5355],[3.2291,43.5354],[3.2287,43.5354],[3.2283,43.5355],[3.2279,43.5354],[3.2275,43.5354],[3.2286,43.5361]]]}},{"type":"Feature","properties":{"MI_PRINX":3672548.0,"CARTE":264,"CODE":3442,"CODE_LEG":467,"NOTATION":"o5Gg","DESCR":"Grès et grès quartzitiques à poundingues de galets de quartz à la base de Gabian (Caradoc supérieur)","C_FOND":50,"M_FOND":10,"J_FOND":50,"N_FOND":0,"NOM_SYMB":null,"C_SYMB":-1,"M_SYMB":-1,"J_SYMB":-1,"N_SYMB":-1,"ROT_SYMB":0,"score_potentiel":70,"niveau_potentiel":"Très élevé 🌟","pente_degres":18.3,"type_affleurement":"Affleurement Moyen (Escarpement) 🟠","score_relieffiltered":81.6},"geometry":{"type":"Polygon","coordinates":[[[3.2278,43.5342],[3.2283,43.5342],[3.2287,43.5342],[3.2291,43.534],[3.2293,43.5339],[3.2295,43.5337],[3.2296,43.5334],[3.2296,43.5331],[3.2293,43.5333],[3.229,43.5334],[3.2287,43.5336],[3.2286,43.5337],[3.2284,43.5338],[3.2283,43.5339],[3.2281,43.534],[3.2278,43.5342]]]}},{"type":"Feature","properties":{"MI_PRINX":3672557.0,"CARTE":264,"CODE":3428,"CODE_LEG":453,"NOTATION":"d2-5Rc","DESCR":"Calcaires massifs blancs, localement dolomitiques - Nappes du Mont Peyroux (Pragien - Givétien)","C_FOND":0,"M_FOND":25,"J_FOND":25,"N_FOND":0,"NOM_SYMB":null,"C_SYMB":-1,"M_SYMB":-1,"J_SYMB":-1,"N_SYMB":-1,"ROT_SYMB":0,"score_potentiel":75,"niveau_potentiel":"Très élevé 🌟","pente_degres":32.0,"type_affleurement":"Affleurement Fort (Falaise / Ravine) 🔴","score_relieffiltered":100.0},"geometry":{"type":"Polygon","coordinates":[[[2.8445,43.5366],[2.8452,43.5365],[2.8453,43.5365],[2.8454,43.5364],[2.844,43.536],[2.842,43.5352],[2.84,43.5343],[2.8387,43.5338],[2.8382,43.5335],[2.8379,43.5335],[2.8379,43.5335],[2.8379,43.5337],[2.8384,43.5342],[2.8387,43.5344],[2.839,43.5343],[2.8392,43.5345],[2.8393,43.5346],[2.8395,43.5348],[2.8398,43.535],[2.8411,43.5355],[2.8436,43.5362],[2.8445,43.5366]]]}},{"type":"Feature","properties":{"MI_PRINX":3664219.0,"CARTE":264,"CODE":50,"CODE_LEG":50,"NOTATION":"Fy","DESCR":"Blocs, galets et graviers de calcaires siliceux, de grès, de quartz, de lydiennes, de porphyrites et de débris basaltiques (Terrasses glaciaires Würm)","C_FOND":10,"M_FOND":0,"J_FOND":10,"N_FOND":0,"NOM_SYMB":null,"C_SYMB":-1,"M_SYMB":-1,"J_SYMB":-1,"N_SYMB":-1,"ROT_SYMB":0,"score_potentiel":70,"niveau_potentiel":"Très élevé 🌟","pente_degres":31.0,"type_affleurement":"Affleurement Fort (Falaise / Ravine) 🔴","score_relieffiltered":99.4},"geometry":{"type":"Polygon","coordinates":[[[3.3165,43.6432],[3.3164,43.6432],[3.3158,43.6429],[3.3153,43.6425],[3.3151,43.6422],[3.3148,43.6421],[3.3148,43.6421],[3.3144,43.6421],[3.3138,43.642],[3.3131,43.6418],[3.3126,43.6416],[3.3125,43.6416],[3.312,43.6414],[3.3117,43.6414],[3.3115,43.6414],[3.3113,43.6415],[3.3112,43.6415],[3.3108,43.6416],[3.3104,43.6416],[3.31,43.6416],[3.3095,43.6413],[3.3086,43.6408],[3.3082,43.6407],[3.3078,43.6406],[3.3065,43.6414],[3.3062,43.6416],[3.3062,43.6417],[3.3066,43.6419],[3.3072,43.6419],[3.3074,43.6419],[3.3079,43.6419],[3.308,43.6419],[3.3087,43.6419],[3.3096,43.6419],[3.3099,43.642],[3.3105,43.6421],[3.3111,43.6423],[3.3127,43.643],[3.3134,43.6433],[3.3135,43.6433],[3.3137,43.6434],[3.3146,43.6434],[3.3152,43.6433],[3.3161,43.6433],[3.3163,43.6433],[3.3165,43.6432]]]}},{"type":"Feature","properties":{"MI_PRINX":3672437.0,"CARTE":264,"CODE":3442,"CODE_LEG":467,"NOTATION":"o5Gg","DESCR":"Grès et grès quartzitiques à poundingues de galets de quartz à la base de Gabian (Caradoc supérieur)","C_FOND":50,"M_FOND":10,"J_FOND":50,"N_FOND":0,"NOM_SYMB":null,"C_SYMB":-1,"M_SYMB":-1,"J_SYMB":-1,"N_SYMB":-1,"ROT_SYMB":0,"score_potentiel":70,"niveau_potentiel":"Très élevé 🌟","pente_degres":20.7,"type_affleurement":"Affleurement Moyen (Escarpement) 🟠","score_relieffiltered":85.0},"geometry":{"type":"Polygon","coordinates":[[[3.3027,43.5353],[3.3033,43.5355],[3.3036,43.5356],[3.3032,43.5348],[3.303,43.5344],[3.3028,43.5339],[3.3024,43.5337],[3.302,43.5335],[3.3017,43.5334],[3.3017,43.5334],[3.3021,43.5332],[3.3024,43.5331],[3.3026,43.5331],[3.3026,43.5327],[3.3025,43.5328],[3.3023,43.5328],[3.302,43.5328],[3.3016,43.5328],[3.3012,43.5327],[3.3008,43.5326],[3.3004,43.5325],[3.3001,43.5322],[3.2998,43.5324],[3.2996,43.5326],[3.2994,43.5328],[3.2993,43.5329],[3.2993,43.533],[3.2992,43.533],[3.2991,43.533],[3.299,43.5331],[3.2989,43.5331],[3.2988,43.5331],[3.2986,43.5331],[3.2985,43.5332],[3.2983,43.5332],[3.2981,43.5332],[3.2979,43.5332],[3.2978,43.5332],[3.2976,43.5333],[3.2974,43.5334],[3.2973,43.5335],[3.2972,43.5336],[3.2971,43.5337],[3.297,43.5338],[3.2968,43.5339],[3.2967,43.534],[3.297,43.5341],[3.2974,43.5342],[3.2979,43.5343],[3.2983,43.5342],[3.2986,43.5343],[3.299,43.5344],[3.2994,43.5343],[3.2997,43.5343],[3.2997,43.5342],[3.2998,43.5338],[3.3005,43.5336],[3.3012,43.5337],[3.3009,43.5339],[3.3009,43.5341],[3.301,43.5344],[3.3011,43.5347],[3.3013,43.535],[3.3016,43.5352],[3.3018,43.5353],[3.3021,43.5355],[3.3024,43.5356],[3.3028,43.5357],[3.3027,43.5353]]]}},{"type":"Feature","properties":{"MI_PRINX":3672449.0,"CARTE":264,"CODE":3316,"CODE_LEG":424,"NOTATION":"h1MF","DESCR":"Calcaires et lydiennes à nodules phosphatés du Pic de Vissou et de la Serre - Nappes des Monts de Faugères (Tournaisien)","C_FOND":20,"M_FOND":40,"J_FOND":70,"N_FOND":0,"NOM_SYMB":null,"C_SYMB":-1,"M_SYMB":-1,"J_SYMB":-1,"N_SYMB":-1,"ROT_SYMB":0,"score_potentiel":70,"niveau_potentiel":"Très élevé 🌟","pente_degres":20.4,"type_affleurement":"Affleurement Moyen (Escarpement) 🟠","score_relieffiltered":84.6},"geometry":{"type":"Polygon","coordinates":[[[3.0237,43.5372],[3.0243,43.5375],[3.0245,43.5376],[3.0244,43.5374],[3.0243,43.5373],[3.0242,43.5371],[3.0242,43.5369],[3.024,43.5368],[3.0239,43.5366],[3.0237,43.5364],[3.0235,43.5361],[3.0233,43.5359],[3.023,43.5356],[3.0227,43.5353],[3.0224,43.535],[3.022,43.5347],[3.0219,43.5348],[3.0217,43.535],[3.0216,43.5351],[3.0218,43.5352],[3.0221,43.5354],[3.0224,43.5356],[3.0227,43.5359],[3.023,43.5363],[3.0233,43.5365],[3.0234,43.5367],[3.0236,43.5369],[3.0236,43.5371],[3.0237,43.5372]]]}},{"type":"Feature","properties":{"MI_PRINX":3672552.0,"CARTE":264,"CODE":3316,"CODE_LEG":424,"NOTATION":"h1MF","DESCR":"Calcaires et lydiennes à nodules phosphatés du Pic de Vissou et de la Serre - Nappes des Monts de Faugères (Tournaisien)","C_FOND":20,"M_FOND":40,"J_FOND":70,"N_FOND":0,"NOM_SYMB":null,"C_SYMB":-1,"M_SYMB":-1,"J_SYMB":-1,"N_SYMB":-1,"ROT_SYMB":0,"score_potentiel":70,"niveau_potentiel":"Très élevé 🌟","pente_degres":20.7,"type_affleurement":"Affleurement Moyen (Escarpement) 🟠","score_relieffiltered":85.0},"geometry":{"type":"Polygon","coordinates":[[[3.0157,43.5327],[3.016,43.5329],[3.0163,43.5331],[3.0166,43.5335],[3.0169,43.5338],[3.0171,43.5341],[3.0172,43.5343],[3.0173,43.5346],[3.0175,43.535],[3.0177,43.5352],[3.0178,43.5354],[3.018,43.5355],[3.0183,43.5356],[3.0185,43.5357],[3.0186,43.5357],[3.0188,43.5356],[3.0186,43.5355],[3.0184,43.5353],[3.0181,43.535],[3.0179,43.5347],[3.0178,43.5345],[3.0177,43.5343],[3.0177,43.5342],[3.0176,43.534],[3.0174,43.5338],[3.0171,43.5333],[3.0167,43.5329],[3.0163,43.5326],[3.016,43.5326],[3.0159,43.5327],[3.0157,43.5327]]]}},{"type":"Feature","properties":{"MI_PRINX":3672643.0,"CARTE":264,"CODE":3316,"CODE_LEG":424,"NOTATION":"h1MF","DESCR":"Calcaires et lydiennes à nodules phosphatés du Pic de Vissou et de la Serre - Nappes des Monts de Faugères (Tournaisien)","C_FOND":20,"M_FOND":40,"J_FOND":70,"N_FOND":0,"NOM_SYMB":null,"C_SYMB":-1,"M_SYMB":-1,"J_SYMB":-1,"N_SYMB":-1,"ROT_SYMB":0,"score_potentiel":70,"niveau_potentiel":"Très élevé 🌟","pente_degres":32.7,"type_affleurement":"Affleurement Fort (Falaise / Ravine) 🔴","score_relieffiltered":100.0},"geometry":{"type":"Polygon","coordinates":[[[3.035,43.5334],[3.0353,43.5332],[3.0355,43.5331],[3.0357,43.533],[3.036,43.5328],[3.0363,43.5325],[3.0367,43.5322],[3.0371,43.532],[3.0375,43.5318],[3.0379,43.5317],[3.0382,43.5317],[3.0386,43.5318],[3.0389,43.5319],[3.0391,43.532],[3.0394,43.5321],[3.0396,43.5323],[3.0398,43.5324],[3.04,43.5325],[3.0403,43.5326],[3.0406,43.5327],[3.0405,43.5326],[3.0403,43.5324],[3.04,43.5322],[3.0396,43.532],[3.0391,43.5318],[3.0387,43.5316],[3.0384,43.5315],[3.038,43.5315],[3.0377,43.5315],[3.0375,43.5315],[3.0373,43.5316],[3.0371,43.5317],[3.0369,43.5318],[3.0366,43.532],[3.0362,43.5324],[3.0356,43.5327],[3.0352,43.5331],[3.0351,43.5332],[3.035,43.5334]]]}},{"type":"Feature","properties":{"MI_PRINX":3664499.0,"CARTE":264,"CODE":50,"CODE_LEG":50,"NOTATION":"Fy","DESCR":"Blocs, galets et graviers de calcaires siliceux, de grès, de quartz, de lydiennes, de porphyrites et de débris basaltiques (Terrasses glaciaires Würm)","C_FOND":10,"M_FOND":0,"J_FOND":10,"N_FOND":0,"NOM_SYMB":null,"C_SYMB":-1,"M_SYMB":-1,"J_SYMB":-1,"N_SYMB":-1,"ROT_SYMB":0,"score_potentiel":70,"niveau_potentiel":"Très élevé 🌟","pente_degres":20.4,"type_affleurement":"Affleurement Moyen (Escarpement) 🟠","score_relieffiltered":84.6},"geometry":{"type":"Polygon","coordinates":[[[3.1042,43.6399],[3.1045,43.6394],[3.1048,43.639],[3.1055,43.6384],[3.1058,43.6377],[3.106,43.6369],[3.106,43.6367],[3.1062,43.636],[3.1063,43.6359],[3.1063,43.6358],[3.1066,43.6349],[3.107,43.6336],[3.1074,43.6325],[3.108,43.6317],[3.1089,43.6311],[3.1095,43.6305],[3.1098,43.6299],[3.11,43.6294],[3.11,43.6281],[3.1099,43.6276],[3.1103,43.627],[3.111,43.6263],[3.1114,43.6258],[3.1123,43.6251],[3.1133,43.6247],[3.1135,43.6245],[3.1134,43.6243],[3.1124,43.6241],[3.112,43.624],[3.1112,43.6241],[3.1111,43.6242],[3.1103,43.6248],[3.1095,43.6255],[3.1086,43.6263],[3.1086,43.6264],[3.1079,43.6275],[3.1063,43.6297],[3.1045,43.6317],[3.104,43.6324],[3.1041,43.6328],[3.1044,43.633],[3.1049,43.6333],[3.1049,43.6335],[3.1047,43.634],[3.1047,43.6347],[3.1045,43.6351],[3.1041,43.6356],[3.1034,43.6363],[3.1029,43.6371],[3.1029,43.6378],[3.1032,43.6386],[3.1034,43.6388],[3.1033,43.6389],[3.1037,43.6391],[3.1038,43.6393],[3.1042,43.6399]]]}},{"type":"Feature","properties":{"MI_PRINX":3664384.0,"CARTE":264,"CODE":50,"CODE_LEG":50,"NOTATION":"Fy","DESCR":"Blocs, galets et graviers de calcaires siliceux, de grès, de quartz, de lydiennes, de porphyrites et de débris basaltiques (Terrasses glaciaires Würm)","C_FOND":10,"M_FOND":0,"J_FOND":10,"N_FOND":0,"NOM_SYMB":null,"C_SYMB":-1,"M_SYMB":-1,"J_SYMB":-1,"N_SYMB":-1,"ROT_SYMB":0,"score_potentiel":70,"niveau_potentiel":"Très élevé 🌟","pente_degres":20.7,"type_affleurement":"Affleurement Moyen (Escarpement) 🟠","score_relieffiltered":85.0},"geometry":{"type":"Polygon","coordinates":[[[3.4862,43.6385],[3.4864,43.6384],[3.4871,43.6381],[3.4881,43.6373],[3.4892,43.6367],[3.4913,43.6358],[3.4922,43.6352],[3.4951,43.633],[3.4956,43.6323],[3.4957,43.6318],[3.4957,43.6317],[3.4958,43.6312],[3.4961,43.6309],[3.4965,43.6308],[3.4969,43.6308],[3.4977,43.6309],[3.4982,43.6309],[3.4988,43.6309],[3.4994,43.6306],[3.5001,43.6304],[3.5004,43.6303],[3.5009,43.6305],[3.5009,43.6305],[3.5012,43.6308],[3.5013,43.6311],[3.5012,43.6315],[3.5013,43.632],[3.5014,43.6324],[3.5015,43.6329],[3.5018,43.6335],[3.5017,43.6338],[3.5018,43.6339],[3.5019,43.6339],[3.5022,43.6339],[3.5025,43.6339],[3.503,43.6338],[3.5035,43.6335],[3.5041,43.6329],[3.505,43.6325],[3.5056,43.6321],[3.5059,43.6317],[3.5059,43.6314],[3.5055,43.631],[3.5046,43.6305],[3.5042,43.63],[3.5042,43.6298],[3.5043,43.6294],[3.5049,43.629],[3.5057,43.629],[3.5058,43.629],[3.5063,43.629],[3.5065,43.6288],[3.5063,43.6283],[3.5052,43.6274],[3.5039,43.6263],[3.5036,43.626],[3.5036,43.6259],[3.5026,43.6254],[3.5022,43.6253],[3.5022,43.6253],[3.5021,43.6253],[3.5017,43.6253],[3.5011,43.6256],[3.5008,43.6258],[3.5004,43.6257],[3.5,43.6256],[3.4995,43.626],[3.4992,43.6264],[3.4988,43.6266],[3.4982,43.6268],[3.4979,43.6271],[3.4978,43.6276],[3.4978,43.628],[3.4974,43.6284],[3.4971,43.6285],[3.4969,43.6285],[3.4967,43.6282],[3.4966,43.6279],[3.4966,43.6277],[3.4965,43.6274],[3.4961,43.6272],[3.4955,43.6273],[3.4951,43.6276],[3.495,43.628],[3.495,43.6286],[3.4945,43.6291],[3.4937,43.6294],[3.493,43.6297],[3.4921,43.6304],[3.4916,43.631],[3.491,43.6322],[3.49,43.6332],[3.4894,43.6343],[3.4886,43.635],[3.4874,43.6361],[3.4867,43.6371],[3.4863,43.6382],[3.4862,43.6385],[3.4862,43.6385]]]}},{"type":"Feature","properties":{"MI_PRINX":3672221.0,"CARTE":264,"CODE":3316,"CODE_LEG":424,"NOTATION":"h1MF","DESCR":"Calcaires et lydiennes à nodules phosphatés du Pic de Vissou et de la Serre - Nappes des Monts de Faugères (Tournaisien)","C_FOND":20,"M_FOND":40,"J_FOND":70,"N_FOND":0,"NOM_SYMB":null,"C_SYMB":-1,"M_SYMB":-1,"J_SYMB":-1,"N_SYMB":-1,"ROT_SYMB":0,"score_potentiel":70,"niveau_potentiel":"Très élevé 🌟","pente_degres":31.0,"type_affleurement":"Affleurement Fort (Falaise / Ravine) 🔴","score_relieffiltered":99.4},"geometry":{"type":"Polygon","coordinates":[[[3.0093,43.5411],[3.0094,43.5415],[3.0096,43.5418],[3.0096,43.5419],[3.0098,43.5417],[3.01,43.5415],[3.0102,43.5413],[3.0105,43.541],[3.0107,43.5407],[3.011,43.5404],[3.0113,43.5402],[3.0116,43.54],[3.0119,43.5398],[3.0122,43.5396],[3.0125,43.5395],[3.0127,43.5394],[3.0129,43.5393],[3.0132,43.5393],[3.0129,43.5393],[3.0127,43.5393],[3.0124,43.5393],[3.0121,43.5394],[3.0117,43.5395],[3.0114,43.5396],[3.0111,43.5397],[3.0108,43.54],[3.0104,43.5403],[3.01,43.5407],[3.0096,43.5409],[3.0094,43.5411],[3.0093,43.5411]]]}},{"type":"Feature","properties":{"MI_PRINX":3672434.0,"CARTE":264,"CODE":3443,"CODE_LEG":468,"NOTATION":"o5Gvs","DESCR":"Grauwackes, schistes psammitiques et coulées interstratifiées d'andésites de Gabian - Ecailles de Cabrières (Caradoc inférieur?)","C_FOND":25,"M_FOND":0,"J_FOND":10,"N_FOND":0,"NOM_SYMB":null,"C_SYMB":-1,"M_SYMB":-1,"J_SYMB":-1,"N_SYMB":-1,"ROT_SYMB":0,"score_potentiel":55,"niveau_potentiel":"Élevé 🟢","pente_degres":17.2,"type_affleurement":"Affleurement Moyen (Escarpement) 🟠","score_relieffiltered":62.9},"geometry":{"type":"Polygon","coordinates":[[[3.3116,43.5356],[3.3119,43.5356],[3.3123,43.5355],[3.3116,43.5352],[3.3116,43.5355],[3.3116,43.5356]]]}},{"type":"Feature","properties":{"MI_PRINX":3672436.0,"CARTE":264,"CODE":3441,"CODE_LEG":466,"NOTATION":"o6Gmc","DESCR":"Marnes et calcaires organo-détritiques, fossilifère de Gabian - Ecailles de Cabrières (Ashgill)","C_FOND":25,"M_FOND":10,"J_FOND":50,"N_FOND":0,"NOM_SYMB":null,"C_SYMB":-1,"M_SYMB":-1,"J_SYMB":-1,"N_SYMB":-1,"ROT_SYMB":0,"score_potentiel":80,"niveau_potentiel":"Très élevé 🌟","pente_degres":18.3,"type_affleurement":"Affleurement Moyen (Escarpement) 🟠","score_relieffiltered":93.3},"geometry":{"type":"Polygon","coordinates":[[[3.3076,43.535],[3.3078,43.5351],[3.308,43.5353],[3.3081,43.5353],[3.3082,43.5354],[3.3084,43.5355],[3.3086,43.5355],[3.3088,43.5356],[3.3089,43.5356],[3.3091,43.5356],[3.3092,43.5356],[3.3094,43.5356],[3.3096,43.5355],[3.3097,43.5355],[3.3099,43.5354],[3.3101,43.5353],[3.3099,43.535],[3.3098,43.5348],[3.3089,43.535],[3.3081,43.535],[3.3076,43.535]]]}},{"type":"Feature","properties":{"MI_PRINX":3672529.0,"CARTE":264,"CODE":3316,"CODE_LEG":424,"NOTATION":"h1MF","DESCR":"Calcaires et lydiennes à nodules phosphatés du Pic de Vissou et de la Serre - Nappes des Monts de Faugères (Tournaisien)","C_FOND":20,"M_FOND":40,"J_FOND":70,"N_FOND":0,"NOM_SYMB":null,"C_SYMB":-1,"M_SYMB":-1,"J_SYMB":-1,"N_SYMB":-1,"ROT_SYMB":0,"score_potentiel":70,"niveau_potentiel":"Très élevé 🌟","pente_degres":33.2,"type_affleurement":"Affleurement Fort (Falaise / Ravine) 🔴","score_relieffiltered":100.0},"geometry":{"type":"Polygon","coordinates":[[[3.0039,43.5363],[3.0039,43.5361],[3.0037,43.5359],[3.0035,43.5358],[3.0032,43.5356],[3.0028,43.5355],[3.0025,43.5352],[3.0023,43.535],[3.0022,43.5348],[3.0022,43.5345],[3.0022,43.5342],[3.002,43.534],[3.0018,43.5338],[3.0015,43.5335],[3.0014,43.5333],[3.0014,43.533],[3.0013,43.5331],[3.0006,43.5332],[3.0001,43.5332],[2.9997,43.5332],[2.9993,43.5331],[2.9991,43.5331],[2.9989,43.5333],[2.9987,43.5333],[2.9986,43.5332],[2.9986,43.5331],[2.9984,43.5329],[2.9981,43.5327],[2.998,43.5326],[2.9981,43.5325],[2.9984,43.5325],[2.9988,43.5326],[2.9992,43.5326],[2.9999,43.5325],[3.0004,43.5325],[3.0008,43.5326],[3.001,43.5326],[3.0013,43.5325],[3.0017,43.5324],[3.0021,43.5324],[3.0026,43.5325],[3.0029,43.5328],[3.0028,43.5329],[3.003,43.5331],[3.0033,43.5333],[3.0036,43.5336],[3.0039,43.5339],[3.0041,43.5341],[3.0043,43.5343],[3.0045,43.5345],[3.0044,43.5341],[3.0043,43.5337],[3.0042,43.5334],[3.0045,43.5336],[3.0048,43.5337],[3.0051,43.5339],[3.0055,43.534],[3.006,43.5342],[3.0065,43.5344],[3.007,43.5346],[3.0075,43.5348],[3.0079,43.535],[3.0082,43.5352],[3.0085,43.5353],[3.0086,43.5353],[3.0087,43.5354],[3.0088,43.5354],[3.0086,43.5349],[3.0083,43.5348],[3.008,43.5347],[3.0078,43.5346],[3.0076,43.5345],[3.0074,43.5344],[3.0072,43.5344],[3.007,43.5343],[3.0067,43.5341],[3.0062,43.5339],[3.0058,43.5337],[3.0054,43.5334],[3.005,43.5332],[3.0047,43.533],[3.0044,43.5329],[3.004,43.5327],[3.0037,43.5325],[3.0034,43.5323],[3.003,43.532],[3.0028,43.5321],[3.0024,43.5321],[3.0021,43.5321],[3.0018,43.5321],[3.0014,43.532],[3.0009,43.532],[3.0004,43.532],[2.9999,43.5321],[2.9994,43.5322],[2.9989,43.5323],[2.9985,43.5323],[2.9981,43.5322],[2.9977,43.5321],[2.9975,43.532],[2.9972,43.5318],[2.9972,43.5318],[2.9968,43.5319],[2.9965,43.532],[2.9965,43.5321],[2.9966,43.5322],[2.9969,43.5325],[2.9976,43.5333],[2.998,43.5337],[2.9981,43.5339],[2.9983,43.534],[2.9985,43.5339],[2.9985,43.5339],[2.9985,43.5338],[2.9988,43.5338],[2.9993,43.5339],[2.9999,43.5339],[3.0004,43.5337],[3.0006,43.5337],[3.0008,43.5337],[3.0013,43.534],[3.0017,43.5343],[3.0019,43.5346],[3.0019,43.5353],[3.002,43.5356],[3.0022,43.5357],[3.0023,43.5357],[3.0025,43.5357],[3.0027,43.5358],[3.0029,43.5359],[3.003,43.536],[3.0033,43.5361],[3.0037,43.5362],[3.0039,43.5363]]]}},{"type":"Feature","properties":{"MI_PRINX":3672859.0,"CARTE":264,"CODE":50,"CODE_LEG":50,"NOTATION":"Fy","DESCR":"Blocs, galets et graviers de calcaires siliceux, de grès, de quartz, de lydiennes, de porphyrites et de débris basaltiques (Terrasses glaciaires Würm)","C_FOND":10,"M_FOND":0,"J_FOND":10,"N_FOND":0,"NOM_SYMB":null,"C_SYMB":-1,"M_SYMB":-1,"J_SYMB":-1,"N_SYMB":-1,"ROT_SYMB":0,"score_potentiel":70,"niveau_potentiel":"Très élevé 🌟","pente_degres":16.4,"type_affleurement":"Affleurement Moyen (Escarpement) 🟠","score_relieffiltered":79.0},"geometry":{"type":"Polygon","coordinates":[[[3.3032,43.5257],[3.3032,43.5257],[3.3033,43.5259],[3.3033,43.526],[3.3035,43.5259],[3.3036,43.5259],[3.3037,43.5258],[3.3037,43.5257],[3.3037,43.5255],[3.3038,43.5254],[3.3038,43.5253],[3.304,43.5252],[3.3042,43.5251],[3.3044,43.525],[3.3047,43.5249],[3.3048,43.5248],[3.3048,43.5247],[3.3048,43.5247],[3.3049,43.5246],[3.3049,43.5245],[3.305,43.5243],[3.305,43.5242],[3.3049,43.524],[3.3049,43.5239],[3.3049,43.5238],[3.3048,43.5238],[3.3048,43.5237],[3.3047,43.5237],[3.3046,43.5237],[3.3045,43.5237],[3.3044,43.5237],[3.3043,43.5237],[3.3042,43.5238],[3.3041,43.5239],[3.3039,43.524],[3.3038,43.5242],[3.3037,43.5243],[3.3036,43.5245],[3.3035,43.5247],[3.3033,43.5249],[3.3033,43.5252],[3.3032,43.5254],[3.3032,43.5255],[3.3032,43.5257]]]}},{"type":"Feature","properties":{"MI_PRINX":3672320.0,"CARTE":264,"CODE":3316,"CODE_LEG":424,"NOTATION":"h1MF","DESCR":"Calcaires et lydiennes à nodules phosphatés du Pic de Vissou et de la Serre - Nappes des Monts de Faugères (Tournaisien)","C_FOND":20,"M_FOND":40,"J_FOND":70,"N_FOND":0,"NOM_SYMB":null,"C_SYMB":-1,"M_SYMB":-1,"J_SYMB":-1,"N_SYMB":-1,"ROT_SYMB":0,"score_potentiel":70,"niveau_potentiel":"Très élevé 🌟","pente_degres":31.8,"type_affleurement":"Affleurement Fort (Falaise / Ravine) 🔴","score_relieffiltered":100.0},"geometry":{"type":"Polygon","coordinates":[[[3.0157,43.5395],[3.0161,43.5396],[3.0163,43.5396],[3.0162,43.5393],[3.016,43.5392],[3.0157,43.5392],[3.0156,43.5389],[3.0154,43.5388],[3.0151,43.5387],[3.0149,43.5386],[3.0148,43.5384],[3.0146,43.5382],[3.0143,43.5378],[3.0141,43.5376],[3.0137,43.5373],[3.0133,43.5371],[3.0129,43.537],[3.0126,43.5368],[3.0123,43.5367],[3.012,43.5365],[3.0117,43.5363],[3.0115,43.5362],[3.0112,43.5362],[3.011,43.5362],[3.0105,43.5362],[3.01,43.5363],[3.0096,43.5362],[3.0092,43.5362],[3.0095,43.5366],[3.0103,43.5366],[3.0111,43.5367],[3.0116,43.5368],[3.0123,43.5371],[3.0128,43.5374],[3.0131,43.5377],[3.0138,43.5384],[3.0144,43.5391],[3.0148,43.5394],[3.015,43.5396],[3.0152,43.5396],[3.0154,43.5397],[3.0155,43.5397],[3.0156,43.5397],[3.0158,43.5398],[3.0157,43.5395]]]}},{"type":"Feature","properties":{"MI_PRINX":3672321.0,"CARTE":264,"CODE":3442,"CODE_LEG":467,"NOTATION":"o5Gg","DESCR":"Grès et grès quartzitiques à poundingues de galets de quartz à la base de Gabian (Caradoc supérieur)","C_FOND":50,"M_FOND":10,"J_FOND":50,"N_FOND":0,"NOM_SYMB":null,"C_SYMB":-1,"M_SYMB":-1,"J_SYMB":-1,"N_SYMB":-1,"ROT_SYMB":0,"score_potentiel":70,"niveau_potentiel":"Très élevé 🌟","pente_degres":19.2,"type_affleurement":"Affleurement Moyen (Escarpement) 🟠","score_relieffiltered":82.9},"geometry":{"type":"Polygon","coordinates":[[[3.311,43.5364],[3.3113,43.5367],[3.3117,43.5371],[3.3119,43.5373],[3.3122,43.5374],[3.3124,43.5374],[3.3125,43.5374],[3.3112,43.5362],[3.311,43.5363],[3.311,43.5364]]]}},{"type":"Feature","properties":{"MI_PRINX":3672519.0,"CARTE":264,"CODE":50,"CODE_LEG":50,"NOTATION":"Fy","DESCR":"Blocs, galets et graviers de calcaires siliceux, de grès, de quartz, de lydiennes, de porphyrites et de débris basaltiques (Terrasses glaciaires Würm)","C_FOND":10,"M_FOND":0,"J_FOND":10,"N_FOND":0,"NOM_SYMB":null,"C_SYMB":-1,"M_SYMB":-1,"J_SYMB":-1,"N_SYMB":-1,"ROT_SYMB":0,"score_potentiel":70,"niveau_potentiel":"Très élevé 🌟","pente_degres":19.8,"type_affleurement":"Affleurement Moyen (Escarpement) 🟠","score_relieffiltered":83.7},"geometry":{"type":"Polygon","coordinates":[[[3.4129,43.5331],[3.4138,43.5327],[3.4144,43.5323],[3.415,43.5321],[3.4155,43.5318],[3.4159,43.5315],[3.4167,43.5313],[3.4173,43.531],[3.4176,43.5308],[3.4179,43.5305],[3.4182,43.5302],[3.4186,43.5301],[3.419,43.5299],[3.4192,43.5296],[3.4192,43.5294],[3.4195,43.5291],[3.4199,43.5289],[3.4206,43.5287],[3.4215,43.5284],[3.422,43.5281],[3.4228,43.5274],[3.423,43.5269],[3.4231,43.5268],[3.4232,43.5264],[3.4232,43.5259],[3.4232,43.5258],[3.4236,43.5254],[3.4237,43.5251],[3.4238,43.5249],[3.4238,43.5248],[3.4237,43.5247],[3.4236,43.5248],[3.4234,43.5249],[3.4231,43.525],[3.4228,43.525],[3.4226,43.525],[3.4225,43.5251],[3.4223,43.5252],[3.4221,43.5253],[3.422,43.5253],[3.4217,43.5251],[3.4213,43.525],[3.4209,43.525],[3.4206,43.5252],[3.4204,43.5253],[3.4202,43.5254],[3.4198,43.5255],[3.4192,43.5255],[3.4187,43.5256],[3.4183,43.5258],[3.4178,43.526],[3.4174,43.5262],[3.4172,43.5265],[3.4169,43.5267],[3.4168,43.527],[3.4168,43.5272],[3.4169,43.5274],[3.417,43.5275],[3.4172,43.5277],[3.4175,43.5278],[3.4178,43.5279],[3.4181,43.528],[3.4182,43.5282],[3.4182,43.5284],[3.4181,43.5287],[3.418,43.5289],[3.4178,43.5291],[3.4175,43.5292],[3.4172,43.5293],[3.4167,43.5294],[3.4161,43.5295],[3.4154,43.5294],[3.4147,43.5294],[3.4139,43.5294],[3.4134,43.5294],[3.4131,43.5294],[3.4127,43.5296],[3.4122,43.5298],[3.4118,43.53],[3.4116,43.5302],[3.4115,43.5304],[3.4113,43.5306],[3.411,43.5308],[3.4107,43.531],[3.4107,43.5313],[3.4107,43.5315],[3.4106,43.5318],[3.4106,43.532],[3.4108,43.5321],[3.4109,43.5322],[3.4112,43.5322],[3.4115,43.5322],[3.4117,43.5323],[3.412,43.5325],[3.4122,43.5328],[3.4125,43.533],[3.4127,43.533],[3.4129,43.5331]]]}},{"type":"Feature","properties":{"MI_PRINX":3672625.0,"CARTE":264,"CODE":3441,"CODE_LEG":466,"NOTATION":"o6Gmc","DESCR":"Marnes et calcaires organo-détritiques, fossilifère de Gabian - Ecailles de Cabrières (Ashgill)","C_FOND":25,"M_FOND":10,"J_FOND":50,"N_FOND":0,"NOM_SYMB":null,"C_SYMB":-1,"M_SYMB":-1,"J_SYMB":-1,"N_SYMB":-1,"ROT_SYMB":0,"score_potentiel":80,"niveau_potentiel":"Très élevé 🌟","pente_degres":20.0,"type_affleurement":"Affleurement Moyen (Escarpement) 🟠","score_relieffiltered":96.0},"geometry":{"type":"Polygon","coordinates":[[[3.2565,43.5323],[3.2571,43.5321],[3.258,43.5318],[3.2578,43.5314],[3.2572,43.5318],[3.2565,43.5323]]]}},{"type":"Feature","properties":{"MI_PRINX":3672637.0,"CARTE":264,"CODE":50,"CODE_LEG":50,"NOTATION":"Fy","DESCR":"Blocs, galets et graviers de calcaires siliceux, de grès, de quartz, de lydiennes, de porphyrites et de débris basaltiques (Terrasses glaciaires Würm)","C_FOND":10,"M_FOND":0,"J_FOND":10,"N_FOND":0,"NOM_SYMB":null,"C_SYMB":-1,"M_SYMB":-1,"J_SYMB":-1,"N_SYMB":-1,"ROT_SYMB":0,"score_potentiel":70,"niveau_potentiel":"Très élevé 🌟","pente_degres":31.6,"type_affleurement":"Affleurement Fort (Falaise / Ravine) 🔴","score_relieffiltered":100.0},"geometry":{"type":"Polygon","coordinates":[[[2.8591,43.5345],[2.8588,43.534],[2.858,43.5332],[2.8579,43.5328],[2.8575,43.5325],[2.8573,43.5327],[2.8573,43.5327],[2.8571,43.5326],[2.8565,43.5323],[2.856,43.532],[2.8556,43.5318],[2.8551,43.5317],[2.8545,43.5317],[2.8542,43.5317],[2.8535,43.5314],[2.8534,43.5313],[2.8532,43.5311],[2.8531,43.531],[2.8528,43.5309],[2.8519,43.5307],[2.8512,43.5304],[2.8503,43.5298],[2.8498,43.5291],[2.8494,43.5288],[2.8493,43.5285],[2.849,43.5284],[2.8488,43.5281],[2.8488,43.5278],[2.8491,43.5276],[2.8491,43.5273],[2.8491,43.5271],[2.8487,43.5268],[2.8484,43.5263],[2.8483,43.526],[2.8479,43.5257],[2.8475,43.5254],[2.8472,43.5254],[2.8467,43.5254],[2.8462,43.5255],[2.846,43.5258],[2.8455,43.5261],[2.8451,43.5265],[2.8446,43.5266],[2.844,43.5269],[2.8438,43.5271],[2.8449,43.5276],[2.8465,43.5282],[2.8468,43.5284],[2.8472,43.5287],[2.8476,43.5291],[2.8482,43.5298],[2.8488,43.5303],[2.8496,43.5308],[2.8499,43.5311],[2.85,43.5312],[2.8507,43.5315],[2.8514,43.5317],[2.8522,43.5318],[2.8528,43.532],[2.8538,43.5321],[2.8545,43.5323],[2.8548,43.5325],[2.8549,43.5326],[2.8554,43.5328],[2.8556,43.5329],[2.8562,43.533],[2.857,43.5333],[2.8578,43.5338],[2.8588,43.5343],[2.8591,43.5345]]]}},{"type":"Feature","properties":{"MI_PRINX":3672852.0,"CARTE":264,"CODE":50,"CODE_LEG":50,"NOTATION":"Fy","DESCR":"Blocs, galets et graviers de calcaires siliceux, de grès, de quartz, de lydiennes, de porphyrites et de débris basaltiques (Terrasses glaciaires Würm)","C_FOND":10,"M_FOND":0,"J_FOND":10,"N_FOND":0,"NOM_SYMB":null,"C_SYMB":-1,"M_SYMB":-1,"J_SYMB":-1,"N_SYMB":-1,"ROT_SYMB":0,"score_potentiel":70,"niveau_potentiel":"Très élevé 🌟","pente_degres":20.7,"type_affleurement":"Affleurement Moyen (Escarpement) 🟠","score_relieffiltered":85.0},"geometry":{"type":"Polygon","coordinates":[[[3.6735,43.514],[3.6737,43.5141],[3.6745,43.5146],[3.6751,43.515],[3.6754,43.5159],[3.6756,43.5166],[3.6758,43.517],[3.676,43.5174],[3.6765,43.5178],[3.6778,43.5183],[3.6784,43.5187],[3.6787,43.5191],[3.6788,43.5198],[3.6791,43.5203],[3.6793,43.5207],[3.6804,43.521],[3.6823,43.5215],[3.6833,43.5219],[3.6839,43.5221],[3.6848,43.522],[3.6864,43.5221],[3.6869,43.5218],[3.6874,43.5213],[3.6875,43.5207],[3.6879,43.5198],[3.6883,43.5192],[3.6886,43.5184],[3.6886,43.5174],[3.6884,43.5169],[3.6879,43.5163],[3.6876,43.5157],[3.6878,43.5149],[3.6882,43.5143],[3.6891,43.5136],[3.6917,43.5123],[3.6933,43.5116],[3.6935,43.5113],[3.6933,43.511],[3.6927,43.5108],[3.6916,43.5107],[3.691,43.5107],[3.6907,43.5104],[3.691,43.51],[3.6914,43.5094],[3.6921,43.5087],[3.693,43.5083],[3.6937,43.5081],[3.6949,43.5081],[3.697,43.5081],[3.6983,43.508],[3.699,43.5076],[3.6997,43.507],[3.7002,43.5061],[3.7001,43.5049],[3.6998,43.5043],[3.6996,43.5034],[3.6997,43.5027],[3.6993,43.5022],[3.6986,43.5018],[3.6981,43.5016],[3.6977,43.5008],[3.6974,43.5004],[3.697,43.5001],[3.6964,43.5002],[3.6961,43.5006],[3.6953,43.5016],[3.6949,43.503],[3.6947,43.504],[3.6943,43.5049],[3.694,43.5051],[3.6937,43.5051],[3.6935,43.505],[3.6934,43.5041],[3.6934,43.5032],[3.6937,43.5015],[3.6941,43.5006],[3.6943,43.4993],[3.6945,43.4986],[3.6948,43.4979],[3.695,43.4976],[3.6951,43.4972],[3.6953,43.4969],[3.6954,43.4966],[3.6954,43.4964],[3.6954,43.4963],[3.6954,43.4961],[3.6953,43.4963],[3.6952,43.4964],[3.695,43.4965],[3.6948,43.4965],[3.6946,43.4966],[3.6944,43.4966],[3.6942,43.4966],[3.694,43.4965],[3.6938,43.4964],[3.6936,43.4962],[3.6934,43.496],[3.6931,43.4957],[3.6927,43.4954],[3.6924,43.4951],[3.692,43.4946],[3.6917,43.4943],[3.6914,43.494],[3.6912,43.4938],[3.691,43.4938],[3.6908,43.4937],[3.6906,43.4937],[3.6904,43.4936],[3.6902,43.4937],[3.69,43.4937],[3.6898,43.4938],[3.6897,43.4938],[3.6896,43.4939],[3.6895,43.494],[3.6894,43.4942],[3.6893,43.4943],[3.6893,43.4944],[3.6893,43.4945],[3.6894,43.4946],[3.6895,43.4948],[3.6896,43.495],[3.6897,43.4952],[3.6897,43.4953],[3.6897,43.4954],[3.6897,43.4955],[3.6896,43.4957],[3.6894,43.496],[3.6893,43.4962],[3.6893,43.4964],[3.6893,43.4966],[3.6892,43.4968],[3.6892,43.4971],[3.6893,43.4974],[3.6893,43.4978],[3.6895,43.4982],[3.6896,43.4986],[3.6897,43.499],[3.6898,43.4994],[3.6899,43.4997],[3.6899,43.4998],[3.6899,43.5],[3.6898,43.5002],[3.6897,43.5005],[3.6895,43.5007],[3.6894,43.5008],[3.6894,43.5009],[3.6894,43.5011],[3.6894,43.5013],[3.6895,43.5016],[3.6895,43.5019],[3.6896,43.5022],[3.6896,43.5024],[3.6895,43.5027],[3.6895,43.5031],[3.6895,43.5035],[3.6895,43.504],[3.6896,43.5044],[3.6897,43.5047],[3.6897,43.505],[3.6897,43.5052],[3.6896,43.5055],[3.6896,43.5057],[3.6895,43.5061],[3.6893,43.5063],[3.6891,43.5066],[3.6889,43.5068],[3.6886,43.5071],[3.6883,43.5074],[3.688,43.5077],[3.6877,43.5079],[3.6874,43.5081],[3.687,43.5083],[3.6865,43.5085],[3.686,43.5087],[3.6856,43.5088],[3.6853,43.5089],[3.685,43.509],[3.6846,43.509],[3.684,43.5091],[3.6834,43.5092],[3.6828,43.5093],[3.6824,43.5094],[3.6819,43.5096],[3.6813,43.5098],[3.6807,43.51],[3.6801,43.5102],[3.6798,43.5103],[3.6794,43.5103],[3.6791,43.5104],[3.6787,43.5106],[3.6782,43.5108],[3.6778,43.511],[3.6775,43.5112],[3.6772,43.5113],[3.6768,43.5114],[3.6765,43.5115],[3.6761,43.5116],[3.676,43.512],[3.6759,43.5122],[3.6758,43.5123],[3.6754,43.5124],[3.675,43.5126],[3.6747,43.5128],[3.6745,43.513],[3.6743,43.5132],[3.6742,43.5134],[3.6741,43.5137],[3.6738,43.5139],[3.6735,43.514]]]}},{"type":"Feature","properties":{"MI_PRINX":3672862.0,"CARTE":264,"CODE":3428,"CODE_LEG":453,"NOTATION":"d2-5Rc","DESCR":"Calcaires massifs blancs, localement dolomitiques - Nappes du Mont Peyroux (Pragien - Givétien)","C_FOND":0,"M_FOND":25,"J_FOND":25,"N_FOND":0,"NOM_SYMB":null,"C_SYMB":-1,"M_SYMB":-1,"J_SYMB":-1,"N_SYMB":-1,"ROT_SYMB":0,"score_potentiel":75,"niveau_potentiel":"Très élevé 🌟","pente_degres":17.6,"type_affleurement":"Affleurement Moyen (Escarpement) 🟠","score_relieffiltered":86.4},"geometry":{"type":"Polygon","coordinates":[[[2.8257,43.5291],[2.8259,43.5291],[2.826,43.529],[2.826,43.5289],[2.826,43.5288],[2.8258,43.5288],[2.8254,43.5286],[2.8251,43.5287],[2.8248,43.5289],[2.8254,43.529],[2.8257,43.5291]]]}},{"type":"Feature","properties":{"MI_PRINX":3672722.0,"CARTE":264,"CODE":3428,"CODE_LEG":453,"NOTATION":"d2-5Rc","DESCR":"Calcaires massifs blancs, localement dolomitiques - Nappes du Mont Peyroux (Pragien - Givétien)","C_FOND":0,"M_FOND":25,"J_FOND":25,"N_FOND":0,"NOM_SYMB":null,"C_SYMB":-1,"M_SYMB":-1,"J_SYMB":-1,"N_SYMB":-1,"ROT_SYMB":0,"score_potentiel":75,"niveau_potentiel":"Très élevé 🌟","pente_degres":32.0,"type_affleurement":"Affleurement Fort (Falaise / Ravine) 🔴","score_relieffiltered":100.0},"geometry":{"type":"Polygon","coordinates":[[[2.8333,43.5324],[2.8326,43.5322],[2.8314,43.5318],[2.8302,43.5313],[2.8289,43.5307],[2.8276,43.5301],[2.8272,43.53],[2.8279,43.5307],[2.8295,43.5315],[2.831,43.5321],[2.8321,43.5325],[2.8325,43.5325],[2.8333,43.5324]]]}},{"type":"Feature","properties":{"MI_PRINX":3672615.0,"CARTE":264,"CODE":3442,"CODE_LEG":467,"NOTATION":"o5Gg","DESCR":"Grès et grès quartzitiques à poundingues de galets de quartz à la base de Gabian (Caradoc supérieur)","C_FOND":50,"M_FOND":10,"J_FOND":50,"N_FOND":0,"NOM_SYMB":null,"C_SYMB":-1,"M_SYMB":-1,"J_SYMB":-1,"N_SYMB":-1,"ROT_SYMB":0,"score_potentiel":70,"niveau_potentiel":"Très élevé 🌟","pente_degres":31.5,"type_affleurement":"Affleurement Fort (Falaise / Ravine) 🔴","score_relieffiltered":100.0},"geometry":{"type":"Polygon","coordinates":[[[3.2548,43.5325],[3.2557,43.5324],[3.2564,43.5323],[3.2565,43.5323],[3.2572,43.5318],[3.2578,43.5314],[3.2578,43.5313],[3.2577,43.531],[3.2571,43.5315],[3.2564,43.5319],[3.2557,43.532],[3.2557,43.5321],[3.2558,43.5322],[3.2558,43.5323],[3.2556,43.5323],[3.2554,43.5323],[3.2552,43.5323],[3.2548,43.5322],[3.2548,43.5325]]]}},{"type":"Feature","properties":{"MI_PRINX":3672921.0,"CARTE":264,"CODE":3428,"CODE_LEG":453,"NOTATION":"d2-5Rc","DESCR":"Calcaires massifs blancs, localement dolomitiques - Nappes du Mont Peyroux (Pragien - Givétien)","C_FOND":0,"M_FOND":25,"J_FOND":25,"N_FOND":0,"NOM_SYMB":null,"C_SYMB":-1,"M_SYMB":-1,"J_SYMB":-1,"N_SYMB":-1,"ROT_SYMB":0,"score_potentiel":75,"niveau_potentiel":"Très élevé 🌟","pente_degres":19.6,"type_affleurement":"Affleurement Moyen (Escarpement) 🟠","score_relieffiltered":89.4},"geometry":{"type":"Polygon","coordinates":[[[2.8233,43.5277],[2.8235,43.5275],[2.8229,43.5272],[2.8225,43.5268],[2.8222,43.5266],[2.8217,43.5264],[2.8213,43.5264],[2.8217,43.5268],[2.8222,43.5272],[2.8228,43.5275],[2.8233,43.5278],[2.8233,43.5277]]]}},{"type":"Feature","properties":{"MI_PRINX":3672926.0,"CARTE":264,"CODE":3442,"CODE_LEG":467,"NOTATION":"o5Gg","DESCR":"Grès et grès quartzitiques à poundingues de galets de quartz à la base de Gabian (Caradoc supérieur)","C_FOND":50,"M_FOND":10,"J_FOND":50,"N_FOND":0,"NOM_SYMB":null,"C_SYMB":-1,"M_SYMB":-1,"J_SYMB":-1,"N_SYMB":-1,"ROT_SYMB":0,"score_potentiel":70,"niveau_potentiel":"Très élevé 🌟","pente_degres":16.6,"type_affleurement":"Affleurement Moyen (Escarpement) 🟠","score_relieffiltered":79.2},"geometry":{"type":"Polygon","coordinates":[[[3.2487,43.5248],[3.2492,43.5249],[3.2499,43.5238],[3.2496,43.5238],[3.2493,43.5238],[3.2491,43.5238],[3.249,43.5243],[3.2487,43.5248]]]}},{"type":"Feature","properties":{"MI_PRINX":3671517.0,"CARTE":264,"CODE":50,"CODE_LEG":50,"NOTATION":"Fy","DESCR":"Blocs, galets et graviers de calcaires siliceux, de grès, de quartz, de lydiennes, de porphyrites et de débris basaltiques (Terrasses glaciaires Würm)","C_FOND":10,"M_FOND":0,"J_FOND":10,"N_FOND":0,"NOM_SYMB":null,"C_SYMB":-1,"M_SYMB":-1,"J_SYMB":-1,"N_SYMB":-1,"ROT_SYMB":0,"score_potentiel":70,"niveau_potentiel":"Très élevé 🌟","pente_degres":32.7,"type_affleurement":"Affleurement Fort (Falaise / Ravine) 🔴","score_relieffiltered":100.0},"geometry":{"type":"Polygon","coordinates":[[[3.5059,43.5461],[3.5048,43.5461],[3.5035,43.5461],[3.5027,43.5461],[3.5022,43.5461],[3.5019,43.5462],[3.5015,43.5462],[3.5011,43.5463],[3.5007,43.5464],[3.5003,43.5466],[3.4997,43.5469],[3.499,43.5471],[3.4985,43.5473],[3.4981,43.5474],[3.4978,43.5475],[3.4976,43.5476],[3.4974,43.5477],[3.4973,43.5478],[3.4974,43.5479],[3.4976,43.5479],[3.4979,43.548],[3.4981,43.548],[3.4984,43.5479],[3.4986,43.5477],[3.4988,43.5476],[3.4991,43.5475],[3.4996,43.5474],[3.5,43.5473],[3.5003,43.5473],[3.5007,43.5471],[3.501,43.547],[3.5013,43.547],[3.5016,43.547],[3.5019,43.5469],[3.5022,43.5467],[3.5024,43.5466],[3.5029,43.5466],[3.5034,43.5467],[3.5038,43.5468],[3.504,43.5468],[3.5041,43.5467],[3.5042,43.5466],[3.5043,43.5466],[3.5044,43.5467],[3.5045,43.5468],[3.5047,43.5468],[3.5054,43.5467],[3.5063,43.5466],[3.5066,43.5465],[3.5068,43.5466],[3.5071,43.5468],[3.5074,43.5468],[3.5075,43.5468],[3.5078,43.5468],[3.508,43.5467],[3.5083,43.5466],[3.5087,43.5465],[3.5091,43.5466],[3.5094,43.5467],[3.5096,43.5468],[3.5098,43.5468],[3.5099,43.5468],[3.51,43.5467],[3.5101,43.5465],[3.5101,43.5464],[3.5103,43.5464],[3.5108,43.5464],[3.5111,43.5464],[3.5113,43.5464],[3.5118,43.5459],[3.5119,43.5458],[3.5114,43.5459],[3.511,43.546],[3.5109,43.5461],[3.5107,43.5461],[3.51,43.546],[3.5092,43.5459],[3.5086,43.5459],[3.5079,43.5459],[3.5065,43.546],[3.5059,43.5461]]]}},{"type":"Feature","properties":{"MI_PRINX":3671603.0,"CARTE":264,"CODE":3442,"CODE_LEG":467,"NOTATION":"o5Gg","DESCR":"Grès et grès quartzitiques à poundingues de galets de quartz à la base de Gabian (Caradoc supérieur)","C_FOND":50,"M_FOND":10,"J_FOND":50,"N_FOND":0,"NOM_SYMB":null,"C_SYMB":-1,"M_SYMB":-1,"J_SYMB":-1,"N_SYMB":-1,"ROT_SYMB":0,"score_potentiel":70,"niveau_potentiel":"Très élevé 🌟","pente_degres":17.7,"type_affleurement":"Affleurement Moyen (Escarpement) 🟠","score_relieffiltered":80.8},"geometry":{"type":"Polygon","coordinates":[[[3.2675,43.5489],[3.2676,43.549],[3.2677,43.5491],[3.2678,43.5491],[3.268,43.549],[3.2682,43.5488],[3.2687,43.5486],[3.2691,43.5483],[3.2694,43.5482],[3.2696,43.5482],[3.2696,43.5481],[3.2693,43.5479],[3.2689,43.5479],[3.2687,43.5479],[3.2685,43.548],[3.2683,43.5482],[3.2679,43.5484],[3.2677,43.5487],[3.2675,43.5489]]]}},{"type":"Feature","properties":{"MI_PRINX":3671623.0,"CARTE":264,"CODE":50,"CODE_LEG":50,"NOTATION":"Fy","DESCR":"Blocs, galets et graviers de calcaires siliceux, de grès, de quartz, de lydiennes, de porphyrites et de débris basaltiques (Terrasses glaciaires Würm)","C_FOND":10,"M_FOND":0,"J_FOND":10,"N_FOND":0,"NOM_SYMB":null,"C_SYMB":-1,"M_SYMB":-1,"J_SYMB":-1,"N_SYMB":-1,"ROT_SYMB":0,"score_potentiel":70,"niveau_potentiel":"Très élevé 🌟","pente_degres":31.6,"type_affleurement":"Affleurement Fort (Falaise / Ravine) 🔴","score_relieffiltered":100.0},"geometry":{"type":"Polygon","coordinates":[[[3.5303,43.5454],[3.53,43.5452],[3.5297,43.5451],[3.5293,43.5449],[3.529,43.5448],[3.5286,43.5448],[3.5282,43.5449],[3.5277,43.545],[3.5272,43.545],[3.5269,43.5451],[3.5266,43.545],[3.5263,43.545],[3.5259,43.5449],[3.5256,43.5448],[3.5253,43.5446],[3.5251,43.5444],[3.5247,43.5442],[3.524,43.5441],[3.5233,43.544],[3.5229,43.5439],[3.5227,43.5437],[3.5225,43.5436],[3.5224,43.5433],[3.5222,43.5431],[3.522,43.5431],[3.5217,43.5431],[3.5215,43.5431],[3.5213,43.5432],[3.5209,43.5435],[3.5204,43.544],[3.5201,43.5441],[3.5198,43.5442],[3.5192,43.5443],[3.5186,43.5443],[3.5179,43.5443],[3.5173,43.5443],[3.5166,43.5445],[3.5158,43.5447],[3.5154,43.5448],[3.5153,43.5448],[3.515,43.5448],[3.5146,43.5447],[3.5142,43.5447],[3.5138,43.5447],[3.5135,43.5447],[3.5131,43.5449],[3.5127,43.5451],[3.5124,43.5453],[3.5122,43.5455],[3.5119,43.5458],[3.5122,43.5457],[3.5124,43.5455],[3.5127,43.5455],[3.5131,43.5455],[3.5135,43.5455],[3.5139,43.5455],[3.5143,43.5456],[3.5146,43.5457],[3.5149,43.5458],[3.5153,43.5457],[3.5158,43.5457],[3.5163,43.5456],[3.5167,43.5456],[3.5172,43.5457],[3.5177,43.5458],[3.5182,43.5458],[3.5184,43.5458],[3.5187,43.5457],[3.519,43.5457],[3.5193,43.5456],[3.5196,43.5457],[3.5199,43.5457],[3.5201,43.5457],[3.5204,43.5456],[3.5206,43.5455],[3.5208,43.5454],[3.521,43.5454],[3.5213,43.5455],[3.5218,43.5457],[3.5221,43.5458],[3.5223,43.5459],[3.5225,43.5459],[3.5227,43.5459],[3.5229,43.5459],[3.5231,43.5458],[3.5233,43.5458],[3.5234,43.5458],[3.5236,43.5459],[3.5239,43.546],[3.5242,43.546],[3.5245,43.546],[3.5247,43.546],[3.5249,43.5459],[3.5252,43.5459],[3.5254,43.5459],[3.5257,43.5459],[3.5259,43.546],[3.5263,43.5461],[3.5266,43.5462],[3.527,43.5462],[3.5275,43.5461],[3.5282,43.5461],[3.5288,43.546],[3.5292,43.546],[3.5294,43.5459],[3.5295,43.5459],[3.5298,43.5457],[3.53,43.5456],[3.5303,43.5454]]]}},{"type":"Feature","properties":{"MI_PRINX":3671736.0,"CARTE":264,"CODE":3316,"CODE_LEG":424,"NOTATION":"h1MF","DESCR":"Calcaires et lydiennes à nodules phosphatés du Pic de Vissou et de la Serre - Nappes des Monts de Faugères (Tournaisien)","C_FOND":20,"M_FOND":40,"J_FOND":70,"N_FOND":0,"NOM_SYMB":null,"C_SYMB":-1,"M_SYMB":-1,"J_SYMB":-1,"N_SYMB":-1,"ROT_SYMB":0,"score_potentiel":70,"niveau_potentiel":"Très élevé 🌟","pente_degres":15.8,"type_affleurement":"Affleurement Moyen (Escarpement) 🟠","score_relieffiltered":78.1},"geometry":{"type":"Polygon","coordinates":[[[3.2112,43.5468],[3.2111,43.5468],[3.211,43.5469],[3.2112,43.5471],[3.2113,43.5472],[3.2115,43.5473],[3.2117,43.5474],[3.2118,43.5473],[3.2117,43.5472],[3.2114,43.5469],[3.2112,43.5468]]]}},{"type":"Feature","properties":{"MI_PRINX":3671829.0,"CARTE":264,"CODE":3442,"CODE_LEG":467,"NOTATION":"o5Gg","DESCR":"Grès et grès quartzitiques à poundingues de galets de quartz à la base de Gabian (Caradoc supérieur)","C_FOND":50,"M_FOND":10,"J_FOND":50,"N_FOND":0,"NOM_SYMB":null,"C_SYMB":-1,"M_SYMB":-1,"J_SYMB":-1,"N_SYMB":-1,"ROT_SYMB":0,"score_potentiel":70,"niveau_potentiel":"Très élevé 🌟","pente_degres":18.9,"type_affleurement":"Affleurement Moyen (Escarpement) 🟠","score_relieffiltered":82.5},"geometry":{"type":"Polygon","coordinates":[[[3.3261,43.5449],[3.3262,43.5452],[3.3274,43.5451],[3.3282,43.5451],[3.3282,43.545],[3.3279,43.5449],[3.3276,43.5448],[3.3272,43.5447],[3.3268,43.5447],[3.3263,43.5447],[3.326,43.5448],[3.3261,43.5449]]]}},{"type":"Feature","properties":{"MI_PRINX":3671843.0,"CARTE":264,"CODE":3442,"CODE_LEG":467,"NOTATION":"o5Gg","DESCR":"Grès et grès quartzitiques à poundingues de galets de quartz à la base de Gabian (Caradoc supérieur)","C_FOND":50,"M_FOND":10,"J_FOND":50,"N_FOND":0,"NOM_SYMB":null,"C_SYMB":-1,"M_SYMB":-1,"J_SYMB":-1,"N_SYMB":-1,"ROT_SYMB":0,"score_potentiel":70,"niveau_potentiel":"Très élevé 🌟","pente_degres":15.1,"type_affleurement":"Affleurement Moyen (Escarpement) 🟠","score_relieffiltered":77.1},"geometry":{"type":"Polygon","coordinates":[[[3.2886,43.5454],[3.2887,43.5454],[3.2889,43.5454],[3.2891,43.5454],[3.2891,43.5453],[3.2889,43.5451],[3.2888,43.5449],[3.2888,43.5447],[3.2888,43.5447],[3.2886,43.5447],[3.2885,43.5447],[3.2884,43.5447],[3.2883,43.5448],[3.2882,43.545],[3.288,43.5452],[3.2882,43.5453],[3.2885,43.5454],[3.2886,43.5454]]]}},{"type":"Feature","properties":{"MI_PRINX":3665362.0,"CARTE":264,"CODE":50,"CODE_LEG":50,"NOTATION":"Fy","DESCR":"Blocs, galets et graviers de calcaires siliceux, de grès, de quartz, de lydiennes, de porphyrites et de débris basaltiques (Terrasses glaciaires Würm)","C_FOND":10,"M_FOND":0,"J_FOND":10,"N_FOND":0,"NOM_SYMB":null,"C_SYMB":-1,"M_SYMB":-1,"J_SYMB":-1,"N_SYMB":-1,"ROT_SYMB":0,"score_potentiel":70,"niveau_potentiel":"Très élevé 🌟","pente_degres":19.4,"type_affleurement":"Affleurement Moyen (Escarpement) 🟠","score_relieffiltered":83.2},"geometry":{"type":"Polygon","coordinates":[[[3.1116,43.6268],[3.1118,43.6269],[3.1123,43.6265],[3.1126,43.6265],[3.1131,43.6265],[3.1131,43.6265],[3.1132,43.6265],[3.1143,43.6264],[3.1148,43.6263],[3.1149,43.6263],[3.1175,43.6257],[3.1176,43.6255],[3.1173,43.6254],[3.1173,43.6254],[3.1163,43.6254],[3.1162,43.6254],[3.1162,43.6254],[3.1158,43.6253],[3.1147,43.6249],[3.1142,43.6249],[3.1135,43.6251],[3.1126,43.6255],[3.1119,43.6262],[3.1116,43.6268]]]}},{"type":"Feature","properties":{"MI_PRINX":3671463.0,"CARTE":264,"CODE":50,"CODE_LEG":50,"NOTATION":"Fy","DESCR":"Blocs, galets et graviers de calcaires siliceux, de grès, de quartz, de lydiennes, de porphyrites et de débris basaltiques (Terrasses glaciaires Würm)","C_FOND":10,"M_FOND":0,"J_FOND":10,"N_FOND":0,"NOM_SYMB":null,"C_SYMB":-1,"M_SYMB":-1,"J_SYMB":-1,"N_SYMB":-1,"ROT_SYMB":0,"score_potentiel":70,"niveau_potentiel":"Très élevé 🌟","pente_degres":31.4,"type_affleurement":"Affleurement Fort (Falaise / Ravine) 🔴","score_relieffiltered":100.0},"geometry":{"type":"Polygon","coordinates":[[[3.3858,43.5491],[3.3858,43.549],[3.3859,43.5488],[3.3861,43.5486],[3.3863,43.5484],[3.3867,43.5482],[3.387,43.548],[3.3872,43.5479],[3.3874,43.5477],[3.3874,43.5476],[3.3875,43.5475],[3.3875,43.5474],[3.3875,43.5472],[3.3873,43.5468],[3.3872,43.5465],[3.3872,43.5464],[3.3873,43.5462],[3.3873,43.546],[3.3874,43.5458],[3.3876,43.5456],[3.3878,43.5455],[3.388,43.5454],[3.3883,43.5453],[3.3886,43.5452],[3.3888,43.5451],[3.389,43.545],[3.3892,43.5448],[3.3893,43.5446],[3.3896,43.5442],[3.3899,43.5435],[3.3904,43.5428],[3.3908,43.5423],[3.391,43.542],[3.3912,43.5417],[3.3915,43.5414],[3.3917,43.5412],[3.392,43.541],[3.3923,43.5408],[3.3925,43.5406],[3.3927,43.5404],[3.3928,43.5403],[3.3929,43.5402],[3.3929,43.5399],[3.3931,43.5395],[3.3934,43.539],[3.3937,43.5385],[3.3939,43.5381],[3.394,43.5379],[3.3941,43.5379],[3.3942,43.5377],[3.3944,43.5376],[3.3947,43.5374],[3.395,43.5373],[3.3954,43.5373],[3.3957,43.5372],[3.396,43.5372],[3.3963,43.5371],[3.3965,43.5369],[3.3967,43.5368],[3.3968,43.5367],[3.3971,43.5364],[3.3974,43.536],[3.397,43.5361],[3.3967,43.5363],[3.3963,43.5364],[3.3955,43.5366],[3.3949,43.5367],[3.3946,43.5368],[3.3946,43.5368],[3.3944,43.537],[3.3943,43.537],[3.394,43.5371],[3.3937,43.5371],[3.3933,43.5371],[3.393,43.5372],[3.3928,43.5373],[3.3925,43.5374],[3.3923,43.5377],[3.3921,43.5378],[3.3919,43.5378],[3.3915,43.5379],[3.3913,43.5379],[3.391,43.538],[3.3907,43.5381],[3.3905,43.5383],[3.3904,43.5384],[3.3903,43.5386],[3.3903,43.5388],[3.3903,43.5389],[3.3902,43.5391],[3.39,43.5392],[3.3898,43.5393],[3.3896,43.5394],[3.3895,43.5395],[3.3895,43.5397],[3.3895,43.5399],[3.3896,43.5401],[3.3898,43.5403],[3.3899,43.5405],[3.3898,43.5406],[3.3898,43.5408],[3.3897,43.5412],[3.3895,43.5416],[3.3893,43.5419],[3.3892,43.5421],[3.3891,43.5424],[3.3891,43.5427],[3.389,43.543],[3.3889,43.5432],[3.3887,43.5433],[3.3885,43.5435],[3.3881,43.5436],[3.3878,43.5437],[3.3875,43.5438],[3.3872,43.5439],[3.3871,43.5441],[3.3869,43.5443],[3.3866,43.5445],[3.3863,43.5447],[3.3861,43.5448],[3.3857,43.5449],[3.385,43.5449],[3.3842,43.545],[3.3835,43.5451],[3.3829,43.5451],[3.3826,43.5453],[3.3823,43.5454],[3.3821,43.5456],[3.382,43.5458],[3.382,43.546],[3.382,43.5463],[3.3822,43.5465],[3.3824,43.5467],[3.3828,43.5469],[3.3831,43.5471],[3.3836,43.5472],[3.3841,43.5474],[3.3844,43.5475],[3.3845,43.5477],[3.3847,43.5479],[3.3849,43.5482],[3.3851,43.5486],[3.3852,43.5489],[3.3854,43.5493],[3.3855,43.5499],[3.3856,43.5496],[3.3858,43.5491]]]}},{"type":"Feature","properties":{"MI_PRINX":3671718.0,"CARTE":264,"CODE":3316,"CODE_LEG":424,"NOTATION":"h1MF","DESCR":"Calcaires et lydiennes à nodules phosphatés du Pic de Vissou et de la Serre - Nappes des Monts de Faugères (Tournaisien)","C_FOND":20,"M_FOND":40,"J_FOND":70,"N_FOND":0,"NOM_SYMB":null,"C_SYMB":-1,"M_SYMB":-1,"J_SYMB":-1,"N_SYMB":-1,"ROT_SYMB":0,"score_potentiel":70,"niveau_potentiel":"Très élevé 🌟","pente_degres":19.1,"type_affleurement":"Affleurement Moyen (Escarpement) 🟠","score_relieffiltered":82.7},"geometry":{"type":"Polygon","coordinates":[[[3.2111,43.5458],[3.211,43.5459],[3.211,43.546],[3.2112,43.5463],[3.2114,43.5465],[3.2116,43.5466],[3.2118,43.5467],[3.2124,43.5472],[3.2128,43.5474],[3.2129,43.5475],[3.213,43.5475],[3.2131,43.5475],[3.213,43.5473],[3.2129,43.547],[3.2125,43.5466],[3.2119,43.5462],[3.2117,43.546],[3.2116,43.5461],[3.2115,43.5461],[3.2114,43.546],[3.2113,43.5459],[3.2111,43.5458]]]}},{"type":"Feature","properties":{"MI_PRINX":3663629.0,"CARTE":264,"CODE":50,"CODE_LEG":50,"NOTATION":"Fy","DESCR":"Blocs, galets et graviers de calcaires siliceux, de grès, de quartz, de lydiennes, de porphyrites et de débris basaltiques (Terrasses glaciaires Würm)","C_FOND":10,"M_FOND":0,"J_FOND":10,"N_FOND":0,"NOM_SYMB":null,"C_SYMB":-1,"M_SYMB":-1,"J_SYMB":-1,"N_SYMB":-1,"ROT_SYMB":0,"score_potentiel":70,"niveau_potentiel":"Très élevé 🌟","pente_degres":19.8,"type_affleurement":"Affleurement Moyen (Escarpement) 🟠","score_relieffiltered":83.7},"geometry":{"type":"Polygon","coordinates":[[[3.3746,43.6557],[3.374,43.6557],[3.3737,43.6559],[3.3729,43.6562],[3.3727,43.6564],[3.3724,43.6564],[3.3719,43.6565],[3.3714,43.6566],[3.3711,43.6567],[3.371,43.6568],[3.371,43.6569],[3.3711,43.6571],[3.3712,43.6572],[3.3716,43.6575],[3.3721,43.6577],[3.3731,43.658],[3.3735,43.6581],[3.3743,43.6583],[3.375,43.6583],[3.3755,43.6582],[3.3766,43.6578],[3.3772,43.6576],[3.3778,43.6574],[3.3786,43.6574],[3.3797,43.6575],[3.3807,43.6575],[3.3811,43.6575],[3.3813,43.6574],[3.3815,43.6573],[3.3815,43.6571],[3.3814,43.6571],[3.3811,43.6569],[3.3807,43.6568],[3.3797,43.6568],[3.3777,43.6568],[3.3773,43.6567],[3.3768,43.6565],[3.3761,43.6561],[3.3753,43.6558],[3.3746,43.6557]]]}},{"type":"Feature","properties":{"MI_PRINX":3663648.0,"CARTE":264,"CODE":50,"CODE_LEG":50,"NOTATION":"Fy","DESCR":"Blocs, galets et graviers de calcaires siliceux, de grès, de quartz, de lydiennes, de porphyrites et de débris basaltiques (Terrasses glaciaires Würm)","C_FOND":10,"M_FOND":0,"J_FOND":10,"N_FOND":0,"NOM_SYMB":null,"C_SYMB":-1,"M_SYMB":-1,"J_SYMB":-1,"N_SYMB":-1,"ROT_SYMB":0,"score_potentiel":70,"niveau_potentiel":"Très élevé 🌟","pente_degres":19.1,"type_affleurement":"Affleurement Moyen (Escarpement) 🟠","score_relieffiltered":82.7},"geometry":{"type":"Polygon","coordinates":[[[3.3869,43.6562],[3.3867,43.6562],[3.3866,43.6563],[3.3865,43.6564],[3.3864,43.6565],[3.3865,43.6567],[3.3867,43.6568],[3.387,43.6569],[3.3873,43.6569],[3.3883,43.6569],[3.3888,43.657],[3.3892,43.6571],[3.3895,43.6572],[3.3897,43.6572],[3.3902,43.657],[3.3906,43.6569],[3.3908,43.6568],[3.3909,43.6567],[3.3908,43.6566],[3.3906,43.6565],[3.3903,43.6565],[3.3896,43.6564],[3.389,43.6564],[3.3886,43.6562],[3.3882,43.6562],[3.3874,43.6562],[3.3869,43.6562]]]}},{"type":"Feature","properties":{"MI_PRINX":3663649.0,"CARTE":264,"CODE":50,"CODE_LEG":50,"NOTATION":"Fy","DESCR":"Blocs, galets et graviers de calcaires siliceux, de grès, de quartz, de lydiennes, de porphyrites et de débris basaltiques (Terrasses glaciaires Würm)","C_FOND":10,"M_FOND":0,"J_FOND":10,"N_FOND":0,"NOM_SYMB":null,"C_SYMB":-1,"M_SYMB":-1,"J_SYMB":-1,"N_SYMB":-1,"ROT_SYMB":0,"score_potentiel":70,"niveau_potentiel":"Très élevé 🌟","pente_degres":19.8,"type_affleurement":"Affleurement Moyen (Escarpement) 🟠","score_relieffiltered":83.7},"geometry":{"type":"Polygon","coordinates":[[[3.5835,43.6518],[3.5824,43.6517],[3.5818,43.6518],[3.5817,43.6518],[3.5817,43.6517],[3.5811,43.6516],[3.5807,43.6516],[3.5802,43.6516],[3.5792,43.6512],[3.5787,43.6512],[3.5782,43.6514],[3.5779,43.6518],[3.5779,43.6519],[3.5777,43.6527],[3.5773,43.6538],[3.5768,43.6546],[3.5763,43.6552],[3.577,43.655],[3.5778,43.655],[3.5781,43.6549],[3.5782,43.6545],[3.5787,43.6542],[3.5791,43.6538],[3.5792,43.6534],[3.5793,43.6531],[3.5796,43.653],[3.5798,43.6531],[3.58,43.653],[3.5806,43.6526],[3.581,43.6524],[3.5812,43.6524],[3.5816,43.6524],[3.5826,43.6524],[3.5829,43.6524],[3.5833,43.6521],[3.5835,43.6518]]]}},{"type":"Feature","properties":{"MI_PRINX":3663660.0,"CARTE":264,"CODE":50,"CODE_LEG":50,"NOTATION":"Fy","DESCR":"Blocs, galets et graviers de calcaires siliceux, de grès, de quartz, de lydiennes, de porphyrites et de débris basaltiques (Terrasses glaciaires Würm)","C_FOND":10,"M_FOND":0,"J_FOND":10,"N_FOND":0,"NOM_SYMB":null,"C_SYMB":-1,"M_SYMB":-1,"J_SYMB":-1,"N_SYMB":-1,"ROT_SYMB":0,"score_potentiel":70,"niveau_potentiel":"Très élevé 🌟","pente_degres":17.3,"type_affleurement":"Affleurement Moyen (Escarpement) 🟠","score_relieffiltered":80.2},"geometry":{"type":"Polygon","coordinates":[[[3.3808,43.6545],[3.3805,43.6546],[3.3802,43.6548],[3.38,43.6552],[3.38,43.6555],[3.38,43.6559],[3.3802,43.6561],[3.3804,43.6562],[3.3806,43.6563],[3.381,43.6564],[3.3822,43.6565],[3.3826,43.6565],[3.383,43.6566],[3.3833,43.6568],[3.3836,43.6568],[3.3838,43.6567],[3.3841,43.6565],[3.3844,43.6563],[3.3847,43.6561],[3.3851,43.6559],[3.3853,43.6558],[3.3854,43.6556],[3.3853,43.6554],[3.385,43.6551],[3.3847,43.655],[3.3842,43.6548],[3.3839,43.6548],[3.3835,43.655],[3.3831,43.6552],[3.3828,43.6553],[3.3825,43.6553],[3.3822,43.6553],[3.3816,43.6549],[3.3811,43.6546],[3.3808,43.6545]]]}},{"type":"Feature","properties":{"MI_PRINX":3663676.0,"CARTE":264,"CODE":50,"CODE_LEG":50,"NOTATION":"Fy","DESCR":"Blocs, galets et graviers de calcaires siliceux, de grès, de quartz, de lydiennes, de porphyrites et de débris basaltiques (Terrasses glaciaires Würm)","C_FOND":10,"M_FOND":0,"J_FOND":10,"N_FOND":0,"NOM_SYMB":null,"C_SYMB":-1,"M_SYMB":-1,"J_SYMB":-1,"N_SYMB":-1,"ROT_SYMB":0,"score_potentiel":70,"niveau_potentiel":"Très élevé 🌟","pente_degres":17.5,"type_affleurement":"Affleurement Moyen (Escarpement) 🟠","score_relieffiltered":80.5},"geometry":{"type":"Polygon","coordinates":[[[3.393,43.6545],[3.3929,43.6545],[3.3927,43.6546],[3.3925,43.6548],[3.3924,43.6551],[3.3921,43.6553],[3.3919,43.6554],[3.3915,43.6555],[3.3911,43.6556],[3.391,43.6557],[3.3909,43.6557],[3.3908,43.6558],[3.3907,43.6559],[3.3908,43.656],[3.391,43.6561],[3.3913,43.6561],[3.3918,43.6561],[3.3924,43.656],[3.3928,43.6559],[3.393,43.6557],[3.3931,43.6555],[3.3933,43.6551],[3.3933,43.6548],[3.3933,43.6546],[3.3932,43.6545],[3.393,43.6545]]]}},{"type":"Feature","properties":{"MI_PRINX":3671705.0,"CARTE":264,"CODE":3316,"CODE_LEG":424,"NOTATION":"h1MF","DESCR":"Calcaires et lydiennes à nodules phosphatés du Pic de Vissou et de la Serre - Nappes des Monts de Faugères (Tournaisien)","C_FOND":20,"M_FOND":40,"J_FOND":70,"N_FOND":0,"NOM_SYMB":null,"C_SYMB":-1,"M_SYMB":-1,"J_SYMB":-1,"N_SYMB":-1,"ROT_SYMB":0,"score_potentiel":70,"niveau_potentiel":"Très élevé 🌟","pente_degres":20.3,"type_affleurement":"Affleurement Moyen (Escarpement) 🟠","score_relieffiltered":84.4},"geometry":{"type":"Polygon","coordinates":[[[3.0232,43.5485],[3.0231,43.5483],[3.0229,43.5481],[3.0227,43.5479],[3.0225,43.5477],[3.0224,43.5475],[3.0224,43.5474],[3.0223,43.5474],[3.0221,43.5474],[3.0218,43.5473],[3.0216,43.547],[3.0215,43.5468],[3.0213,43.5466],[3.0211,43.5465],[3.0209,43.5464],[3.0206,43.5464],[3.0207,43.5464],[3.0215,43.5473],[3.022,43.5479],[3.0224,43.5484],[3.0227,43.5488],[3.023,43.5491],[3.0231,43.5489],[3.0232,43.5488],[3.0232,43.5487],[3.0232,43.5486],[3.0232,43.5485]]]}},{"type":"Feature","properties":{"MI_PRINX":3672049.0,"CARTE":264,"CODE":3316,"CODE_LEG":424,"NOTATION":"h1MF","DESCR":"Calcaires et lydiennes à nodules phosphatés du Pic de Vissou et de la Serre - Nappes des Monts de Faugères (Tournaisien)","C_FOND":20,"M_FOND":40,"J_FOND":70,"N_FOND":0,"NOM_SYMB":null,"C_SYMB":-1,"M_SYMB":-1,"J_SYMB":-1,"N_SYMB":-1,"ROT_SYMB":0,"score_potentiel":70,"niveau_potentiel":"Très élevé 🌟","pente_degres":32.3,"type_affleurement":"Affleurement Fort (Falaise / Ravine) 🔴","score_relieffiltered":100.0},"geometry":{"type":"Polygon","coordinates":[[[3.0379,43.5448],[3.0379,43.5445],[3.0379,43.5441],[3.0378,43.5438],[3.0376,43.5436],[3.0374,43.5434],[3.0372,43.5431],[3.0371,43.5428],[3.0369,43.5426],[3.0368,43.5424],[3.0368,43.5421],[3.0367,43.5419],[3.0365,43.5418],[3.0361,43.5417],[3.0356,43.5419],[3.0354,43.5415],[3.0352,43.5412],[3.0352,43.541],[3.0352,43.5409],[3.0355,43.5409],[3.0358,43.541],[3.0362,43.5412],[3.0366,43.5413],[3.037,43.5414],[3.0373,43.5413],[3.0375,43.5412],[3.037,43.5411],[3.0367,43.541],[3.0363,43.5408],[3.0358,43.5406],[3.0353,43.5405],[3.035,43.5404],[3.0349,43.5405],[3.0347,43.5405],[3.0346,43.5406],[3.0346,43.5407],[3.0346,43.5408],[3.0348,43.5412],[3.0351,43.5417],[3.0352,43.5421],[3.0353,43.542],[3.0357,43.5421],[3.036,43.5422],[3.0362,43.5423],[3.0364,43.5425],[3.0366,43.5428],[3.0367,43.5431],[3.0369,43.5435],[3.0372,43.5438],[3.0373,43.544],[3.0374,43.5442],[3.0374,43.5444],[3.0374,43.5446],[3.0376,43.5447],[3.0379,43.5448]]]}},{"type":"Feature","properties":{"MI_PRINX":3672069.0,"CARTE":264,"CODE":50,"CODE_LEG":50,"NOTATION":"Fy","DESCR":"Blocs, galets et graviers de calcaires siliceux, de grès, de quartz, de lydiennes, de porphyrites et de débris basaltiques (Terrasses glaciaires Würm)","C_FOND":10,"M_FOND":0,"J_FOND":10,"N_FOND":0,"NOM_SYMB":null,"C_SYMB":-1,"M_SYMB":-1,"J_SYMB":-1,"N_SYMB":-1,"ROT_SYMB":0,"score_potentiel":70,"niveau_potentiel":"Très élevé 🌟","pente_degres":15.2,"type_affleurement":"Affleurement Moyen (Escarpement) 🟠","score_relieffiltered":77.3},"geometry":{"type":"Polygon","coordinates":[[[3.3739,43.5407],[3.3739,43.5409],[3.3739,43.5411],[3.3739,43.5413],[3.3738,43.5414],[3.3738,43.5415],[3.3739,43.5416],[3.374,43.5416],[3.3741,43.5417],[3.3742,43.5417],[3.3743,43.5417],[3.3745,43.5416],[3.3746,43.5416],[3.3748,43.5415],[3.3749,43.5414],[3.375,43.5414],[3.3751,43.5414],[3.3753,43.5413],[3.3755,43.5414],[3.3757,43.5414],[3.3759,43.5413],[3.376,43.5413],[3.3761,43.5413],[3.3762,43.5412],[3.3762,43.5411],[3.3763,43.541],[3.3763,43.5409],[3.3764,43.5408],[3.3764,43.5406],[3.3764,43.5405],[3.3764,43.5404],[3.3764,43.5402],[3.3765,43.5401],[3.3765,43.5399],[3.3766,43.5397],[3.3767,43.5395],[3.3769,43.5393],[3.3769,43.5392],[3.377,43.5391],[3.377,43.539],[3.377,43.5389],[3.377,43.5388],[3.377,43.5386],[3.377,43.5386],[3.3769,43.5385],[3.3768,43.5384],[3.3766,43.5384],[3.3764,43.5383],[3.3762,43.5383],[3.376,43.5383],[3.3758,43.5383],[3.3757,43.5384],[3.3756,43.5385],[3.3754,43.5386],[3.3753,43.5388],[3.3752,43.539],[3.3751,43.5391],[3.3751,43.5392],[3.375,43.5394],[3.3749,43.5395],[3.3747,43.5396],[3.3745,43.5397],[3.3744,43.5398],[3.3742,43.5399],[3.3741,43.5401],[3.374,43.5402],[3.374,43.5403],[3.374,43.5404],[3.374,43.5405],[3.3739,43.5407]]]}},{"type":"Feature","properties":{"MI_PRINX":3672071.0,"CARTE":264,"CODE":3316,"CODE_LEG":424,"NOTATION":"h1MF","DESCR":"Calcaires et lydiennes à nodules phosphatés du Pic de Vissou et de la Serre - Nappes des Monts de Faugères (Tournaisien)","C_FOND":20,"M_FOND":40,"J_FOND":70,"N_FOND":0,"NOM_SYMB":null,"C_SYMB":-1,"M_SYMB":-1,"J_SYMB":-1,"N_SYMB":-1,"ROT_SYMB":0,"score_potentiel":70,"niveau_potentiel":"Très élevé 🌟","pente_degres":18.2,"type_affleurement":"Affleurement Moyen (Escarpement) 🟠","score_relieffiltered":81.5},"geometry":{"type":"Polygon","coordinates":[[[3.1983,43.5428],[3.1984,43.543],[3.1984,43.5431],[3.1986,43.5431],[3.1989,43.5431],[3.1992,43.543],[3.1994,43.5428],[3.1989,43.5428],[3.1984,43.5428],[3.1983,43.5428]]]}},{"type":"Feature","properties":{"MI_PRINX":3663763.0,"CARTE":264,"CODE":50,"CODE_LEG":50,"NOTATION":"Fy","DESCR":"Blocs, galets et graviers de calcaires siliceux, de grès, de quartz, de lydiennes, de porphyrites et de débris basaltiques (Terrasses glaciaires Würm)","C_FOND":10,"M_FOND":0,"J_FOND":10,"N_FOND":0,"NOM_SYMB":null,"C_SYMB":-1,"M_SYMB":-1,"J_SYMB":-1,"N_SYMB":-1,"ROT_SYMB":0,"score_potentiel":70,"niveau_potentiel":"Très élevé 🌟","pente_degres":16.8,"type_affleurement":"Affleurement Moyen (Escarpement) 🟠","score_relieffiltered":79.5},"geometry":{"type":"Polygon","coordinates":[[[3.0419,43.6556],[3.0427,43.656],[3.0432,43.6563],[3.0435,43.6556],[3.0435,43.6553],[3.0434,43.6548],[3.0431,43.6542],[3.042,43.6536],[3.0413,43.6533],[3.0418,43.6541],[3.042,43.6549],[3.042,43.6549],[3.0419,43.6556]]]}},{"type":"Feature","properties":{"MI_PRINX":3663891.0,"CARTE":264,"CODE":50,"CODE_LEG":50,"NOTATION":"Fy","DESCR":"Blocs, galets et graviers de calcaires siliceux, de grès, de quartz, de lydiennes, de porphyrites et de débris basaltiques (Terrasses glaciaires Würm)","C_FOND":10,"M_FOND":0,"J_FOND":10,"N_FOND":0,"NOM_SYMB":null,"C_SYMB":-1,"M_SYMB":-1,"J_SYMB":-1,"N_SYMB":-1,"ROT_SYMB":0,"score_potentiel":70,"niveau_potentiel":"Très élevé 🌟","pente_degres":32.7,"type_affleurement":"Affleurement Fort (Falaise / Ravine) 🔴","score_relieffiltered":100.0},"geometry":{"type":"Polygon","coordinates":[[[3.5328,43.6478],[3.5328,43.6474],[3.5331,43.6471],[3.5332,43.6468],[3.5328,43.646],[3.5329,43.6458],[3.5333,43.6456],[3.5337,43.6455],[3.5345,43.6457],[3.5346,43.6457],[3.5349,43.6458],[3.5356,43.6458],[3.5357,43.6459],[3.5358,43.6459],[3.536,43.6459],[3.5362,43.6457],[3.5362,43.6453],[3.5361,43.645],[3.5361,43.6449],[3.536,43.6448],[3.5358,43.6442],[3.5349,43.6434],[3.5347,43.643],[3.5346,43.6428],[3.5349,43.6426],[3.5351,43.6426],[3.5358,43.6433],[3.5364,43.6441],[3.5366,43.6444],[3.5366,43.6445],[3.5372,43.6454],[3.5372,43.6456],[3.5371,43.646],[3.5372,43.6462],[3.5374,43.6463],[3.538,43.6459],[3.5384,43.6458],[3.5385,43.6459],[3.5386,43.6459],[3.5389,43.6459],[3.539,43.6459],[3.5395,43.6459],[3.5396,43.6458],[3.5396,43.6456],[3.5394,43.6452],[3.5395,43.6449],[3.5394,43.6447],[3.5387,43.6444],[3.5387,43.6442],[3.5387,43.6441],[3.5388,43.6439],[3.5392,43.6436],[3.5394,43.6436],[3.5395,43.6438],[3.5399,43.6441],[3.541,43.6446],[3.5418,43.6448],[3.5418,43.6448],[3.5419,43.6448],[3.5423,43.645],[3.5431,43.6454],[3.5438,43.6457],[3.544,43.6456],[3.5441,43.6456],[3.5447,43.6453],[3.5454,43.6448],[3.5466,43.6438],[3.5472,43.6432],[3.5476,43.6422],[3.5475,43.6422],[3.5461,43.6428],[3.5447,43.6432],[3.5441,43.6432],[3.5438,43.6432],[3.5434,43.643],[3.5429,43.6426],[3.5425,43.6418],[3.5424,43.6415],[3.5424,43.6412],[3.5425,43.6406],[3.5425,43.6401],[3.5415,43.639],[3.541,43.6382],[3.5405,43.6375],[3.5391,43.636],[3.539,43.6355],[3.539,43.6353],[3.5389,43.6351],[3.5383,43.6347],[3.5379,43.6345],[3.5367,43.6341],[3.5363,43.6337],[3.536,43.6335],[3.5353,43.6335],[3.5349,43.6335],[3.534,43.6332],[3.532,43.6321],[3.531,43.6313],[3.5306,43.6307],[3.5302,43.6299],[3.5295,43.6291],[3.5286,43.6285],[3.528,43.628],[3.5275,43.6274],[3.527,43.6271],[3.5265,43.6269],[3.5257,43.6261],[3.5256,43.6257],[3.5255,43.6253],[3.5255,43.6251],[3.5259,43.6245],[3.5258,43.6245],[3.5259,43.6242],[3.5264,43.6235],[3.5266,43.6231],[3.5264,43.623],[3.5263,43.623],[3.5257,43.623],[3.5253,43.6229],[3.525,43.6227],[3.5245,43.6224],[3.5243,43.6221],[3.5238,43.6221],[3.5224,43.6225],[3.5217,43.6226],[3.5214,43.6227],[3.5207,43.6226],[3.5206,43.6225],[3.5202,43.6224],[3.5199,43.6224],[3.5187,43.6224],[3.518,43.6224],[3.5178,43.6225],[3.5178,43.6225],[3.5168,43.6228],[3.5164,43.623],[3.5158,43.6229],[3.5152,43.6227],[3.5148,43.6224],[3.5148,43.6221],[3.5148,43.6218],[3.5153,43.621],[3.5152,43.6207],[3.515,43.6207],[3.5145,43.6207],[3.5138,43.6208],[3.513,43.621],[3.5124,43.6211],[3.5119,43.6211],[3.5104,43.6211],[3.51,43.6211],[3.5088,43.6211],[3.5071,43.6203],[3.5062,43.6197],[3.5061,43.6197],[3.5056,43.6195],[3.5056,43.6195],[3.5053,43.6195],[3.5053,43.6195],[3.5052,43.6195],[3.5045,43.6195],[3.5045,43.6195],[3.5044,43.6195],[3.5039,43.6196],[3.5034,43.6198],[3.5034,43.6199],[3.5026,43.621],[3.5023,43.621],[3.5022,43.6208],[3.5022,43.6204],[3.5023,43.6199],[3.5025,43.619],[3.5025,43.6178],[3.5027,43.6167],[3.5032,43.6157],[3.5041,43.6147],[3.5047,43.6144],[3.5051,43.6143],[3.5054,43.6145],[3.5056,43.6149],[3.5058,43.6155],[3.5063,43.6159],[3.507,43.6162],[3.5079,43.6164],[3.5084,43.6165],[3.508,43.6163],[3.5075,43.6161],[3.5074,43.6161],[3.5068,43.6159],[3.5063,43.6155],[3.5062,43.6152],[3.5062,43.6148],[3.5063,43.6136],[3.5063,43.6135],[3.5065,43.613],[3.5068,43.6123],[3.5074,43.6116],[3.5088,43.6102],[3.5091,43.6098],[3.509,43.6096],[3.5083,43.6091],[3.5072,43.6087],[3.507,43.6087],[3.5067,43.6088],[3.5062,43.6087],[3.5057,43.6085],[3.5056,43.608],[3.5056,43.6071],[3.5052,43.606],[3.5052,43.606],[3.5053,43.6056],[3.5056,43.6047],[3.5054,43.6042],[3.5047,43.6036],[3.5043,43.6029],[3.5041,43.6024],[3.504,43.6019],[3.504,43.6016],[3.5041,43.6014],[3.5047,43.6005],[3.5049,43.5998],[3.5049,43.5995],[3.5051,43.5986],[3.5055,43.5978],[3.506,43.597],[3.5059,43.5966],[3.5057,43.5961],[3.504,43.595],[3.5037,43.5947],[3.5036,43.5945],[3.5035,43.5944],[3.5033,43.5939],[3.5029,43.5935],[3.5029,43.593],[3.5031,43.5922],[3.503,43.5919],[3.5028,43.5915],[3.5021,43.5911],[3.5011,43.5907],[3.5005,43.5903],[3.5,43.5898],[3.4995,43.589],[3.4989,43.5877],[3.4984,43.5864],[3.4984,43.5863],[3.4982,43.5856],[3.4982,43.5855],[3.4977,43.5842],[3.4971,43.5829],[3.4964,43.582],[3.495,43.5803],[3.4945,43.5794],[3.4944,43.5792],[3.4943,43.5786],[3.4942,43.578],[3.4942,43.5775],[3.4944,43.5771],[3.4958,43.5761],[3.496,43.5758],[3.4959,43.5756],[3.4958,43.5756],[3.4953,43.5756],[3.4945,43.5757],[3.4943,43.5758],[3.4936,43.5758],[3.4933,43.5758],[3.4926,43.5759],[3.4924,43.5759],[3.4904,43.5759],[3.4895,43.5758],[3.4889,43.5757],[3.4884,43.5756],[3.4879,43.5756],[3.4868,43.5757],[3.4862,43.5758],[3.4855,43.576],[3.484,43.5764],[3.4837,43.5765],[3.483,43.5764],[3.4827,43.5763],[3.4827,43.5767],[3.4831,43.578],[3.4836,43.5787],[3.4842,43.5792],[3.485,43.5796],[3.4858,43.5799],[3.4871,43.5799],[3.4874,43.58],[3.4879,43.58],[3.4886,43.5803],[3.4887,43.5803],[3.4894,43.5806],[3.4915,43.5811],[3.4922,43.5814],[3.4931,43.5821],[3.4942,43.5836],[3.4946,43.5845],[3.4949,43.5855],[3.4949,43.5867],[3.4951,43.5873],[3.4962,43.5886],[3.4966,43.5895],[3.4969,43.5902],[3.498,43.5911],[3.4983,43.5917],[3.4983,43.5918],[3.4984,43.592],[3.4984,43.5927],[3.4983,43.5933],[3.498,43.5939],[3.4969,43.5956],[3.4967,43.5961],[3.4967,43.5966],[3.4969,43.597],[3.4972,43.5974],[3.4979,43.5976],[3.4986,43.5978],[3.4994,43.598],[3.5002,43.5986],[3.5007,43.5993],[3.5007,43.5997],[3.5007,43.6],[3.5002,43.6008],[3.4999,43.6012],[3.4997,43.6015],[3.4997,43.6015],[3.4996,43.6016],[3.4994,43.6021],[3.4994,43.6023],[3.4995,43.6026],[3.4997,43.603],[3.4993,43.6035],[3.4988,43.6041],[3.4986,43.6047],[3.4985,43.6053],[3.4984,43.6054],[3.4985,43.6057],[3.4987,43.6066],[3.4987,43.6067],[3.4989,43.6072],[3.4993,43.6081],[3.4996,43.6084],[3.4998,43.6084],[3.4998,43.6081],[3.5,43.6079],[3.5004,43.6084],[3.5006,43.6091],[3.5006,43.6095],[3.5007,43.6098],[3.5009,43.6103],[3.5015,43.6114],[3.5015,43.6118],[3.5009,43.6129],[3.5007,43.6138],[3.5005,43.6144],[3.5005,43.6146],[3.5004,43.6152],[3.5,43.6164],[3.4995,43.6174],[3.4989,43.6181],[3.4972,43.6191],[3.4966,43.6199],[3.4964,43.6202],[3.4964,43.6204],[3.4966,43.621],[3.4967,43.6211],[3.4971,43.6215],[3.4978,43.6219],[3.4985,43.6221],[3.4991,43.6223],[3.5002,43.6225],[3.501,43.6227],[3.5024,43.6232],[3.5041,43.6241],[3.5042,43.6241],[3.5057,43.6248],[3.5075,43.6258],[3.5087,43.6266],[3.5092,43.6273],[3.5102,43.6281],[3.5124,43.6299],[3.5135,43.6306],[3.5144,43.631],[3.5152,43.6314],[3.5164,43.6322],[3.517,43.6323],[3.5173,43.6323],[3.518,43.6319],[3.5184,43.6313],[3.5184,43.6309],[3.5185,43.63],[3.5189,43.6297],[3.5196,43.6292],[3.5197,43.6292],[3.5196,43.6294],[3.5191,43.63],[3.5191,43.6302],[3.5198,43.6312],[3.5198,43.6316],[3.5195,43.632],[3.5185,43.6323],[3.5177,43.6329],[3.5172,43.6331],[3.5168,43.6332],[3.5166,43.6334],[3.5164,43.6339],[3.5165,43.6342],[3.5164,43.6347],[3.5165,43.635],[3.5172,43.6355],[3.5184,43.6364],[3.5194,43.6375],[3.5203,43.6384],[3.521,43.6387],[3.5217,43.6389],[3.5221,43.6391],[3.522,43.6396],[3.5219,43.6399],[3.522,43.6399],[3.5221,43.6402],[3.5244,43.6424],[3.5256,43.6433],[3.5259,43.6435],[3.5274,43.6441],[3.5289,43.6448],[3.5304,43.6458],[3.5312,43.6465],[3.5324,43.6475],[3.5328,43.6478]]]}},{"type":"Feature","properties":{"MI_PRINX":3663661.0,"CARTE":264,"CODE":50,"CODE_LEG":50,"NOTATION":"Fy","DESCR":"Blocs, galets et graviers de calcaires siliceux, de grès, de quartz, de lydiennes, de porphyrites et de débris basaltiques (Terrasses glaciaires Würm)","C_FOND":10,"M_FOND":0,"J_FOND":10,"N_FOND":0,"NOM_SYMB":null,"C_SYMB":-1,"M_SYMB":-1,"J_SYMB":-1,"N_SYMB":-1,"ROT_SYMB":0,"score_potentiel":70,"niveau_potentiel":"Très élevé 🌟","pente_degres":32.3,"type_affleurement":"Affleurement Fort (Falaise / Ravine) 🔴","score_relieffiltered":100.0},"geometry":{"type":"Polygon","coordinates":[[[3.4405,43.6526],[3.4397,43.6538],[3.4381,43.6552],[3.4373,43.6559],[3.437,43.6562],[3.437,43.6562],[3.4374,43.6561],[3.4374,43.6561],[3.4382,43.6559],[3.4386,43.6559],[3.4392,43.656],[3.4396,43.6559],[3.441,43.6549],[3.4422,43.6532],[3.443,43.6517],[3.4438,43.6504],[3.4442,43.6499],[3.4441,43.6498],[3.4444,43.6492],[3.4444,43.6491],[3.4455,43.6478],[3.4459,43.6475],[3.4461,43.6475],[3.4462,43.6471],[3.446,43.6469],[3.4455,43.6467],[3.445,43.6466],[3.4448,43.6465],[3.4449,43.6462],[3.4449,43.6459],[3.4442,43.6451],[3.4437,43.6446],[3.4433,43.644],[3.4432,43.6437],[3.4432,43.6436],[3.4433,43.6431],[3.4432,43.6424],[3.4429,43.6418],[3.4423,43.6411],[3.4419,43.6403],[3.4418,43.6398],[3.4418,43.6397],[3.4418,43.6391],[3.4415,43.6387],[3.4412,43.6386],[3.4408,43.6383],[3.4406,43.638],[3.4403,43.6378],[3.4398,43.6379],[3.4389,43.6382],[3.4386,43.6382],[3.4381,43.6382],[3.4377,43.6382],[3.4371,43.6382],[3.4367,43.6383],[3.4362,43.6387],[3.4361,43.6389],[3.4361,43.6389],[3.4363,43.6391],[3.4369,43.6389],[3.4377,43.6387],[3.4384,43.6387],[3.4391,43.6388],[3.4398,43.639],[3.4404,43.6394],[3.4407,43.6399],[3.4408,43.6407],[3.4414,43.6414],[3.4418,43.642],[3.4426,43.6435],[3.4427,43.644],[3.4428,43.6451],[3.4427,43.6451],[3.4427,43.6466],[3.4427,43.6467],[3.4425,43.6475],[3.4424,43.6487],[3.4423,43.6496],[3.4422,43.6503],[3.4422,43.6505],[3.4419,43.651],[3.4413,43.6518],[3.4405,43.6526]]]}},{"type":"Feature","properties":{"MI_PRINX":3663662.0,"CARTE":264,"CODE":50,"CODE_LEG":50,"NOTATION":"Fy","DESCR":"Blocs, galets et graviers de calcaires siliceux, de grès, de quartz, de lydiennes, de porphyrites et de débris basaltiques (Terrasses glaciaires Würm)","C_FOND":10,"M_FOND":0,"J_FOND":10,"N_FOND":0,"NOM_SYMB":null,"C_SYMB":-1,"M_SYMB":-1,"J_SYMB":-1,"N_SYMB":-1,"ROT_SYMB":0,"score_potentiel":70,"niveau_potentiel":"Très élevé 🌟","pente_degres":17.4,"type_affleurement":"Affleurement Moyen (Escarpement) 🟠","score_relieffiltered":80.4},"geometry":{"type":"Polygon","coordinates":[[[3.1532,43.6557],[3.1531,43.6557],[3.1535,43.6565],[3.1536,43.6565],[3.1542,43.6574],[3.1554,43.6582],[3.1563,43.6585],[3.1569,43.6586],[3.1574,43.6586],[3.1575,43.6586],[3.1576,43.6586],[3.1569,43.6578],[3.1567,43.6575],[3.1561,43.6568],[3.155,43.656],[3.154,43.6558],[3.1532,43.6557]]]}},{"type":"Feature","properties":{"MI_PRINX":3672164.0,"CARTE":264,"CODE":3316,"CODE_LEG":424,"NOTATION":"h1MF","DESCR":"Calcaires et lydiennes à nodules phosphatés du Pic de Vissou et de la Serre - Nappes des Monts de Faugères (Tournaisien)","C_FOND":20,"M_FOND":40,"J_FOND":70,"N_FOND":0,"NOM_SYMB":null,"C_SYMB":-1,"M_SYMB":-1,"J_SYMB":-1,"N_SYMB":-1,"ROT_SYMB":0,"score_potentiel":70,"niveau_potentiel":"Très élevé 🌟","pente_degres":32.1,"type_affleurement":"Affleurement Fort (Falaise / Ravine) 🔴","score_relieffiltered":100.0},"geometry":{"type":"Polygon","coordinates":[[[3.0097,43.5426],[3.0097,43.5427],[3.0097,43.5429],[3.0098,43.543],[3.01,43.5431],[3.0102,43.543],[3.0104,43.5428],[3.0106,43.5426],[3.0107,43.5425],[3.0109,43.5423],[3.0113,43.5421],[3.0117,43.5418],[3.0121,43.5415],[3.0124,43.5413],[3.0129,43.5411],[3.0133,43.5409],[3.0137,43.5408],[3.0141,43.5408],[3.0144,43.5407],[3.0148,43.5407],[3.0151,43.5407],[3.0155,43.5408],[3.0159,43.5408],[3.016,43.5411],[3.0165,43.5413],[3.0166,43.541],[3.0166,43.5409],[3.0164,43.5409],[3.0162,43.5408],[3.0159,43.5407],[3.0159,43.5406],[3.0155,43.5404],[3.0151,43.5404],[3.0148,43.5403],[3.0145,43.5403],[3.0141,43.5403],[3.0138,43.5404],[3.0136,43.5405],[3.0132,43.5405],[3.0128,43.5405],[3.0125,43.5406],[3.0122,43.5407],[3.012,43.5408],[3.0118,43.541],[3.0116,43.5412],[3.0114,43.5415],[3.0111,43.5417],[3.0108,43.5419],[3.0105,43.5421],[3.0101,43.5423],[3.0097,43.5426]]]}},{"type":"Feature","properties":{"MI_PRINX":3672169.0,"CARTE":264,"CODE":3316,"CODE_LEG":424,"NOTATION":"h1MF","DESCR":"Calcaires et lydiennes à nodules phosphatés du Pic de Vissou et de la Serre - Nappes des Monts de Faugères (Tournaisien)","C_FOND":20,"M_FOND":40,"J_FOND":70,"N_FOND":0,"NOM_SYMB":null,"C_SYMB":-1,"M_SYMB":-1,"J_SYMB":-1,"N_SYMB":-1,"ROT_SYMB":0,"score_potentiel":70,"niveau_potentiel":"Très élevé 🌟","pente_degres":31.8,"type_affleurement":"Affleurement Fort (Falaise / Ravine) 🔴","score_relieffiltered":100.0},"geometry":{"type":"Polygon","coordinates":[[[3.0006,43.5421],[3.0012,43.5421],[3.0016,43.542],[3.002,43.5419],[3.0024,43.5419],[3.0029,43.542],[3.0033,43.5421],[3.0036,43.5423],[3.0039,43.5426],[3.0041,43.5428],[3.0042,43.5429],[3.0045,43.543],[3.0048,43.543],[3.0052,43.543],[3.0056,43.5429],[3.0059,43.5428],[3.0058,43.5428],[3.0054,43.5426],[3.005,43.5426],[3.0048,43.5425],[3.0046,43.5425],[3.0044,43.5424],[3.0042,43.5423],[3.0039,43.5421],[3.0036,43.5419],[3.0032,43.5418],[3.0027,43.5416],[3.0022,43.5416],[3.0017,43.5415],[3.0012,43.5415],[3.0007,43.5416],[3.0006,43.5421]]]}},{"type":"Feature","properties":{"MI_PRINX":3664040.0,"CARTE":264,"CODE":50,"CODE_LEG":50,"NOTATION":"Fy","DESCR":"Blocs, galets et graviers de calcaires siliceux, de grès, de quartz, de lydiennes, de porphyrites et de débris basaltiques (Terrasses glaciaires Würm)","C_FOND":10,"M_FOND":0,"J_FOND":10,"N_FOND":0,"NOM_SYMB":null,"C_SYMB":-1,"M_SYMB":-1,"J_SYMB":-1,"N_SYMB":-1,"ROT_SYMB":0,"score_potentiel":70,"niveau_potentiel":"Très élevé 🌟","pente_degres":31.2,"type_affleurement":"Affleurement Fort (Falaise / Ravine) 🔴","score_relieffiltered":99.7},"geometry":{"type":"Polygon","coordinates":[[[3.4625,43.6391],[3.4625,43.6391],[3.4636,43.6377],[3.4637,43.6375],[3.4637,43.637],[3.4645,43.6362],[3.4652,43.6349],[3.4664,43.6339],[3.4671,43.6335],[3.4672,43.6335],[3.4675,43.6335],[3.4678,43.6336],[3.4677,43.6336],[3.4675,43.6336],[3.4673,43.6337],[3.4671,43.6338],[3.4662,43.6344],[3.4655,43.6353],[3.4651,43.6361],[3.4651,43.6362],[3.4648,43.6365],[3.4645,43.6371],[3.465,43.6368],[3.4655,43.6367],[3.4659,43.6367],[3.4663,43.6365],[3.4672,43.6362],[3.4676,43.6354],[3.4677,43.6349],[3.4678,43.6344],[3.4682,43.6338],[3.4689,43.6329],[3.4688,43.6326],[3.4684,43.6324],[3.4682,43.6324],[3.4682,43.6324],[3.4655,43.6334],[3.4647,43.6337],[3.463,43.6341],[3.4618,43.6345],[3.4611,43.6349],[3.4604,43.6353],[3.4603,43.6353],[3.4599,43.6353],[3.4592,43.635],[3.4588,43.6346],[3.4584,43.6341],[3.4579,43.6337],[3.4573,43.6337],[3.457,43.6334],[3.4569,43.6328],[3.4568,43.6326],[3.4568,43.6326],[3.457,43.632],[3.4569,43.6317],[3.4565,43.6315],[3.4562,43.6315],[3.4562,43.6315],[3.4563,43.6317],[3.4561,43.6322],[3.4561,43.6328],[3.4558,43.6332],[3.4548,43.6337],[3.4541,43.6341],[3.4536,43.6346],[3.4534,43.6349],[3.4532,43.6355],[3.4527,43.6359],[3.4515,43.6362],[3.451,43.6365],[3.45,43.6373],[3.4498,43.6374],[3.4492,43.6378],[3.4483,43.638],[3.4478,43.6381],[3.4472,43.6382],[3.447,43.6382],[3.4457,43.6382],[3.4455,43.6382],[3.4449,43.6384],[3.4439,43.6387],[3.4434,43.6387],[3.4432,43.6388],[3.4431,43.6388],[3.443,43.6387],[3.4429,43.6387],[3.4429,43.6388],[3.4428,43.6388],[3.4428,43.6388],[3.4427,43.6389],[3.4429,43.639],[3.4434,43.6395],[3.4434,43.6399],[3.4437,43.6404],[3.444,43.6408],[3.4448,43.6414],[3.4448,43.6418],[3.445,43.6422],[3.4452,43.6426],[3.4451,43.6429],[3.4449,43.6434],[3.4448,43.6438],[3.4448,43.6439],[3.4452,43.6446],[3.4453,43.6448],[3.4457,43.6452],[3.4461,43.6452],[3.4464,43.6449],[3.4469,43.6439],[3.4469,43.6438],[3.4481,43.642],[3.449,43.6411],[3.4499,43.6406],[3.45,43.6406],[3.4511,43.6402],[3.4514,43.6402],[3.4521,43.6402],[3.4532,43.6405],[3.4538,43.6408],[3.4547,43.6417],[3.4553,43.642],[3.4557,43.642],[3.4559,43.6419],[3.4564,43.6418],[3.4575,43.6411],[3.4578,43.6412],[3.458,43.6412],[3.4582,43.6412],[3.4588,43.6411],[3.4597,43.6408],[3.4612,43.6401],[3.4625,43.6391]]]}},{"type":"Feature","properties":{"MI_PRINX":3672259.0,"CARTE":264,"CODE":3441,"CODE_LEG":466,"NOTATION":"o6Gmc","DESCR":"Marnes et calcaires organo-détritiques, fossilifère de Gabian - Ecailles de Cabrières (Ashgill)","C_FOND":25,"M_FOND":10,"J_FOND":50,"N_FOND":0,"NOM_SYMB":null,"C_SYMB":-1,"M_SYMB":-1,"J_SYMB":-1,"N_SYMB":-1,"ROT_SYMB":0,"score_potentiel":80,"niveau_potentiel":"Très élevé 🌟","pente_degres":17.9,"type_affleurement":"Affleurement Moyen (Escarpement) 🟠","score_relieffiltered":92.6},"geometry":{"type":"Polygon","coordinates":[[[3.3154,43.5387],[3.3152,43.5386],[3.315,43.5384],[3.3148,43.5382],[3.3146,43.5379],[3.3144,43.5383],[3.3147,43.5386],[3.315,43.5388],[3.3152,43.5389],[3.3154,43.5387]]]}},{"type":"Feature","properties":{"MI_PRINX":3672365.0,"CARTE":264,"CODE":3316,"CODE_LEG":424,"NOTATION":"h1MF","DESCR":"Calcaires et lydiennes à nodules phosphatés du Pic de Vissou et de la Serre - Nappes des Monts de Faugères (Tournaisien)","C_FOND":20,"M_FOND":40,"J_FOND":70,"N_FOND":0,"NOM_SYMB":null,"C_SYMB":-1,"M_SYMB":-1,"J_SYMB":-1,"N_SYMB":-1,"ROT_SYMB":0,"score_potentiel":70,"niveau_potentiel":"Très élevé 🌟","pente_degres":32.0,"type_affleurement":"Affleurement Fort (Falaise / Ravine) 🔴","score_relieffiltered":100.0},"geometry":{"type":"Polygon","coordinates":[[[3.0378,43.5389],[3.0382,43.5388],[3.0385,43.5388],[3.0389,43.5388],[3.0393,43.5388],[3.0397,43.5389],[3.0401,43.5389],[3.0397,43.5388],[3.0392,43.5387],[3.0388,43.5386],[3.0383,43.5385],[3.0379,43.5384],[3.0374,43.5384],[3.0369,43.5384],[3.0364,43.5384],[3.0359,43.5384],[3.0354,43.5383],[3.0349,43.5382],[3.0346,43.5381],[3.0343,43.5379],[3.0341,43.5378],[3.034,43.5379],[3.0339,43.5381],[3.0338,43.5382],[3.0337,43.5384],[3.0335,43.5386],[3.0334,43.5388],[3.0334,43.5388],[3.0336,43.5389],[3.0338,43.5389],[3.0342,43.5389],[3.0346,43.5388],[3.0352,43.5387],[3.0357,43.5387],[3.0363,43.5387],[3.0367,43.5387],[3.0371,43.5388],[3.0374,43.5389],[3.0377,43.5389],[3.0378,43.5389]]]}},{"type":"Feature","properties":{"MI_PRINX":3672268.0,"CARTE":264,"CODE":3316,"CODE_LEG":424,"NOTATION":"h1MF","DESCR":"Calcaires et lydiennes à nodules phosphatés du Pic de Vissou et de la Serre - Nappes des Monts de Faugères (Tournaisien)","C_FOND":20,"M_FOND":40,"J_FOND":70,"N_FOND":0,"NOM_SYMB":null,"C_SYMB":-1,"M_SYMB":-1,"J_SYMB":-1,"N_SYMB":-1,"ROT_SYMB":0,"score_potentiel":70,"niveau_potentiel":"Très élevé 🌟","pente_degres":20.2,"type_affleurement":"Affleurement Moyen (Escarpement) 🟠","score_relieffiltered":84.3},"geometry":{"type":"Polygon","coordinates":[[[3.0006,43.5403],[3.0005,43.5402],[3.0003,43.5401],[3.0001,43.54],[2.9999,43.5399],[2.9997,43.5396],[2.9995,43.5393],[2.9993,43.539],[2.9991,43.5388],[2.9988,43.5386],[2.9984,43.5386],[2.9979,43.5386],[2.9975,43.5386],[2.9974,43.5386],[2.9977,43.5387],[2.9981,43.5389],[2.9984,43.5391],[2.9987,43.5393],[2.999,43.5395],[2.9993,43.5398],[2.9994,43.54],[2.9995,43.5401],[2.9996,43.5403],[2.9996,43.5405],[2.9997,43.5408],[2.9999,43.5409],[3.0,43.541],[3.0002,43.541],[3.0004,43.541],[3.0008,43.5411],[3.0008,43.541],[3.0008,43.5408],[3.0008,43.5407],[3.0007,43.5405],[3.0007,43.5404],[3.0006,43.5403]]]}},{"type":"Feature","properties":{"MI_PRINX":3671794.0,"CARTE":264,"CODE":3442,"CODE_LEG":467,"NOTATION":"o5Gg","DESCR":"Grès et grès quartzitiques à poundingues de galets de quartz à la base de Gabian (Caradoc supérieur)","C_FOND":50,"M_FOND":10,"J_FOND":50,"N_FOND":0,"NOM_SYMB":null,"C_SYMB":-1,"M_SYMB":-1,"J_SYMB":-1,"N_SYMB":-1,"ROT_SYMB":0,"score_potentiel":70,"niveau_potentiel":"Très élevé 🌟","pente_degres":16.7,"type_affleurement":"Affleurement Moyen (Escarpement) 🟠","score_relieffiltered":79.4},"geometry":{"type":"Polygon","coordinates":[[[3.3227,43.5456],[3.3233,43.5455],[3.3241,43.5453],[3.3242,43.5453],[3.3241,43.5451],[3.3239,43.5446],[3.3237,43.5448],[3.3232,43.5449],[3.323,43.545],[3.3229,43.545],[3.3227,43.5456]]]}},{"type":"Feature","properties":{"MI_PRINX":3674685.0,"CARTE":264,"CODE":50,"CODE_LEG":50,"NOTATION":"Fy","DESCR":"Blocs, galets et graviers de calcaires siliceux, de grès, de quartz, de lydiennes, de porphyrites et de débris basaltiques (Terrasses glaciaires Würm)","C_FOND":10,"M_FOND":0,"J_FOND":10,"N_FOND":0,"NOM_SYMB":null,"C_SYMB":-1,"M_SYMB":-1,"J_SYMB":-1,"N_SYMB":-1,"ROT_SYMB":0,"score_potentiel":70,"niveau_potentiel":"Très élevé 🌟","pente_degres":33.1,"type_affleurement":"Affleurement Fort (Falaise / Ravine) 🔴","score_relieffiltered":100.0},"geometry":{"type":"Polygon","coordinates":[[[3.3017,43.4562],[3.3016,43.4556],[3.3016,43.455],[3.3015,43.4547],[3.3015,43.4545],[3.3016,43.4542],[3.3017,43.454],[3.3017,43.4537],[3.3019,43.4535],[3.302,43.4533],[3.3022,43.4531],[3.3025,43.4529],[3.3027,43.4527],[3.303,43.4526],[3.3033,43.4523],[3.3035,43.4521],[3.3036,43.452],[3.3036,43.4518],[3.3037,43.4516],[3.3037,43.4515],[3.3037,43.4513],[3.3036,43.4512],[3.3035,43.451],[3.3033,43.4507],[3.3031,43.4505],[3.303,43.4503],[3.303,43.4501],[3.303,43.4499],[3.303,43.4497],[3.303,43.4495],[3.3031,43.4493],[3.3033,43.4491],[3.3033,43.449],[3.3033,43.4487],[3.3033,43.4482],[3.3035,43.4478],[3.3037,43.4476],[3.3039,43.4474],[3.3042,43.4471],[3.3047,43.4466],[3.3051,43.4461],[3.3055,43.4457],[3.3057,43.4454],[3.3059,43.4452],[3.3061,43.4446],[3.3064,43.444],[3.3066,43.4437],[3.3067,43.4435],[3.3069,43.4433],[3.3071,43.4431],[3.3073,43.4431],[3.3075,43.443],[3.3078,43.4429],[3.308,43.4428],[3.3082,43.4427],[3.3084,43.4425],[3.3085,43.4424],[3.3086,43.4422],[3.3086,43.4419],[3.3087,43.4416],[3.3087,43.4413],[3.3088,43.441],[3.3089,43.4409],[3.309,43.4408],[3.3092,43.4407],[3.3094,43.4406],[3.3096,43.4405],[3.3099,43.4404],[3.3101,43.4403],[3.3104,43.4403],[3.3106,43.4404],[3.3109,43.4404],[3.3111,43.4404],[3.3114,43.4405],[3.3117,43.4405],[3.3119,43.4404],[3.3121,43.4404],[3.3123,43.4403],[3.3126,43.4402],[3.3128,43.44],[3.313,43.4399],[3.3132,43.4397],[3.3133,43.4396],[3.3133,43.4395],[3.3133,43.4393],[3.3133,43.4392],[3.3133,43.4391],[3.3131,43.4389],[3.3129,43.4387],[3.3126,43.4385],[3.3124,43.4382],[3.3122,43.4379],[3.312,43.4375],[3.3119,43.4373],[3.3118,43.437],[3.3118,43.4367],[3.3118,43.4365],[3.3118,43.4364],[3.3118,43.4363],[3.3119,43.4361],[3.312,43.4358],[3.3121,43.4356],[3.3121,43.4355],[3.3121,43.4353],[3.312,43.4351],[3.312,43.4349],[3.3119,43.4348],[3.3118,43.4348],[3.3116,43.4347],[3.3114,43.4347],[3.3112,43.4346],[3.311,43.4346],[3.3108,43.4347],[3.3105,43.4347],[3.3102,43.4347],[3.3101,43.4347],[3.31,43.4347],[3.3099,43.4346],[3.3099,43.4346],[3.3099,43.4345],[3.31,43.4344],[3.3101,43.4342],[3.3103,43.4341],[3.3105,43.4339],[3.3108,43.4338],[3.3111,43.4336],[3.3114,43.4335],[3.3118,43.4334],[3.3124,43.4332],[3.3132,43.433],[3.3137,43.4327],[3.3141,43.4325],[3.3144,43.4324],[3.3146,43.4322],[3.315,43.4318],[3.3153,43.4315],[3.3156,43.4313],[3.3158,43.431],[3.316,43.4306],[3.3162,43.4303],[3.3164,43.43],[3.3166,43.4296],[3.3167,43.4293],[3.3168,43.429],[3.3169,43.4287],[3.317,43.4284],[3.317,43.4281],[3.317,43.4279],[3.317,43.4277],[3.3169,43.4274],[3.3168,43.4269],[3.3167,43.4265],[3.3167,43.4263],[3.3167,43.4261],[3.3168,43.4259],[3.3169,43.4256],[3.3168,43.4253],[3.3167,43.4252],[3.3167,43.425],[3.3167,43.4248],[3.3167,43.4246],[3.3168,43.4244],[3.3169,43.4243],[3.317,43.4242],[3.3171,43.4241],[3.3173,43.424],[3.3175,43.424],[3.3177,43.424],[3.318,43.4239],[3.3183,43.4238],[3.3185,43.4237],[3.3188,43.4235],[3.3191,43.4232],[3.3193,43.423],[3.3193,43.4229],[3.3194,43.4226],[3.3194,43.4223],[3.3196,43.4221],[3.3197,43.422],[3.3198,43.4219],[3.3199,43.4217],[3.32,43.4215],[3.3201,43.4213],[3.3201,43.421],[3.3201,43.4207],[3.3202,43.4205],[3.3203,43.4203],[3.3205,43.4201],[3.3208,43.4198],[3.3211,43.4196],[3.3215,43.4194],[3.3219,43.419],[3.3224,43.4186],[3.3226,43.4184],[3.3227,43.4183],[3.3227,43.4181],[3.3227,43.4179],[3.3227,43.4178],[3.3227,43.4177],[3.3227,43.4175],[3.3227,43.4172],[3.3227,43.417],[3.3229,43.4167],[3.3231,43.4164],[3.3233,43.4162],[3.3235,43.4159],[3.3237,43.4158],[3.3238,43.4156],[3.3239,43.4154],[3.3239,43.4153],[3.3239,43.415],[3.3238,43.4145],[3.3237,43.4141],[3.3237,43.414],[3.3238,43.4139],[3.3239,43.4137],[3.3241,43.4135],[3.3242,43.4135],[3.3243,43.4135],[3.3245,43.4135],[3.3248,43.4135],[3.3252,43.4136],[3.3257,43.4136],[3.3261,43.4136],[3.3263,43.4135],[3.3265,43.4135],[3.3268,43.4134],[3.3271,43.4132],[3.3274,43.413],[3.3276,43.4129],[3.3276,43.4128],[3.3278,43.4125],[3.328,43.4124],[3.3288,43.4112],[3.3295,43.4102],[3.3298,43.4098],[3.3303,43.4094],[3.3311,43.4087],[3.3316,43.4082],[3.3317,43.4081],[3.3317,43.408],[3.3317,43.4078],[3.3318,43.4077],[3.3317,43.4076],[3.3317,43.4076],[3.3316,43.4075],[3.3314,43.4075],[3.3312,43.4076],[3.3309,43.4077],[3.3305,43.4079],[3.3301,43.4081],[3.3298,43.4083],[3.3296,43.4085],[3.3294,43.4086],[3.3293,43.4088],[3.3292,43.4089],[3.3292,43.4091],[3.3291,43.4094],[3.3289,43.4096],[3.3286,43.4099],[3.3282,43.4103],[3.3277,43.4107],[3.3272,43.411],[3.327,43.4112],[3.3268,43.4113],[3.3265,43.4114],[3.3261,43.4114],[3.3259,43.4115],[3.3257,43.4116],[3.3254,43.4117],[3.3252,43.4119],[3.3248,43.4122],[3.3245,43.4124],[3.3241,43.4125],[3.3238,43.4126],[3.3235,43.4127],[3.3233,43.4129],[3.3232,43.413],[3.3229,43.4133],[3.3226,43.4136],[3.3222,43.414],[3.3217,43.4144],[3.3213,43.4147],[3.321,43.4149],[3.3205,43.4151],[3.3196,43.4153],[3.319,43.4155],[3.3189,43.4155],[3.3188,43.4157],[3.3185,43.4159],[3.3184,43.4161],[3.3182,43.4162],[3.3175,43.4164],[3.3167,43.4166],[3.3161,43.4168],[3.3158,43.4169],[3.3155,43.417],[3.3151,43.4173],[3.3148,43.4175],[3.3149,43.4175],[3.315,43.4175],[3.3154,43.4174],[3.3158,43.4173],[3.3164,43.4173],[3.3171,43.4171],[3.3177,43.417],[3.3182,43.4169],[3.3187,43.4167],[3.3192,43.4166],[3.3195,43.4166],[3.3196,43.4166],[3.3197,43.4166],[3.3198,43.4167],[3.32,43.4167],[3.32,43.4168],[3.3201,43.4169],[3.3201,43.417],[3.32,43.4173],[3.32,43.4175],[3.3199,43.4176],[3.3197,43.4178],[3.3196,43.4181],[3.3192,43.4185],[3.3188,43.419],[3.3184,43.4194],[3.3181,43.4196],[3.3178,43.4198],[3.3176,43.42],[3.3174,43.4203],[3.3172,43.4206],[3.3171,43.4208],[3.3169,43.4211],[3.3167,43.4214],[3.3165,43.4218],[3.3163,43.4222],[3.3161,43.4226],[3.3159,43.423],[3.3158,43.4233],[3.3156,43.4236],[3.3152,43.4241],[3.3147,43.4247],[3.3142,43.4252],[3.314,43.4255],[3.3138,43.4256],[3.3135,43.4259],[3.3132,43.4261],[3.313,43.4263],[3.3128,43.4265],[3.3127,43.4267],[3.3126,43.4269],[3.3125,43.427],[3.3125,43.4272],[3.3125,43.4274],[3.3125,43.4277],[3.3125,43.4281],[3.3124,43.4286],[3.3124,43.4291],[3.3123,43.4293],[3.3122,43.4295],[3.3121,43.4297],[3.312,43.4299],[3.3118,43.4302],[3.3115,43.4304],[3.3112,43.4307],[3.311,43.431],[3.3107,43.4313],[3.3104,43.4316],[3.3099,43.432],[3.3093,43.4325],[3.3089,43.4328],[3.3088,43.433],[3.3087,43.4332],[3.3086,43.4333],[3.3086,43.4336],[3.3085,43.4338],[3.3085,43.4341],[3.3086,43.4343],[3.3087,43.4345],[3.3087,43.4346],[3.3088,43.4347],[3.3089,43.4348],[3.309,43.4349],[3.3092,43.435],[3.3096,43.4352],[3.3098,43.4353],[3.31,43.4355],[3.3101,43.4356],[3.3103,43.4357],[3.3104,43.4359],[3.3105,43.4362],[3.3106,43.4364],[3.3106,43.4366],[3.3106,43.4369],[3.3105,43.4372],[3.3105,43.4374],[3.3104,43.4376],[3.3103,43.4378],[3.3101,43.438],[3.3098,43.4383],[3.3096,43.4386],[3.3093,43.4389],[3.3088,43.4392],[3.3081,43.4397],[3.3076,43.4401],[3.3073,43.4403],[3.3071,43.4405],[3.3069,43.4407],[3.3067,43.4409],[3.3066,43.4411],[3.3066,43.4412],[3.3066,43.4413],[3.3066,43.4414],[3.3066,43.4415],[3.3067,43.4416],[3.3069,43.4416],[3.307,43.4417],[3.3071,43.4417],[3.3073,43.4418],[3.3074,43.4419],[3.3074,43.4419],[3.3074,43.442],[3.3074,43.4422],[3.3074,43.4423],[3.3073,43.4424],[3.3072,43.4425],[3.307,43.4427],[3.3067,43.4427],[3.3065,43.4428],[3.3062,43.4429],[3.3058,43.4429],[3.3053,43.443],[3.3048,43.4431],[3.3044,43.4432],[3.3041,43.4433],[3.3039,43.4434],[3.3037,43.4435],[3.3034,43.4437],[3.3032,43.4438],[3.303,43.444],[3.3029,43.4441],[3.3027,43.4444],[3.3026,43.4446],[3.3024,43.4449],[3.3023,43.4451],[3.3022,43.4455],[3.3022,43.4456],[3.3021,43.4458],[3.302,43.446],[3.3019,43.4462],[3.3018,43.4464],[3.3017,43.4467],[3.3014,43.447],[3.3012,43.4473],[3.301,43.4476],[3.3008,43.4478],[3.3006,43.4481],[3.3004,43.4484],[3.3001,43.4486],[3.2994,43.4492],[3.2982,43.4501],[3.2978,43.4505],[3.2979,43.4506],[3.298,43.4507],[3.2982,43.4507],[3.2987,43.4507],[3.299,43.4507],[3.2992,43.4508],[3.2993,43.4509],[3.2992,43.4511],[3.2992,43.4512],[3.2993,43.4512],[3.2997,43.4511],[3.3002,43.451],[3.3009,43.451],[3.3013,43.4511],[3.3017,43.4512],[3.3018,43.4513],[3.3018,43.4513],[3.3015,43.4515],[3.3012,43.4516],[3.301,43.4519],[3.301,43.4522],[3.301,43.4525],[3.3011,43.4529],[3.301,43.4532],[3.301,43.4534],[3.3008,43.4538],[3.3007,43.4541],[3.3006,43.4544],[3.3007,43.4549],[3.3008,43.4552],[3.3012,43.4558],[3.3017,43.4562]]]}},{"type":"Feature","properties":{"MI_PRINX":3676144.0,"CARTE":264,"CODE":1014,"CODE_LEG":206,"NOTATION":"c6SC","DESCR":"Formations calcaires de Cruzy (Maastrichtien)","C_FOND":10,"M_FOND":0,"J_FOND":50,"N_FOND":0,"NOM_SYMB":"S01_002","C_SYMB":100,"M_SYMB":100,"J_SYMB":0,"N_SYMB":0,"ROT_SYMB":90,"score_potentiel":85,"niveau_potentiel":"Très élevé 🌟","pente_degres":32.9,"type_affleurement":"Affleurement Fort (Falaise / Ravine) 🔴","score_relieffiltered":100.0},"geometry":{"type":"Polygon","coordinates":[[[2.9328,43.4039],[2.9331,43.4039],[2.9335,43.4038],[2.9334,43.4036],[2.9334,43.4034],[2.9334,43.4031],[2.9333,43.4029],[2.9332,43.4026],[2.933,43.4024],[2.933,43.4024],[2.9329,43.4022],[2.9327,43.402],[2.9325,43.4018],[2.9323,43.4016],[2.932,43.4014],[2.9316,43.4012],[2.9313,43.401],[2.9311,43.4009],[2.9309,43.4009],[2.9307,43.4008],[2.9306,43.4008],[2.9303,43.4006],[2.9299,43.4004],[2.9295,43.4002],[2.9291,43.4],[2.9288,43.3999],[2.9285,43.3998],[2.9281,43.3997],[2.9276,43.3996],[2.9273,43.3994],[2.9272,43.3994],[2.9268,43.3993],[2.9264,43.3991],[2.9261,43.399],[2.9258,43.3989],[2.9255,43.3987],[2.9252,43.3984],[2.925,43.3982],[2.9248,43.3981],[2.9245,43.3979],[2.9243,43.3978],[2.9242,43.3976],[2.924,43.3974],[2.9238,43.3972],[2.9235,43.397],[2.9233,43.3968],[2.923,43.3966],[2.9226,43.3964],[2.9221,43.3962],[2.9218,43.396],[2.9216,43.3958],[2.9215,43.3956],[2.9215,43.3952],[2.9214,43.3948],[2.9211,43.3948],[2.9208,43.3948],[2.9208,43.3951],[2.9209,43.3954],[2.921,43.3957],[2.9211,43.3959],[2.9212,43.3961],[2.9214,43.3962],[2.9216,43.3963],[2.9219,43.3964],[2.9221,43.3964],[2.9222,43.3965],[2.9224,43.3966],[2.9225,43.3967],[2.9227,43.3969],[2.9228,43.3972],[2.923,43.3974],[2.9233,43.3978],[2.9237,43.3981],[2.924,43.3984],[2.9243,43.3986],[2.9245,43.3987],[2.9246,43.3988],[2.9248,43.3989],[2.9251,43.399],[2.9255,43.3992],[2.926,43.3994],[2.9266,43.3996],[2.9271,43.3997],[2.9272,43.3997],[2.9276,43.3999],[2.9281,43.4001],[2.9285,43.4003],[2.929,43.4005],[2.9293,43.4007],[2.9295,43.4008],[2.9296,43.4009],[2.9297,43.401],[2.9299,43.401],[2.93,43.401],[2.9303,43.4011],[2.9306,43.4013],[2.9308,43.4014],[2.9311,43.4016],[2.9314,43.4018],[2.9317,43.4019],[2.932,43.4021],[2.9322,43.4024],[2.9324,43.4026],[2.9325,43.4028],[2.9326,43.403],[2.9326,43.4031],[2.9327,43.4033],[2.9327,43.4036],[2.9328,43.4039]]]}},{"type":"Feature","properties":{"MI_PRINX":3663926.0,"CARTE":264,"CODE":50,"CODE_LEG":50,"NOTATION":"Fy","DESCR":"Blocs, galets et graviers de calcaires siliceux, de grès, de quartz, de lydiennes, de porphyrites et de débris basaltiques (Terrasses glaciaires Würm)","C_FOND":10,"M_FOND":0,"J_FOND":10,"N_FOND":0,"NOM_SYMB":null,"C_SYMB":-1,"M_SYMB":-1,"J_SYMB":-1,"N_SYMB":-1,"ROT_SYMB":0,"score_potentiel":70,"niveau_potentiel":"Très élevé 🌟","pente_degres":31.6,"type_affleurement":"Affleurement Fort (Falaise / Ravine) 🔴","score_relieffiltered":100.0},"geometry":{"type":"Polygon","coordinates":[[[3.4554,43.6478],[3.4554,43.6473],[3.4558,43.647],[3.4568,43.6467],[3.4569,43.6467],[3.4573,43.6466],[3.4576,43.6466],[3.4586,43.6464],[3.4599,43.6461],[3.4599,43.6461],[3.461,43.6457],[3.4623,43.6453],[3.4633,43.645],[3.4636,43.645],[3.4643,43.6449],[3.4646,43.6449],[3.4648,43.645],[3.4649,43.645],[3.465,43.6449],[3.4651,43.6449],[3.4654,43.645],[3.4658,43.6449],[3.4666,43.6446],[3.4672,43.6444],[3.4681,43.6444],[3.4684,43.6445],[3.4687,43.6445],[3.4689,43.6446],[3.4697,43.6444],[3.4702,43.6444],[3.4707,43.6444],[3.4709,43.6444],[3.4717,43.6444],[3.4725,43.6444],[3.473,43.644],[3.4738,43.6434],[3.4749,43.6428],[3.476,43.6425],[3.4771,43.6421],[3.4786,43.6416],[3.4787,43.6416],[3.4803,43.6411],[3.4804,43.6411],[3.482,43.6402],[3.4829,43.6399],[3.4835,43.6399],[3.4836,43.6399],[3.4837,43.6399],[3.4842,43.6396],[3.4843,43.6396],[3.4845,43.6393],[3.4845,43.6392],[3.4846,43.6387],[3.4846,43.6386],[3.4851,43.6374],[3.4858,43.6365],[3.4876,43.6349],[3.4885,43.6341],[3.4889,43.6333],[3.4889,43.6331],[3.4893,43.6326],[3.4898,43.632],[3.4904,43.6314],[3.4907,43.6308],[3.4905,43.6306],[3.4901,43.6306],[3.4899,43.6307],[3.4897,43.6305],[3.49,43.6303],[3.4909,43.63],[3.4915,43.6296],[3.4921,43.6294],[3.4929,43.6289],[3.4936,43.6287],[3.494,43.6285],[3.4944,43.6279],[3.4943,43.6276],[3.4938,43.6275],[3.4934,43.6277],[3.4928,43.6283],[3.4925,43.6284],[3.4924,43.6284],[3.4923,43.6284],[3.4921,43.6283],[3.4918,43.628],[3.4916,43.6274],[3.4916,43.6272],[3.4917,43.6268],[3.4921,43.6265],[3.4926,43.6265],[3.4932,43.6266],[3.4937,43.6266],[3.4941,43.6265],[3.4947,43.626],[3.4955,43.6258],[3.4959,43.6255],[3.4958,43.6253],[3.4953,43.625],[3.4949,43.6247],[3.4948,43.6244],[3.4948,43.6242],[3.4944,43.6235],[3.4932,43.6218],[3.4925,43.621],[3.4913,43.6202],[3.4898,43.6196],[3.4896,43.6196],[3.4888,43.6195],[3.4879,43.6192],[3.4878,43.6191],[3.4877,43.619],[3.4874,43.6189],[3.4869,43.619],[3.4863,43.6193],[3.4861,43.6196],[3.4851,43.621],[3.4844,43.6217],[3.4843,43.6222],[3.4842,43.6228],[3.4841,43.6229],[3.4846,43.6227],[3.4849,43.6224],[3.4853,43.622],[3.4857,43.622],[3.486,43.6222],[3.4861,43.6224],[3.486,43.6229],[3.4857,43.6237],[3.4853,43.6244],[3.4851,43.6248],[3.4851,43.6256],[3.4848,43.6263],[3.4841,43.627],[3.4833,43.6276],[3.483,43.6281],[3.483,43.6286],[3.483,43.629],[3.483,43.6294],[3.4823,43.6302],[3.4817,43.6311],[3.4815,43.6314],[3.4814,43.6321],[3.4822,43.6326],[3.4826,43.6331],[3.4822,43.6334],[3.4819,43.6337],[3.4818,43.6341],[3.4817,43.6342],[3.4815,43.6339],[3.4813,43.6333],[3.481,43.633],[3.4806,43.6328],[3.4805,43.6325],[3.4804,43.6323],[3.4801,43.6321],[3.4796,43.6321],[3.4789,43.6324],[3.4779,43.6331],[3.4778,43.6332],[3.4776,43.6336],[3.4773,43.6346],[3.4766,43.6356],[3.4749,43.6375],[3.4732,43.639],[3.4733,43.6394],[3.4729,43.6399],[3.4723,43.6402],[3.4722,43.6403],[3.4708,43.6407],[3.4696,43.641],[3.4687,43.6411],[3.4685,43.6411],[3.4684,43.6411],[3.4677,43.6411],[3.4666,43.641],[3.4663,43.641],[3.4653,43.6414],[3.4652,43.6414],[3.4646,43.6415],[3.4639,43.6415],[3.4637,43.6414],[3.4625,43.6414],[3.4621,43.6415],[3.462,43.6415],[3.4614,43.6424],[3.4614,43.6428],[3.4613,43.6428],[3.461,43.6428],[3.4606,43.6428],[3.46,43.6428],[3.459,43.643],[3.4587,43.643],[3.4586,43.6429],[3.4585,43.6429],[3.458,43.643],[3.4572,43.6433],[3.4572,43.6434],[3.4567,43.6435],[3.454,43.6447],[3.4527,43.6455],[3.4532,43.6457],[3.4537,43.646],[3.4541,43.6466],[3.4546,43.6473],[3.4554,43.6478]]]}},{"type":"Feature","properties":{"MI_PRINX":3664084.0,"CARTE":264,"CODE":50,"CODE_LEG":50,"NOTATION":"Fy","DESCR":"Blocs, galets et graviers de calcaires siliceux, de grès, de quartz, de lydiennes, de porphyrites et de débris basaltiques (Terrasses glaciaires Würm)","C_FOND":10,"M_FOND":0,"J_FOND":10,"N_FOND":0,"NOM_SYMB":null,"C_SYMB":-1,"M_SYMB":-1,"J_SYMB":-1,"N_SYMB":-1,"ROT_SYMB":0,"score_potentiel":70,"niveau_potentiel":"Très élevé 🌟","pente_degres":18.7,"type_affleurement":"Affleurement Moyen (Escarpement) 🟠","score_relieffiltered":82.2},"geometry":{"type":"Polygon","coordinates":[[[3.175,43.6467],[3.1768,43.6466],[3.1823,43.6467],[3.1826,43.6466],[3.183,43.6463],[3.1835,43.646],[3.1835,43.6459],[3.1837,43.6455],[3.1837,43.6453],[3.1834,43.645],[3.183,43.6449],[3.1829,43.6449],[3.182,43.6449],[3.1816,43.6448],[3.1811,43.6445],[3.1809,43.6442],[3.1814,43.6436],[3.1807,43.6433],[3.1797,43.6426],[3.1794,43.6421],[3.1791,43.6419],[3.1787,43.6421],[3.1784,43.6421],[3.1776,43.642],[3.1773,43.6421],[3.1772,43.6422],[3.1772,43.6427],[3.1774,43.6435],[3.1775,43.6442],[3.1774,43.6443],[3.1775,43.6444],[3.1774,43.6445],[3.1773,43.6449],[3.1769,43.6455],[3.1764,43.6459],[3.1763,43.6459],[3.1756,43.6463],[3.175,43.6464],[3.1748,43.6464],[3.175,43.6467]]]}},{"type":"Feature","properties":{"MI_PRINX":3664104.0,"CARTE":264,"CODE":50,"CODE_LEG":50,"NOTATION":"Fy","DESCR":"Blocs, galets et graviers de calcaires siliceux, de grès, de quartz, de lydiennes, de porphyrites et de débris basaltiques (Terrasses glaciaires Würm)","C_FOND":10,"M_FOND":0,"J_FOND":10,"N_FOND":0,"NOM_SYMB":null,"C_SYMB":-1,"M_SYMB":-1,"J_SYMB":-1,"N_SYMB":-1,"ROT_SYMB":0,"score_potentiel":70,"niveau_potentiel":"Très élevé 🌟","pente_degres":33.0,"type_affleurement":"Affleurement Fort (Falaise / Ravine) 🔴","score_relieffiltered":100.0},"geometry":{"type":"Polygon","coordinates":[[[3.2475,43.6428],[3.2471,43.6428],[3.2463,43.6429],[3.2453,43.6432],[3.2449,43.6432],[3.2446,43.6433],[3.2438,43.644],[3.2436,43.644],[3.2433,43.6439],[3.2427,43.6442],[3.2418,43.6452],[3.2412,43.6457],[3.2409,43.6459],[3.241,43.646],[3.2415,43.646],[3.242,43.6456],[3.2423,43.6455],[3.2426,43.6458],[3.2428,43.6457],[3.2429,43.6452],[3.2434,43.6449],[3.244,43.6449],[3.2445,43.6449],[3.2448,43.6448],[3.2456,43.6442],[3.2464,43.6438],[3.247,43.6437],[3.247,43.6437],[3.2477,43.6436],[3.2483,43.6435],[3.2484,43.6435],[3.249,43.643],[3.2497,43.6428],[3.2506,43.643],[3.2507,43.643],[3.2508,43.643],[3.2509,43.6429],[3.2514,43.6428],[3.2525,43.6424],[3.2535,43.6422],[3.255,43.6413],[3.2561,43.6409],[3.2564,43.6409],[3.2576,43.6416],[3.2581,43.6417],[3.2584,43.6418],[3.2585,43.6417],[3.2578,43.6396],[3.2578,43.6393],[3.2578,43.6389],[3.2578,43.6388],[3.2578,43.6383],[3.258,43.6378],[3.2585,43.6375],[3.2597,43.6375],[3.2599,43.6374],[3.2599,43.6372],[3.2594,43.6366],[3.2593,43.6363],[3.2593,43.6363],[3.2593,43.6361],[3.2598,43.6354],[3.2599,43.6348],[3.2603,43.6342],[3.2607,43.6339],[3.2609,43.6339],[3.261,43.6339],[3.2614,43.6342],[3.2615,43.6341],[3.2617,43.6338],[3.2621,43.6334],[3.2623,43.6331],[3.2623,43.6328],[3.2622,43.6324],[3.2622,43.6322],[3.2624,43.6318],[3.2629,43.6313],[3.2633,43.6312],[3.2638,43.6312],[3.2642,43.6314],[3.2642,43.6315],[3.2648,43.6318],[3.2652,43.6318],[3.266,43.6315],[3.2669,43.6313],[3.2675,43.6311],[3.2681,43.6308],[3.2684,43.6303],[3.2688,43.63],[3.2692,43.6299],[3.2701,43.6299],[3.2708,43.6299],[3.2709,43.6299],[3.2715,43.6298],[3.2718,43.6297],[3.2724,43.6298],[3.2738,43.6302],[3.2741,43.6302],[3.2745,43.6302],[3.2749,43.6303],[3.2751,43.6303],[3.2754,43.6302],[3.276,43.6295],[3.277,43.6291],[3.2779,43.6288],[3.2786,43.6287],[3.279,43.6287],[3.2797,43.6285],[3.2802,43.6285],[3.2805,43.6286],[3.281,43.6291],[3.2816,43.6294],[3.2818,43.6294],[3.282,43.6295],[3.2824,43.6294],[3.2832,43.6293],[3.2841,43.6291],[3.2856,43.6286],[3.2861,43.6282],[3.2863,43.6278],[3.2863,43.6272],[3.2864,43.6271],[3.2871,43.6272],[3.2872,43.6272],[3.2873,43.6272],[3.2877,43.6273],[3.2885,43.6278],[3.2892,43.6285],[3.2893,43.629],[3.2889,43.6298],[3.2889,43.6299],[3.2891,43.6301],[3.2892,43.6303],[3.2889,43.6305],[3.2885,43.6307],[3.2886,43.6307],[3.2891,43.6309],[3.2892,43.6309],[3.2894,43.631],[3.2898,43.6312],[3.2901,43.6315],[3.2901,43.6319],[3.29,43.6321],[3.2901,43.6323],[3.2903,43.6325],[3.2907,43.6325],[3.2909,43.6326],[3.2916,43.6331],[3.2919,43.6331],[3.2921,43.6331],[3.2924,43.6333],[3.2924,43.6335],[3.2921,43.6344],[3.2921,43.6346],[3.2918,43.6352],[3.2913,43.6356],[3.2909,43.636],[3.2908,43.6364],[3.2908,43.6365],[3.2909,43.6368],[3.2915,43.6371],[3.2922,43.6372],[3.2926,43.6375],[3.2927,43.6378],[3.2926,43.638],[3.2918,43.6384],[3.2918,43.6385],[3.2918,43.6388],[3.2922,43.6392],[3.2927,43.6393],[3.2931,43.6392],[3.2934,43.639],[3.2942,43.638],[3.2948,43.6375],[3.296,43.6368],[3.2967,43.6361],[3.2979,43.6353],[3.2981,43.6349],[3.2981,43.6346],[3.2976,43.6342],[3.2969,43.6336],[3.2968,43.6334],[3.2968,43.6332],[3.297,43.633],[3.297,43.6327],[3.2973,43.6323],[3.2981,43.6319],[3.2995,43.6312],[3.3002,43.6311],[3.3009,43.631],[3.3013,43.631],[3.3021,43.6308],[3.3027,43.6308],[3.3036,43.6312],[3.3039,43.6311],[3.3049,43.6308],[3.3059,43.6307],[3.3063,43.6305],[3.3063,43.6305],[3.3065,43.6303],[3.3068,43.6303],[3.3072,43.6308],[3.3079,43.6313],[3.3086,43.6315],[3.3089,43.6316],[3.3093,43.6315],[3.3098,43.6312],[3.3105,43.6309],[3.311,43.6308],[3.3115,43.6309],[3.3117,43.6309],[3.3127,43.6312],[3.3141,43.6319],[3.3145,43.6319],[3.3149,43.6316],[3.315,43.6307],[3.3151,43.6301],[3.3156,43.6294],[3.3165,43.6285],[3.3177,43.6278],[3.3182,43.6276],[3.3192,43.6273],[3.3202,43.6271],[3.3212,43.6268],[3.3214,43.6266],[3.321,43.6265],[3.3206,43.6264],[3.3198,43.6264],[3.3193,43.6264],[3.319,43.6261],[3.319,43.626],[3.3195,43.6253],[3.3197,43.6247],[3.3196,43.6244],[3.3193,43.6239],[3.319,43.6239],[3.3187,43.6239],[3.3182,43.624],[3.318,43.624],[3.3174,43.6236],[3.3171,43.6231],[3.317,43.6226],[3.3171,43.6221],[3.317,43.6216],[3.3166,43.621],[3.3166,43.6209],[3.3166,43.6204],[3.3166,43.62],[3.3167,43.6194],[3.3168,43.6187],[3.3168,43.6183],[3.3163,43.618],[3.3159,43.6179],[3.3151,43.6183],[3.3144,43.6183],[3.314,43.6182],[3.3139,43.6182],[3.3136,43.6183],[3.3134,43.6188],[3.3128,43.6191],[3.3124,43.6193],[3.3119,43.6199],[3.3117,43.6202],[3.311,43.6205],[3.3097,43.6214],[3.3092,43.6215],[3.3089,43.6214],[3.3079,43.621],[3.3078,43.621],[3.3076,43.621],[3.307,43.6212],[3.3061,43.6216],[3.306,43.6216],[3.3057,43.6216],[3.3053,43.6214],[3.3046,43.6209],[3.3041,43.6209],[3.3036,43.6212],[3.3031,43.6216],[3.3027,43.6217],[3.302,43.6216],[3.3015,43.6216],[3.3007,43.6218],[3.3,43.6223],[3.2997,43.6229],[3.2993,43.6239],[3.2987,43.6244],[3.2982,43.6246],[3.2978,43.6246],[3.2971,43.6243],[3.2964,43.624],[3.2959,43.624],[3.2954,43.6241],[3.295,43.624],[3.294,43.6235],[3.2932,43.6231],[3.2928,43.623],[3.2914,43.623],[3.29,43.6226],[3.2893,43.6223],[3.2882,43.6221],[3.2875,43.6219],[3.2863,43.6214],[3.2856,43.6213],[3.2853,43.6213],[3.2845,43.6215],[3.2823,43.6229],[3.2816,43.6231],[3.2811,43.6232],[3.2807,43.6233],[3.2804,43.6233],[3.2797,43.6235],[3.2787,43.6241],[3.278,43.6244],[3.2773,43.6246],[3.2767,43.6249],[3.2763,43.6256],[3.2755,43.6261],[3.275,43.6265],[3.2744,43.6268],[3.2738,43.6267],[3.2729,43.6265],[3.2728,43.6265],[3.2722,43.6264],[3.272,43.6263],[3.2716,43.6263],[3.2715,43.6264],[3.2716,43.6267],[3.2714,43.6268],[3.2716,43.627],[3.272,43.6273],[3.2721,43.6276],[3.2721,43.6278],[3.2714,43.6283],[3.2707,43.6285],[3.2703,43.6285],[3.269,43.6285],[3.2682,43.6288],[3.2674,43.6294],[3.2668,43.6298],[3.2667,43.6299],[3.2666,43.6299],[3.2661,43.6299],[3.2655,43.6294],[3.2651,43.6289],[3.2648,43.6288],[3.2646,43.6291],[3.2644,43.6293],[3.2638,43.6295],[3.2634,43.6295],[3.2628,43.6294],[3.2619,43.6291],[3.2616,43.6289],[3.2614,43.6291],[3.2617,43.6299],[3.2618,43.6303],[3.2616,43.6306],[3.2612,43.6308],[3.2605,43.6308],[3.2599,43.6306],[3.2598,43.6307],[3.2602,43.6312],[3.2606,43.6317],[3.2606,43.632],[3.2604,43.6324],[3.2601,43.6325],[3.2597,43.6324],[3.2594,43.632],[3.259,43.6313],[3.2582,43.6303],[3.2579,43.6298],[3.2579,43.629],[3.2576,43.6292],[3.2574,43.6295],[3.2568,43.6306],[3.2563,43.6312],[3.2557,43.6317],[3.2558,43.6319],[3.2569,43.6323],[3.2578,43.6328],[3.2579,43.6328],[3.2582,43.6329],[3.2587,43.6329],[3.2588,43.6329],[3.2592,43.633],[3.2595,43.6332],[3.2595,43.6334],[3.2591,43.6338],[3.2588,43.6341],[3.2585,43.6347],[3.2579,43.635],[3.2578,43.6351],[3.2578,43.6351],[3.2574,43.6352],[3.2569,43.6356],[3.2566,43.6361],[3.2566,43.6362],[3.2565,43.6367],[3.2564,43.6374],[3.2561,43.638],[3.2561,43.6383],[3.2562,43.6391],[3.2561,43.6395],[3.2558,43.6396],[3.2555,43.6396],[3.255,43.6393],[3.2547,43.6394],[3.2543,43.6398],[3.2537,43.64],[3.2528,43.6402],[3.2523,43.6404],[3.2523,43.6404],[3.2521,43.6404],[3.2519,43.64],[3.2514,43.6401],[3.2508,43.6403],[3.2503,43.6404],[3.25,43.6404],[3.2499,43.6404],[3.2493,43.6408],[3.2488,43.641],[3.2486,43.6411],[3.2486,43.6412],[3.2488,43.6414],[3.2489,43.6419],[3.2487,43.6424],[3.2481,43.6428],[3.2475,43.6428]],[[3.3144,43.6274],[3.3147,43.6275],[3.3148,43.6279],[3.3146,43.6286],[3.314,43.6293],[3.3135,43.6298],[3.3132,43.6302],[3.3129,43.6304],[3.3127,43.6304],[3.3125,43.6304],[3.3122,43.6302],[3.3122,43.6302],[3.3127,43.6296],[3.3125,43.629],[3.313,43.6286],[3.3135,43.6278],[3.3139,43.6274],[3.3144,43.6274]],[[3.293,43.6264],[3.2934,43.6265],[3.2938,43.6267],[3.2941,43.6272],[3.2949,43.6278],[3.2956,43.628],[3.296,43.6282],[3.2963,43.6284],[3.2963,43.6288],[3.2962,43.6292],[3.2959,43.6293],[3.2955,43.6293],[3.2951,43.6293],[3.2939,43.6296],[3.2935,43.6297],[3.293,43.6295],[3.2924,43.629],[3.292,43.6286],[3.2907,43.6279],[3.2902,43.6274],[3.29,43.627],[3.29,43.6268],[3.2901,43.6266],[3.2914,43.6266],[3.292,43.6265],[3.2925,43.6264],[3.293,43.6264]]]}},{"type":"Feature","properties":{"MI_PRINX":3674696.0,"CARTE":264,"CODE":1015,"CODE_LEG":207,"NOTATION":"c6SCm","DESCR":"Formations gréso-limoneuses de Cruzy (Maastrichtien)","C_FOND":10,"M_FOND":0,"J_FOND":50,"N_FOND":0,"NOM_SYMB":"S01_002","C_SYMB":100,"M_SYMB":100,"J_SYMB":0,"N_SYMB":0,"ROT_SYMB":0,"score_potentiel":55,"niveau_potentiel":"Élevé 🟢","pente_degres":16.6,"type_affleurement":"Affleurement Moyen (Escarpement) 🟠","score_relieffiltered":62.3},"geometry":{"type":"Polygon","coordinates":[[[3.0677,43.4569],[3.068,43.4572],[3.0681,43.4575],[3.0682,43.4574],[3.0682,43.4572],[3.0682,43.457],[3.068,43.4569],[3.0677,43.4569]]]}},{"type":"Feature","properties":{"MI_PRINX":3664079.0,"CARTE":264,"CODE":50,"CODE_LEG":50,"NOTATION":"Fy","DESCR":"Blocs, galets et graviers de calcaires siliceux, de grès, de quartz, de lydiennes, de porphyrites et de débris basaltiques (Terrasses glaciaires Würm)","C_FOND":10,"M_FOND":0,"J_FOND":10,"N_FOND":0,"NOM_SYMB":null,"C_SYMB":-1,"M_SYMB":-1,"J_SYMB":-1,"N_SYMB":-1,"ROT_SYMB":0,"score_potentiel":70,"niveau_potentiel":"Très élevé 🌟","pente_degres":14.7,"type_affleurement":"Affleurement Moyen (Escarpement) 🟠","score_relieffiltered":76.6},"geometry":{"type":"Polygon","coordinates":[[[3.5191,43.6437],[3.5203,43.6429],[3.5204,43.6426],[3.5204,43.6423],[3.5198,43.6416],[3.5193,43.6413],[3.5187,43.6411],[3.5182,43.6412],[3.5175,43.6415],[3.517,43.6421],[3.5165,43.6429],[3.5165,43.6429],[3.5174,43.6431],[3.518,43.6431],[3.5185,43.6432],[3.5188,43.6433],[3.5191,43.6437]]]}},{"type":"Feature","properties":{"MI_PRINX":3674997.0,"CARTE":264,"CODE":50,"CODE_LEG":50,"NOTATION":"Fy","DESCR":"Blocs, galets et graviers de calcaires siliceux, de grès, de quartz, de lydiennes, de porphyrites et de débris basaltiques (Terrasses glaciaires Würm)","C_FOND":10,"M_FOND":0,"J_FOND":10,"N_FOND":0,"NOM_SYMB":null,"C_SYMB":-1,"M_SYMB":-1,"J_SYMB":-1,"N_SYMB":-1,"ROT_SYMB":0,"score_potentiel":70,"niveau_potentiel":"Très élevé 🌟","pente_degres":17.4,"type_affleurement":"Affleurement Moyen (Escarpement) 🟠","score_relieffiltered":80.4},"geometry":{"type":"Polygon","coordinates":[[[3.5381,43.4393],[3.5384,43.4392],[3.5387,43.4391],[3.5389,43.439],[3.5391,43.4389],[3.5393,43.4386],[3.5394,43.4383],[3.5395,43.4379],[3.5396,43.4377],[3.5396,43.4375],[3.5398,43.4372],[3.5395,43.4373],[3.5392,43.4374],[3.5389,43.4376],[3.5386,43.4378],[3.5385,43.4381],[3.5384,43.4384],[3.5384,43.4387],[3.5384,43.4389],[3.5383,43.4391],[3.5381,43.4393]]]}},{"type":"Feature","properties":{"MI_PRINX":3664189.0,"CARTE":264,"CODE":50,"CODE_LEG":50,"NOTATION":"Fy","DESCR":"Blocs, galets et graviers de calcaires siliceux, de grès, de quartz, de lydiennes, de porphyrites et de débris basaltiques (Terrasses glaciaires Würm)","C_FOND":10,"M_FOND":0,"J_FOND":10,"N_FOND":0,"NOM_SYMB":null,"C_SYMB":-1,"M_SYMB":-1,"J_SYMB":-1,"N_SYMB":-1,"ROT_SYMB":0,"score_potentiel":70,"niveau_potentiel":"Très élevé 🌟","pente_degres":31.1,"type_affleurement":"Affleurement Fort (Falaise / Ravine) 🔴","score_relieffiltered":99.5},"geometry":{"type":"Polygon","coordinates":[[[3.1115,43.6448],[3.1111,43.645],[3.1109,43.6451],[3.1104,43.6453],[3.1099,43.6454],[3.1091,43.6453],[3.1084,43.645],[3.1078,43.6445],[3.1074,43.6438],[3.1074,43.6433],[3.1075,43.6425],[3.1075,43.6424],[3.1078,43.6416],[3.1082,43.6414],[3.1087,43.6413],[3.1092,43.641],[3.1104,43.6405],[3.1113,43.6397],[3.1118,43.6392],[3.1118,43.639],[3.112,43.6384],[3.1124,43.6377],[3.1124,43.6377],[3.1126,43.6372],[3.1126,43.637],[3.1123,43.6366],[3.1114,43.6363],[3.1104,43.6356],[3.1099,43.6349],[3.1099,43.6346],[3.1101,43.634],[3.1101,43.6339],[3.1101,43.6335],[3.1101,43.6333],[3.1099,43.6329],[3.1098,43.6322],[3.1095,43.6323],[3.1094,43.6321],[3.1095,43.6318],[3.1094,43.6316],[3.1091,43.6316],[3.1083,43.6324],[3.1082,43.6326],[3.1079,43.633],[3.1077,43.6341],[3.107,43.6356],[3.107,43.6358],[3.1069,43.636],[3.107,43.636],[3.1069,43.636],[3.1067,43.6371],[3.1068,43.6378],[3.1072,43.6386],[3.1072,43.6387],[3.1072,43.639],[3.1067,43.6393],[3.1058,43.64],[3.1057,43.6401],[3.1055,43.641],[3.1055,43.6417],[3.1056,43.6428],[3.1058,43.643],[3.1058,43.6431],[3.106,43.6436],[3.1062,43.6442],[3.1066,43.6447],[3.1072,43.6451],[3.1077,43.6453],[3.1089,43.6456],[3.1098,43.6457],[3.1107,43.6456],[3.1113,43.6451],[3.1115,43.6448]],[[3.1106,43.6367],[3.1112,43.6373],[3.1114,43.6376],[3.1114,43.6378],[3.111,43.6381],[3.1106,43.6383],[3.1104,43.6383],[3.1099,43.6376],[3.1101,43.6372],[3.1106,43.6367]]]}},{"type":"Feature","properties":{"MI_PRINX":3674990.0,"CARTE":264,"CODE":50,"CODE_LEG":50,"NOTATION":"Fy","DESCR":"Blocs, galets et graviers de calcaires siliceux, de grès, de quartz, de lydiennes, de porphyrites et de débris basaltiques (Terrasses glaciaires Würm)","C_FOND":10,"M_FOND":0,"J_FOND":10,"N_FOND":0,"NOM_SYMB":null,"C_SYMB":-1,"M_SYMB":-1,"J_SYMB":-1,"N_SYMB":-1,"ROT_SYMB":0,"score_potentiel":70,"niveau_potentiel":"Très élevé 🌟","pente_degres":18.5,"type_affleurement":"Affleurement Moyen (Escarpement) 🟠","score_relieffiltered":81.9},"geometry":{"type":"Polygon","coordinates":[[[3.3209,43.4319],[3.3207,43.4324],[3.3204,43.433],[3.32,43.4336],[3.3197,43.434],[3.3195,43.4343],[3.3192,43.4345],[3.3189,43.4348],[3.3187,43.435],[3.3185,43.4351],[3.3181,43.4352],[3.3175,43.4353],[3.3169,43.4355],[3.3165,43.4356],[3.3162,43.4356],[3.3159,43.4357],[3.3158,43.4359],[3.3156,43.436],[3.3155,43.4362],[3.3155,43.4364],[3.3154,43.4367],[3.3153,43.4371],[3.3153,43.4373],[3.3151,43.4375],[3.3148,43.4376],[3.3146,43.4377],[3.3144,43.4379],[3.3143,43.438],[3.3143,43.4381],[3.3143,43.4382],[3.3143,43.4384],[3.3145,43.4385],[3.3147,43.4387],[3.3149,43.4388],[3.315,43.4389],[3.3151,43.439],[3.3151,43.4392],[3.3151,43.4396],[3.315,43.44],[3.315,43.4403],[3.315,43.4405],[3.3152,43.4407],[3.3154,43.4408],[3.3156,43.441],[3.3157,43.4412],[3.3158,43.4414],[3.3158,43.4415],[3.3159,43.4416],[3.3162,43.4417],[3.3165,43.4418],[3.3167,43.4418],[3.3169,43.4418],[3.3171,43.4418],[3.3173,43.4418],[3.3175,43.4417],[3.3177,43.4417],[3.3178,43.4415],[3.3179,43.4414],[3.318,43.4414],[3.318,43.4412],[3.318,43.441],[3.318,43.4407],[3.318,43.4404],[3.318,43.4402],[3.3181,43.4401],[3.3182,43.4399],[3.3185,43.4397],[3.3187,43.4395],[3.3189,43.4393],[3.3189,43.4392],[3.319,43.439],[3.319,43.4389],[3.319,43.4388],[3.3189,43.4386],[3.3188,43.4384],[3.3187,43.4381],[3.3186,43.438],[3.3186,43.4378],[3.3186,43.4377],[3.3187,43.4376],[3.3188,43.4375],[3.3189,43.4374],[3.319,43.4373],[3.3191,43.4372],[3.3193,43.4372],[3.3195,43.4372],[3.3197,43.4372],[3.3199,43.4371],[3.32,43.4371],[3.3201,43.437],[3.3202,43.4369],[3.3203,43.4368],[3.3204,43.4367],[3.3204,43.4366],[3.3204,43.4364],[3.3204,43.4362],[3.3203,43.436],[3.3203,43.4359],[3.3203,43.4358],[3.3203,43.4357],[3.3204,43.4356],[3.3206,43.4354],[3.3208,43.4351],[3.3209,43.4349],[3.321,43.4347],[3.3211,43.4344],[3.3211,43.4342],[3.3211,43.4337],[3.3211,43.433],[3.3209,43.4319]]]}},{"type":"Feature","properties":{"MI_PRINX":3664281.0,"CARTE":264,"CODE":50,"CODE_LEG":50,"NOTATION":"Fy","DESCR":"Blocs, galets et graviers de calcaires siliceux, de grès, de quartz, de lydiennes, de porphyrites et de débris basaltiques (Terrasses glaciaires Würm)","C_FOND":10,"M_FOND":0,"J_FOND":10,"N_FOND":0,"NOM_SYMB":null,"C_SYMB":-1,"M_SYMB":-1,"J_SYMB":-1,"N_SYMB":-1,"ROT_SYMB":0,"score_potentiel":70,"niveau_potentiel":"Très élevé 🌟","pente_degres":31.3,"type_affleurement":"Affleurement Fort (Falaise / Ravine) 🔴","score_relieffiltered":99.8},"geometry":{"type":"Polygon","coordinates":[[[3.3266,43.6405],[3.3256,43.6401],[3.3239,43.6393],[3.3227,43.6386],[3.3219,43.6379],[3.321,43.6366],[3.3207,43.636],[3.3207,43.6356],[3.3207,43.6354],[3.3209,43.635],[3.3216,43.6343],[3.3214,43.6341],[3.321,43.6342],[3.3199,43.6348],[3.3195,43.6349],[3.3192,43.6348],[3.3192,43.6347],[3.3194,43.6343],[3.3191,43.6342],[3.3187,43.6342],[3.3185,43.6339],[3.3183,43.6336],[3.3179,43.6335],[3.3171,43.6333],[3.3166,43.6331],[3.3162,43.6329],[3.3159,43.633],[3.3159,43.6332],[3.3162,43.6337],[3.3174,43.6352],[3.3194,43.6371],[3.3213,43.6388],[3.3226,43.6399],[3.3235,43.6405],[3.3245,43.6408],[3.3254,43.6411],[3.3266,43.6418],[3.3269,43.6419],[3.3268,43.6415],[3.3268,43.6409],[3.3266,43.6405]]]}},{"type":"Feature","properties":{"MI_PRINX":3664407.0,"CARTE":264,"CODE":50,"CODE_LEG":50,"NOTATION":"Fy","DESCR":"Blocs, galets et graviers de calcaires siliceux, de grès, de quartz, de lydiennes, de porphyrites et de débris basaltiques (Terrasses glaciaires Würm)","C_FOND":10,"M_FOND":0,"J_FOND":10,"N_FOND":0,"NOM_SYMB":null,"C_SYMB":-1,"M_SYMB":-1,"J_SYMB":-1,"N_SYMB":-1,"ROT_SYMB":0,"score_potentiel":70,"niveau_potentiel":"Très élevé 🌟","pente_degres":31.2,"type_affleurement":"Affleurement Fort (Falaise / Ravine) 🔴","score_relieffiltered":99.7},"geometry":{"type":"Polygon","coordinates":[[[3.3115,43.6314],[3.311,43.6315],[3.3095,43.6323],[3.3086,43.6325],[3.3085,43.6325],[3.3075,43.6328],[3.3067,43.633],[3.3065,43.633],[3.3058,43.6332],[3.3056,43.6332],[3.3052,43.6332],[3.3044,43.6332],[3.3037,43.6332],[3.3036,43.6332],[3.3031,43.6332],[3.3027,43.6332],[3.3025,43.6332],[3.3021,43.6334],[3.3017,43.634],[3.3015,43.6344],[3.3009,43.6349],[3.3005,43.6351],[3.3004,43.6351],[3.2992,43.6354],[3.2991,43.6354],[3.299,43.6354],[3.2984,43.6357],[3.298,43.636],[3.2981,43.6361],[3.2988,43.6362],[3.2995,43.6358],[3.2996,43.6358],[3.3002,43.6364],[3.3008,43.6366],[3.3013,43.6365],[3.3013,43.6365],[3.3014,43.6364],[3.302,43.636],[3.3024,43.6358],[3.3027,43.6358],[3.3031,43.6357],[3.3041,43.6351],[3.3044,43.6351],[3.3047,43.6353],[3.3048,43.6356],[3.3046,43.636],[3.3042,43.6366],[3.3038,43.6369],[3.3031,43.637],[3.3029,43.6371],[3.3028,43.6372],[3.3027,43.6372],[3.3029,43.6373],[3.303,43.6373],[3.3031,43.6373],[3.3031,43.6373],[3.3031,43.6373],[3.3032,43.6373],[3.3032,43.6373],[3.3033,43.6373],[3.3033,43.6373],[3.3037,43.6376],[3.304,43.6377],[3.304,43.6377],[3.3042,43.6377],[3.3046,43.6379],[3.305,43.638],[3.3059,43.6375],[3.306,43.6375],[3.3061,43.6375],[3.3065,43.6376],[3.307,43.6382],[3.3071,43.6387],[3.3066,43.6392],[3.3066,43.6394],[3.3068,43.6398],[3.307,43.6398],[3.3076,43.6387],[3.3083,43.6379],[3.3084,43.6374],[3.3085,43.6365],[3.3086,43.636],[3.3094,43.6353],[3.3102,43.6349],[3.311,43.6347],[3.3118,43.6346],[3.312,43.6346],[3.3121,43.6345],[3.3122,43.6345],[3.3124,43.6345],[3.3126,43.6346],[3.3129,43.6346],[3.3131,43.6346],[3.3135,43.6348],[3.3135,43.6348],[3.3146,43.6352],[3.3153,43.6354],[3.3162,43.6358],[3.3169,43.636],[3.3171,43.636],[3.3172,43.6358],[3.3165,43.635],[3.316,43.6341],[3.3137,43.6324],[3.3121,43.6315],[3.3115,43.6314]]]}},{"type":"Feature","properties":{"MI_PRINX":3675103.0,"CARTE":264,"CODE":1014,"CODE_LEG":206,"NOTATION":"c6SC","DESCR":"Formations calcaires de Cruzy (Maastrichtien)","C_FOND":10,"M_FOND":0,"J_FOND":50,"N_FOND":0,"NOM_SYMB":"S01_002","C_SYMB":100,"M_SYMB":100,"J_SYMB":0,"N_SYMB":0,"ROT_SYMB":90,"score_potentiel":85,"niveau_potentiel":"Très élevé 🌟","pente_degres":20.3,"type_affleurement":"Affleurement Moyen (Escarpement) 🟠","score_relieffiltered":100.0},"geometry":{"type":"Polygon","coordinates":[[[3.0444,43.4397],[3.0445,43.4397],[3.0449,43.4396],[3.0453,43.4395],[3.0445,43.4394],[3.0441,43.4394],[3.0438,43.4395],[3.0441,43.4395],[3.0442,43.4396],[3.0444,43.4397]]]}},{"type":"Feature","properties":{"MI_PRINX":3675286.0,"CARTE":264,"CODE":1014,"CODE_LEG":206,"NOTATION":"c6SC","DESCR":"Formations calcaires de Cruzy (Maastrichtien)","C_FOND":10,"M_FOND":0,"J_FOND":50,"N_FOND":0,"NOM_SYMB":"S01_002","C_SYMB":100,"M_SYMB":100,"J_SYMB":0,"N_SYMB":0,"ROT_SYMB":90,"score_potentiel":85,"niveau_potentiel":"Très élevé 🌟","pente_degres":19.9,"type_affleurement":"Affleurement Moyen (Escarpement) 🟠","score_relieffiltered":100.0},"geometry":{"type":"Polygon","coordinates":[[[3.028,43.4323],[3.0282,43.4324],[3.0286,43.4326],[3.0291,43.4328],[3.0296,43.4328],[3.0301,43.4328],[3.0298,43.4326],[3.0294,43.4325],[3.0291,43.4324],[3.0288,43.4323],[3.0286,43.4322],[3.028,43.4323]]]}},{"type":"Feature","properties":{"MI_PRINX":3675297.0,"CARTE":264,"CODE":1014,"CODE_LEG":206,"NOTATION":"c6SC","DESCR":"Formations calcaires de Cruzy (Maastrichtien)","C_FOND":10,"M_FOND":0,"J_FOND":50,"N_FOND":0,"NOM_SYMB":"S01_002","C_SYMB":100,"M_SYMB":100,"J_SYMB":0,"N_SYMB":0,"ROT_SYMB":90,"score_potentiel":85,"niveau_potentiel":"Très élevé 🌟","pente_degres":20.0,"type_affleurement":"Affleurement Moyen (Escarpement) 🟠","score_relieffiltered":100.0},"geometry":{"type":"Polygon","coordinates":[[[3.0317,43.4325],[3.0318,43.4325],[3.0324,43.4324],[3.0328,43.4323],[3.0327,43.4322],[3.0325,43.4322],[3.0323,43.4322],[3.0319,43.4321],[3.0316,43.4321],[3.0313,43.432],[3.031,43.4318],[3.0307,43.4316],[3.0303,43.4315],[3.0299,43.4315],[3.0297,43.4316],[3.0295,43.4318],[3.0292,43.432],[3.0294,43.4321],[3.0296,43.4321],[3.03,43.4322],[3.0305,43.4323],[3.0309,43.4324],[3.0313,43.4324],[3.0317,43.4325]]]}},{"type":"Feature","properties":{"MI_PRINX":3664676.0,"CARTE":264,"CODE":50,"CODE_LEG":50,"NOTATION":"Fy","DESCR":"Blocs, galets et graviers de calcaires siliceux, de grès, de quartz, de lydiennes, de porphyrites et de débris basaltiques (Terrasses glaciaires Würm)","C_FOND":10,"M_FOND":0,"J_FOND":10,"N_FOND":0,"NOM_SYMB":null,"C_SYMB":-1,"M_SYMB":-1,"J_SYMB":-1,"N_SYMB":-1,"ROT_SYMB":0,"score_potentiel":70,"niveau_potentiel":"Très élevé 🌟","pente_degres":18.6,"type_affleurement":"Affleurement Moyen (Escarpement) 🟠","score_relieffiltered":82.0},"geometry":{"type":"Polygon","coordinates":[[[3.4607,43.6341],[3.4612,43.6339],[3.4621,43.6336],[3.4624,43.6336],[3.4632,43.6333],[3.4647,43.6323],[3.4649,43.6323],[3.4653,43.6323],[3.4657,43.6323],[3.4662,43.6322],[3.4675,43.6319],[3.468,43.6317],[3.4685,43.6314],[3.4688,43.6309],[3.4692,43.6301],[3.4692,43.6294],[3.4696,43.6282],[3.4696,43.6272],[3.4698,43.6267],[3.4702,43.6263],[3.4713,43.6246],[3.4694,43.6253],[3.4693,43.6254],[3.4683,43.626],[3.4675,43.6265],[3.4667,43.6272],[3.4666,43.6273],[3.4662,43.628],[3.4656,43.6284],[3.465,43.6286],[3.4646,43.6286],[3.4641,43.6287],[3.4635,43.6291],[3.4632,43.6296],[3.4631,43.6301],[3.463,43.6307],[3.4627,43.6311],[3.4619,43.6317],[3.4616,43.6323],[3.4608,43.634],[3.4607,43.6341]]]}},{"type":"Feature","properties":{"MI_PRINX":3675078.0,"CARTE":264,"CODE":1014,"CODE_LEG":206,"NOTATION":"c6SC","DESCR":"Formations calcaires de Cruzy (Maastrichtien)","C_FOND":10,"M_FOND":0,"J_FOND":50,"N_FOND":0,"NOM_SYMB":"S01_002","C_SYMB":100,"M_SYMB":100,"J_SYMB":0,"N_SYMB":0,"ROT_SYMB":90,"score_potentiel":85,"niveau_potentiel":"Très élevé 🌟","pente_degres":14.5,"type_affleurement":"Affleurement Moyen (Escarpement) 🟠","score_relieffiltered":92.6},"geometry":{"type":"Polygon","coordinates":[[[3.0562,43.4401],[3.0559,43.4401],[3.0557,43.4402],[3.0557,43.4403],[3.0558,43.4404],[3.056,43.4404],[3.0562,43.4404],[3.0563,43.4402],[3.0563,43.4401],[3.0562,43.4401]]]}},{"type":"Feature","properties":{"MI_PRINX":3675270.0,"CARTE":264,"CODE":1014,"CODE_LEG":206,"NOTATION":"c6SC","DESCR":"Formations calcaires de Cruzy (Maastrichtien)","C_FOND":10,"M_FOND":0,"J_FOND":50,"N_FOND":0,"NOM_SYMB":"S01_002","C_SYMB":100,"M_SYMB":100,"J_SYMB":0,"N_SYMB":0,"ROT_SYMB":90,"score_potentiel":85,"niveau_potentiel":"Très élevé 🌟","pente_degres":17.0,"type_affleurement":"Affleurement Moyen (Escarpement) 🟠","score_relieffiltered":96.9},"geometry":{"type":"Polygon","coordinates":[[[3.0339,43.4325],[3.0338,43.4329],[3.0338,43.4331],[3.034,43.4333],[3.0344,43.4333],[3.0348,43.4333],[3.035,43.4332],[3.0346,43.4331],[3.0344,43.4329],[3.0343,43.4328],[3.0341,43.4326],[3.0339,43.4325]]]}},{"type":"Feature","properties":{"MI_PRINX":3675195.0,"CARTE":264,"CODE":50,"CODE_LEG":50,"NOTATION":"Fy","DESCR":"Blocs, galets et graviers de calcaires siliceux, de grès, de quartz, de lydiennes, de porphyrites et de débris basaltiques (Terrasses glaciaires Würm)","C_FOND":10,"M_FOND":0,"J_FOND":10,"N_FOND":0,"NOM_SYMB":null,"C_SYMB":-1,"M_SYMB":-1,"J_SYMB":-1,"N_SYMB":-1,"ROT_SYMB":0,"score_potentiel":70,"niveau_potentiel":"Très élevé 🌟","pente_degres":12.5,"type_affleurement":"Faible Pente (Plaine / Couvert) 🟢","score_relieffiltered":73.5},"geometry":{"type":"Polygon","coordinates":[[[3.6728,43.4296],[3.6726,43.4296],[3.6724,43.4297],[3.6723,43.43],[3.6723,43.4302],[3.6724,43.4304],[3.6726,43.4305],[3.6728,43.4305],[3.673,43.4304],[3.6731,43.4302],[3.6731,43.43],[3.673,43.4298],[3.673,43.4297],[3.6728,43.4296]]]}},{"type":"Feature","properties":{"MI_PRINX":3664665.0,"CARTE":264,"CODE":50,"CODE_LEG":50,"NOTATION":"Fy","DESCR":"Blocs, galets et graviers de calcaires siliceux, de grès, de quartz, de lydiennes, de porphyrites et de débris basaltiques (Terrasses glaciaires Würm)","C_FOND":10,"M_FOND":0,"J_FOND":10,"N_FOND":0,"NOM_SYMB":null,"C_SYMB":-1,"M_SYMB":-1,"J_SYMB":-1,"N_SYMB":-1,"ROT_SYMB":0,"score_potentiel":70,"niveau_potentiel":"Très élevé 🌟","pente_degres":16.2,"type_affleurement":"Affleurement Moyen (Escarpement) 🟠","score_relieffiltered":78.7},"geometry":{"type":"Polygon","coordinates":[[[3.4598,43.6343],[3.46,43.6342],[3.4603,43.6337],[3.4601,43.633],[3.4597,43.6323],[3.4585,43.6313],[3.4578,43.6322],[3.4578,43.6323],[3.4582,43.6326],[3.4584,43.6327],[3.4589,43.6331],[3.459,43.6337],[3.4598,43.6343]]]}},{"type":"Feature","properties":{"MI_PRINX":3675281.0,"CARTE":264,"CODE":50,"CODE_LEG":50,"NOTATION":"Fy","DESCR":"Blocs, galets et graviers de calcaires siliceux, de grès, de quartz, de lydiennes, de porphyrites et de débris basaltiques (Terrasses glaciaires Würm)","C_FOND":10,"M_FOND":0,"J_FOND":10,"N_FOND":0,"NOM_SYMB":null,"C_SYMB":-1,"M_SYMB":-1,"J_SYMB":-1,"N_SYMB":-1,"ROT_SYMB":0,"score_potentiel":70,"niveau_potentiel":"Très élevé 🌟","pente_degres":31.8,"type_affleurement":"Affleurement Fort (Falaise / Ravine) 🔴","score_relieffiltered":100.0},"geometry":{"type":"Polygon","coordinates":[[[3.3208,43.4306],[3.3212,43.4305],[3.3214,43.4304],[3.3216,43.4303],[3.3218,43.4303],[3.3221,43.4303],[3.3224,43.4304],[3.3227,43.4305],[3.323,43.4306],[3.3234,43.4306],[3.3237,43.4306],[3.324,43.4306],[3.3242,43.4305],[3.3243,43.4304],[3.3242,43.4304],[3.3242,43.4303],[3.3241,43.4303],[3.3238,43.4301],[3.3236,43.4299],[3.3234,43.4298],[3.3233,43.4297],[3.3233,43.4296],[3.3233,43.4295],[3.3234,43.4293],[3.3238,43.429],[3.3241,43.4287],[3.3243,43.4284],[3.3245,43.4281],[3.3247,43.4278],[3.3248,43.4275],[3.3248,43.4273],[3.325,43.4271],[3.3252,43.4269],[3.3255,43.4267],[3.3258,43.4265],[3.3263,43.4264],[3.3266,43.4263],[3.327,43.4262],[3.3275,43.4261],[3.328,43.426],[3.3283,43.4259],[3.3285,43.4258],[3.3286,43.4257],[3.3287,43.4256],[3.3287,43.4254],[3.3286,43.4253],[3.3286,43.4252],[3.3285,43.4252],[3.3282,43.4251],[3.3278,43.4249],[3.3275,43.4248],[3.3273,43.4247],[3.3271,43.4244],[3.327,43.4242],[3.327,43.4241],[3.327,43.4239],[3.327,43.4238],[3.327,43.4237],[3.3269,43.4237],[3.3268,43.4237],[3.3266,43.4236],[3.3266,43.4235],[3.3266,43.4234],[3.3266,43.4232],[3.3267,43.423],[3.3269,43.4225],[3.3274,43.4218],[3.3279,43.4211],[3.3282,43.4208],[3.3284,43.4207],[3.3286,43.4206],[3.3288,43.4205],[3.329,43.4205],[3.3292,43.4205],[3.3295,43.4205],[3.3296,43.4205],[3.3298,43.4204],[3.3299,43.4202],[3.33,43.4201],[3.3301,43.4199],[3.33,43.4196],[3.3299,43.4193],[3.3298,43.419],[3.33,43.4186],[3.3302,43.418],[3.3305,43.4175],[3.3307,43.4173],[3.3311,43.417],[3.3314,43.4167],[3.3317,43.4165],[3.3322,43.4162],[3.333,43.4157],[3.3338,43.4153],[3.3343,43.415],[3.3348,43.4148],[3.3352,43.4145],[3.3356,43.4141],[3.3359,43.4137],[3.3361,43.4134],[3.3362,43.4132],[3.3362,43.413],[3.3363,43.4125],[3.3363,43.4118],[3.3361,43.4121],[3.3359,43.4124],[3.3356,43.4127],[3.3354,43.413],[3.3352,43.4132],[3.335,43.4134],[3.3348,43.4135],[3.3346,43.4137],[3.3344,43.4139],[3.3341,43.4141],[3.3338,43.4143],[3.3336,43.4144],[3.3333,43.4146],[3.3329,43.4148],[3.3325,43.4149],[3.332,43.4151],[3.3315,43.4153],[3.3311,43.4155],[3.3308,43.4156],[3.3305,43.4158],[3.3303,43.4159],[3.33,43.4161],[3.3298,43.4163],[3.3296,43.4165],[3.3294,43.4167],[3.3292,43.417],[3.329,43.4174],[3.3287,43.4179],[3.3286,43.4182],[3.3285,43.4183],[3.3284,43.4185],[3.3281,43.4188],[3.3277,43.4191],[3.3274,43.4194],[3.3271,43.4195],[3.327,43.4197],[3.3269,43.42],[3.3267,43.4204],[3.3265,43.4208],[3.3263,43.4213],[3.3261,43.4216],[3.3259,43.422],[3.3257,43.4223],[3.3255,43.4225],[3.3253,43.4228],[3.3251,43.4231],[3.3248,43.4234],[3.3245,43.4237],[3.3241,43.424],[3.3236,43.4244],[3.3231,43.4247],[3.3226,43.4251],[3.3221,43.4254],[3.3218,43.4256],[3.3215,43.4258],[3.3213,43.426],[3.3211,43.4262],[3.321,43.4264],[3.3208,43.4266],[3.3207,43.4268],[3.3206,43.4272],[3.3204,43.4275],[3.3204,43.4279],[3.3203,43.4282],[3.3203,43.4284],[3.3204,43.4287],[3.3205,43.4292],[3.3207,43.4298],[3.3208,43.4306]]]}},{"type":"Feature","properties":{"MI_PRINX":3675368.0,"CARTE":264,"CODE":1014,"CODE_LEG":206,"NOTATION":"c6SC","DESCR":"Formations calcaires de Cruzy (Maastrichtien)","C_FOND":10,"M_FOND":0,"J_FOND":50,"N_FOND":0,"NOM_SYMB":"S01_002","C_SYMB":100,"M_SYMB":100,"J_SYMB":0,"N_SYMB":0,"ROT_SYMB":90,"score_potentiel":85,"niveau_potentiel":"Très élevé 🌟","pente_degres":19.9,"type_affleurement":"Affleurement Moyen (Escarpement) 🟠","score_relieffiltered":100.0},"geometry":{"type":"Polygon","coordinates":[[[2.9923,43.4299],[2.9926,43.43],[2.9929,43.43],[2.9932,43.43],[2.9933,43.43],[2.9935,43.43],[2.9937,43.43],[2.994,43.4299],[2.9943,43.4299],[2.9939,43.4298],[2.9936,43.4296],[2.9933,43.4296],[2.9923,43.4299]]]}},{"type":"Feature","properties":{"MI_PRINX":3675375.0,"CARTE":264,"CODE":1014,"CODE_LEG":206,"NOTATION":"c6SC","DESCR":"Formations calcaires de Cruzy (Maastrichtien)","C_FOND":10,"M_FOND":0,"J_FOND":50,"N_FOND":0,"NOM_SYMB":"S01_002","C_SYMB":100,"M_SYMB":100,"J_SYMB":0,"N_SYMB":0,"ROT_SYMB":90,"score_potentiel":85,"niveau_potentiel":"Très élevé 🌟","pente_degres":18.3,"type_affleurement":"Affleurement Moyen (Escarpement) 🟠","score_relieffiltered":99.1},"geometry":{"type":"Polygon","coordinates":[[[2.9912,43.4292],[2.9907,43.4292],[2.9901,43.4291],[2.9899,43.4291],[2.9902,43.4293],[2.9905,43.4295],[2.9909,43.4296],[2.9915,43.4298],[2.9912,43.4292]]]}},{"type":"Feature","properties":{"MI_PRINX":3665125.0,"CARTE":264,"CODE":50,"CODE_LEG":50,"NOTATION":"Fy","DESCR":"Blocs, galets et graviers de calcaires siliceux, de grès, de quartz, de lydiennes, de porphyrites et de débris basaltiques (Terrasses glaciaires Würm)","C_FOND":10,"M_FOND":0,"J_FOND":10,"N_FOND":0,"NOM_SYMB":null,"C_SYMB":-1,"M_SYMB":-1,"J_SYMB":-1,"N_SYMB":-1,"ROT_SYMB":0,"score_potentiel":70,"niveau_potentiel":"Très élevé 🌟","pente_degres":32.7,"type_affleurement":"Affleurement Fort (Falaise / Ravine) 🔴","score_relieffiltered":100.0},"geometry":{"type":"Polygon","coordinates":[[[3.4305,43.6273],[3.4307,43.6272],[3.4305,43.6271],[3.43,43.6269],[3.4288,43.6264],[3.428,43.6262],[3.4272,43.6259],[3.4264,43.6256],[3.4263,43.6257],[3.4258,43.6257],[3.4251,43.6257],[3.4242,43.6257],[3.4242,43.6257],[3.4241,43.6257],[3.4234,43.6257],[3.4229,43.6258],[3.4224,43.6258],[3.4224,43.6258],[3.422,43.6258],[3.4215,43.6259],[3.4211,43.626],[3.4209,43.626],[3.4208,43.626],[3.4203,43.626],[3.4194,43.626],[3.4187,43.626],[3.4182,43.626],[3.4167,43.6258],[3.4165,43.6257],[3.4161,43.6257],[3.4158,43.6256],[3.4155,43.6256],[3.415,43.6254],[3.4149,43.6252],[3.4149,43.6252],[3.4146,43.6251],[3.4143,43.6256],[3.414,43.6257],[3.4135,43.6257],[3.4132,43.6259],[3.4128,43.6262],[3.4127,43.6263],[3.4128,43.6264],[3.4129,43.6263],[3.4137,43.6261],[3.4141,43.6261],[3.4147,43.6261],[3.415,43.6262],[3.416,43.6265],[3.417,43.6268],[3.4185,43.6271],[3.4191,43.6271],[3.4202,43.627],[3.4203,43.627],[3.4213,43.6267],[3.422,43.6266],[3.4223,43.6267],[3.4229,43.6266],[3.4236,43.6265],[3.4238,43.6265],[3.4245,43.6264],[3.4246,43.6264],[3.4249,43.6263],[3.4256,43.6262],[3.4266,43.6262],[3.4274,43.6264],[3.4282,43.6267],[3.4292,43.6271],[3.4299,43.6272],[3.4302,43.6272],[3.4305,43.6273]]]}},{"type":"Feature","properties":{"MI_PRINX":3675748.0,"CARTE":264,"CODE":1015,"CODE_LEG":207,"NOTATION":"c6SCm","DESCR":"Formations gréso-limoneuses de Cruzy (Maastrichtien)","C_FOND":10,"M_FOND":0,"J_FOND":50,"N_FOND":0,"NOM_SYMB":"S01_002","C_SYMB":100,"M_SYMB":100,"J_SYMB":0,"N_SYMB":0,"ROT_SYMB":0,"score_potentiel":55,"niveau_potentiel":"Élevé 🟢","pente_degres":33.2,"type_affleurement":"Affleurement Fort (Falaise / Ravine) 🔴","score_relieffiltered":80.5},"geometry":{"type":"Polygon","coordinates":[[[2.9486,43.4145],[2.9491,43.4145],[2.9497,43.4145],[2.95,43.4146],[2.9503,43.4147],[2.9505,43.4147],[2.9508,43.4147],[2.951,43.4148],[2.9512,43.4149],[2.9514,43.4151],[2.9516,43.4153],[2.9519,43.4153],[2.9522,43.4154],[2.9524,43.4154],[2.9527,43.4154],[2.953,43.4156],[2.9533,43.4159],[2.9534,43.416],[2.9535,43.4161],[2.9538,43.4162],[2.9542,43.4163],[2.9546,43.4164],[2.9548,43.4165],[2.955,43.4166],[2.9551,43.4168],[2.9553,43.4171],[2.9555,43.4172],[2.9557,43.4173],[2.9559,43.4172],[2.9561,43.4171],[2.9563,43.417],[2.9565,43.4169],[2.9566,43.4167],[2.9567,43.4165],[2.9568,43.4164],[2.957,43.4164],[2.9567,43.4163],[2.9564,43.4163],[2.956,43.4163],[2.9556,43.4162],[2.9552,43.4161],[2.9548,43.4159],[2.9544,43.4158],[2.9539,43.4156],[2.9534,43.4155],[2.953,43.4153],[2.9525,43.4151],[2.9521,43.4149],[2.9517,43.4148],[2.9512,43.4146],[2.9508,43.4145],[2.9504,43.4143],[2.9499,43.4142],[2.9495,43.4141],[2.9491,43.414],[2.9487,43.4139],[2.9484,43.4138],[2.948,43.4136],[2.9478,43.4135],[2.9475,43.4133],[2.9473,43.4132],[2.9471,43.413],[2.947,43.4129],[2.9467,43.4127],[2.9465,43.4125],[2.9462,43.4123],[2.9459,43.4121],[2.9456,43.4119],[2.9454,43.4117],[2.9452,43.4116],[2.945,43.4114],[2.9447,43.4112],[2.9443,43.411],[2.944,43.4108],[2.9437,43.4106],[2.9435,43.4103],[2.9432,43.41],[2.9431,43.4098],[2.9429,43.4095],[2.9427,43.4093],[2.9426,43.4091],[2.9424,43.4089],[2.9423,43.4087],[2.9421,43.4085],[2.942,43.4084],[2.9419,43.4082],[2.9416,43.408],[2.9412,43.4078],[2.9407,43.4075],[2.9402,43.4073],[2.9398,43.407],[2.9394,43.4067],[2.939,43.4064],[2.9392,43.4069],[2.9395,43.4072],[2.9398,43.4075],[2.9403,43.4077],[2.9407,43.408],[2.9409,43.4083],[2.9411,43.4087],[2.9413,43.4089],[2.9415,43.4091],[2.9418,43.4092],[2.942,43.4094],[2.9422,43.4095],[2.9423,43.4097],[2.9425,43.4099],[2.9427,43.41],[2.9429,43.4101],[2.9432,43.4104],[2.9434,43.4107],[2.9438,43.4111],[2.9441,43.4114],[2.9442,43.4116],[2.9447,43.412],[2.9451,43.4123],[2.9454,43.4125],[2.9457,43.4126],[2.946,43.4128],[2.9463,43.413],[2.9467,43.4133],[2.9472,43.4136],[2.9476,43.4139],[2.9479,43.4141],[2.9481,43.4143],[2.9483,43.4144],[2.9486,43.4145]]]}},{"type":"Feature","properties":{"MI_PRINX":3663599.0,"CARTE":264,"CODE":50,"CODE_LEG":50,"NOTATION":"Fy","DESCR":"Blocs, galets et graviers de calcaires siliceux, de grès, de quartz, de lydiennes, de porphyrites et de débris basaltiques (Terrasses glaciaires Würm)","C_FOND":10,"M_FOND":0,"J_FOND":10,"N_FOND":0,"NOM_SYMB":null,"C_SYMB":-1,"M_SYMB":-1,"J_SYMB":-1,"N_SYMB":-1,"ROT_SYMB":0,"score_potentiel":70,"niveau_potentiel":"Très élevé 🌟","pente_degres":19.7,"type_affleurement":"Affleurement Moyen (Escarpement) 🟠","score_relieffiltered":83.6},"geometry":{"type":"Polygon","coordinates":[[[3.5295,43.6534],[3.5295,43.6534],[3.5295,43.6548],[3.5296,43.6551],[3.5298,43.6556],[3.5304,43.6563],[3.5311,43.6567],[3.5317,43.6568],[3.5317,43.6568],[3.5325,43.6569],[3.5337,43.6575],[3.5343,43.6579],[3.5343,43.6578],[3.5345,43.657],[3.5345,43.6567],[3.5346,43.6565],[3.5349,43.6557],[3.5349,43.6556],[3.5351,43.6551],[3.535,43.6546],[3.5346,43.6535],[3.5346,43.6534],[3.5345,43.653],[3.5345,43.652],[3.5342,43.6511],[3.5339,43.6508],[3.5333,43.6504],[3.532,43.6501],[3.531,43.6496],[3.53,43.6489],[3.5292,43.648],[3.5286,43.6478],[3.5281,43.6476],[3.5279,43.6476],[3.5279,43.6476],[3.5265,43.6472],[3.5253,43.6464],[3.5226,43.6446],[3.5208,43.6435],[3.5205,43.6435],[3.5201,43.6437],[3.5198,43.6443],[3.5192,43.645],[3.5188,43.6458],[3.5189,43.6459],[3.5192,43.6457],[3.52,43.6454],[3.5205,43.6454],[3.5208,43.6455],[3.5212,43.6457],[3.5217,43.6462],[3.5224,43.6476],[3.5227,43.6486],[3.5233,43.6492],[3.524,43.6497],[3.5251,43.6499],[3.5257,43.65],[3.5262,43.6501],[3.527,43.6504],[3.5272,43.6504],[3.5283,43.651],[3.5292,43.6519],[3.5295,43.6526],[3.5296,43.6533],[3.5295,43.6534]]]}},{"type":"Feature","properties":{"MI_PRINX":3663604.0,"CARTE":264,"CODE":50,"CODE_LEG":50,"NOTATION":"Fy","DESCR":"Blocs, galets et graviers de calcaires siliceux, de grès, de quartz, de lydiennes, de porphyrites et de débris basaltiques (Terrasses glaciaires Würm)","C_FOND":10,"M_FOND":0,"J_FOND":10,"N_FOND":0,"NOM_SYMB":null,"C_SYMB":-1,"M_SYMB":-1,"J_SYMB":-1,"N_SYMB":-1,"ROT_SYMB":0,"score_potentiel":70,"niveau_potentiel":"Très élevé 🌟","pente_degres":15.9,"type_affleurement":"Affleurement Moyen (Escarpement) 🟠","score_relieffiltered":78.3},"geometry":{"type":"Polygon","coordinates":[[[3.3792,43.6582],[3.3787,43.6583],[3.3784,43.6584],[3.3782,43.6585],[3.3782,43.6586],[3.3781,43.6587],[3.3782,43.6589],[3.3784,43.6591],[3.3787,43.6592],[3.3791,43.6592],[3.3798,43.6591],[3.3801,43.6591],[3.3806,43.6589],[3.3809,43.6587],[3.3808,43.6586],[3.3806,43.6584],[3.3803,43.6583],[3.3797,43.6583],[3.3792,43.6582]]]}},{"type":"Feature","properties":{"MI_PRINX":3663617.0,"CARTE":264,"CODE":50,"CODE_LEG":50,"NOTATION":"Fy","DESCR":"Blocs, galets et graviers de calcaires siliceux, de grès, de quartz, de lydiennes, de porphyrites et de débris basaltiques (Terrasses glaciaires Würm)","C_FOND":10,"M_FOND":0,"J_FOND":10,"N_FOND":0,"NOM_SYMB":null,"C_SYMB":-1,"M_SYMB":-1,"J_SYMB":-1,"N_SYMB":-1,"ROT_SYMB":0,"score_potentiel":70,"niveau_potentiel":"Très élevé 🌟","pente_degres":15.7,"type_affleurement":"Affleurement Moyen (Escarpement) 🟠","score_relieffiltered":78.0},"geometry":{"type":"Polygon","coordinates":[[[3.3485,43.6585],[3.3483,43.6585],[3.3481,43.6586],[3.3481,43.6588],[3.3481,43.6588],[3.3481,43.6589],[3.3487,43.659],[3.349,43.659],[3.3494,43.6589],[3.3495,43.6588],[3.3494,43.6586],[3.3492,43.6585],[3.3489,43.6585],[3.3485,43.6585]]]}},{"type":"Feature","properties":{"MI_PRINX":3663590.0,"CARTE":264,"CODE":50,"CODE_LEG":50,"NOTATION":"Fy","DESCR":"Blocs, galets et graviers de calcaires siliceux, de grès, de quartz, de lydiennes, de porphyrites et de débris basaltiques (Terrasses glaciaires Würm)","C_FOND":10,"M_FOND":0,"J_FOND":10,"N_FOND":0,"NOM_SYMB":null,"C_SYMB":-1,"M_SYMB":-1,"J_SYMB":-1,"N_SYMB":-1,"ROT_SYMB":0,"score_potentiel":70,"niveau_potentiel":"Très élevé 🌟","pente_degres":31.3,"type_affleurement":"Affleurement Fort (Falaise / Ravine) 🔴","score_relieffiltered":99.8},"geometry":{"type":"Polygon","coordinates":[[[3.0602,43.6621],[3.061,43.6617],[3.0593,43.6617],[3.0585,43.6615],[3.0576,43.6612],[3.0569,43.6606],[3.0566,43.66],[3.0565,43.6586],[3.0565,43.6582],[3.0564,43.658],[3.0563,43.6578],[3.0562,43.6578],[3.0563,43.6581],[3.0559,43.6591],[3.0558,43.6595],[3.0558,43.6599],[3.0559,43.6603],[3.0559,43.6604],[3.0566,43.6615],[3.0573,43.6619],[3.0583,43.6622],[3.0586,43.6622],[3.0595,43.6622],[3.0597,43.6622],[3.0602,43.6621]]]}},{"type":"Feature","properties":{"MI_PRINX":3663721.0,"CARTE":264,"CODE":50,"CODE_LEG":50,"NOTATION":"Fy","DESCR":"Blocs, galets et graviers de calcaires siliceux, de grès, de quartz, de lydiennes, de porphyrites et de débris basaltiques (Terrasses glaciaires Würm)","C_FOND":10,"M_FOND":0,"J_FOND":10,"N_FOND":0,"NOM_SYMB":null,"C_SYMB":-1,"M_SYMB":-1,"J_SYMB":-1,"N_SYMB":-1,"ROT_SYMB":0,"score_potentiel":70,"niveau_potentiel":"Très élevé 🌟","pente_degres":20.7,"type_affleurement":"Affleurement Moyen (Escarpement) 🟠","score_relieffiltered":85.0},"geometry":{"type":"Polygon","coordinates":[[[3.0528,43.6563],[3.0527,43.6563],[3.0519,43.6561],[3.0515,43.656],[3.0515,43.656],[3.0506,43.656],[3.0497,43.656],[3.049,43.6562],[3.0483,43.6562],[3.0481,43.6562],[3.0478,43.6561],[3.0473,43.6556],[3.0471,43.6555],[3.0461,43.6543],[3.0453,43.6538],[3.0442,43.6535],[3.0435,43.6531],[3.0433,43.6531],[3.0437,43.6537],[3.0436,43.6538],[3.0443,43.6545],[3.0445,43.655],[3.0445,43.6553],[3.0443,43.6562],[3.0443,43.6566],[3.0445,43.6569],[3.0451,43.6572],[3.0456,43.6573],[3.046,43.6573],[3.0467,43.6573],[3.0481,43.657],[3.0491,43.6567],[3.0502,43.6565],[3.051,43.6564],[3.0524,43.6563],[3.0528,43.6563]]]}},{"type":"Feature","properties":{"MI_PRINX":3676083.0,"CARTE":264,"CODE":1014,"CODE_LEG":206,"NOTATION":"c6SC","DESCR":"Formations calcaires de Cruzy (Maastrichtien)","C_FOND":10,"M_FOND":0,"J_FOND":50,"N_FOND":0,"NOM_SYMB":"S01_002","C_SYMB":100,"M_SYMB":100,"J_SYMB":0,"N_SYMB":0,"ROT_SYMB":90,"score_potentiel":85,"niveau_potentiel":"Très élevé 🌟","pente_degres":20.8,"type_affleurement":"Affleurement Moyen (Escarpement) 🟠","score_relieffiltered":100.0},"geometry":{"type":"Polygon","coordinates":[[[2.9366,43.4056],[2.9367,43.4055],[2.9368,43.4054],[2.9369,43.4053],[2.9368,43.4052],[2.9366,43.4051],[2.9365,43.4051],[2.9363,43.405],[2.9361,43.4049],[2.936,43.4048],[2.9358,43.4047],[2.9357,43.4047],[2.9355,43.4047],[2.9352,43.4046],[2.9349,43.4045],[2.9345,43.4043],[2.9342,43.4042],[2.9339,43.4041],[2.9337,43.404],[2.9335,43.4038],[2.9337,43.4042],[2.9339,43.4045],[2.9341,43.4046],[2.9344,43.4046],[2.9349,43.4046],[2.935,43.4049],[2.9352,43.4051],[2.9353,43.4052],[2.9356,43.4052],[2.9358,43.4051],[2.9359,43.4054],[2.9361,43.4055],[2.9363,43.4056],[2.9366,43.4056]]]}},{"type":"Feature","properties":{"MI_PRINX":3676086.0,"CARTE":264,"CODE":1014,"CODE_LEG":206,"NOTATION":"c6SC","DESCR":"Formations calcaires de Cruzy (Maastrichtien)","C_FOND":10,"M_FOND":0,"J_FOND":50,"N_FOND":0,"NOM_SYMB":"S01_002","C_SYMB":100,"M_SYMB":100,"J_SYMB":0,"N_SYMB":0,"ROT_SYMB":90,"score_potentiel":85,"niveau_potentiel":"Très élevé 🌟","pente_degres":32.2,"type_affleurement":"Affleurement Fort (Falaise / Ravine) 🔴","score_relieffiltered":100.0},"geometry":{"type":"Polygon","coordinates":[[[2.8791,43.4047],[2.8793,43.4048],[2.8797,43.4051],[2.8801,43.4053],[2.8805,43.4055],[2.8809,43.4057],[2.8813,43.4058],[2.8817,43.4059],[2.8813,43.4058],[2.8811,43.4056],[2.8809,43.4055],[2.8807,43.4053],[2.8805,43.4051],[2.8802,43.4049],[2.8798,43.4047],[2.8792,43.4043],[2.8786,43.404],[2.8781,43.4038],[2.8778,43.4036],[2.8775,43.4034],[2.8774,43.4032],[2.8771,43.4031],[2.8761,43.4026],[2.8748,43.4023],[2.8733,43.402],[2.8735,43.4023],[2.874,43.4027],[2.8741,43.4027],[2.8744,43.4029],[2.8752,43.4031],[2.8769,43.4037],[2.8777,43.4039],[2.8777,43.4039],[2.8782,43.4042],[2.8787,43.4045],[2.8791,43.4047]]]}},{"type":"Feature","properties":{"MI_PRINX":3674734.0,"CARTE":264,"CODE":1014,"CODE_LEG":206,"NOTATION":"c6SC","DESCR":"Formations calcaires de Cruzy (Maastrichtien)","C_FOND":10,"M_FOND":0,"J_FOND":50,"N_FOND":0,"NOM_SYMB":"S01_002","C_SYMB":100,"M_SYMB":100,"J_SYMB":0,"N_SYMB":0,"ROT_SYMB":90,"score_potentiel":85,"niveau_potentiel":"Très élevé 🌟","pente_degres":16.0,"type_affleurement":"Affleurement Moyen (Escarpement) 🟠","score_relieffiltered":95.2},"geometry":{"type":"Polygon","coordinates":[[[3.0676,43.4561],[3.0674,43.4559],[3.0672,43.4557],[3.067,43.4559],[3.067,43.4561],[3.0672,43.4561],[3.0673,43.4562],[3.0676,43.4561]]]}},{"type":"Feature","properties":{"MI_PRINX":3663579.0,"CARTE":264,"CODE":50,"CODE_LEG":50,"NOTATION":"Fy","DESCR":"Blocs, galets et graviers de calcaires siliceux, de grès, de quartz, de lydiennes, de porphyrites et de débris basaltiques (Terrasses glaciaires Würm)","C_FOND":10,"M_FOND":0,"J_FOND":10,"N_FOND":0,"NOM_SYMB":null,"C_SYMB":-1,"M_SYMB":-1,"J_SYMB":-1,"N_SYMB":-1,"ROT_SYMB":0,"score_potentiel":70,"niveau_potentiel":"Très élevé 🌟","pente_degres":16.6,"type_affleurement":"Affleurement Moyen (Escarpement) 🟠","score_relieffiltered":79.2},"geometry":{"type":"Polygon","coordinates":[[[3.3773,43.6588],[3.3771,43.659],[3.3768,43.659],[3.3765,43.6591],[3.3759,43.6591],[3.3756,43.6591],[3.3753,43.6592],[3.3751,43.6592],[3.3751,43.6593],[3.3752,43.6594],[3.3754,43.6596],[3.3761,43.6599],[3.3764,43.66],[3.3767,43.66],[3.3772,43.6596],[3.3774,43.6594],[3.3775,43.6592],[3.3774,43.6589],[3.3773,43.6588]]]}},{"type":"Feature","properties":{"MI_PRINX":3663580.0,"CARTE":264,"CODE":50,"CODE_LEG":50,"NOTATION":"Fy","DESCR":"Blocs, galets et graviers de calcaires siliceux, de grès, de quartz, de lydiennes, de porphyrites et de débris basaltiques (Terrasses glaciaires Würm)","C_FOND":10,"M_FOND":0,"J_FOND":10,"N_FOND":0,"NOM_SYMB":null,"C_SYMB":-1,"M_SYMB":-1,"J_SYMB":-1,"N_SYMB":-1,"ROT_SYMB":0,"score_potentiel":70,"niveau_potentiel":"Très élevé 🌟","pente_degres":14.9,"type_affleurement":"Affleurement Moyen (Escarpement) 🟠","score_relieffiltered":76.9},"geometry":{"type":"Polygon","coordinates":[[[3.3733,43.6592],[3.373,43.6592],[3.3728,43.6592],[3.3727,43.6593],[3.3727,43.6595],[3.373,43.6598],[3.3734,43.6599],[3.3738,43.6599],[3.3742,43.6598],[3.3743,43.6596],[3.3741,43.6594],[3.3738,43.6593],[3.3733,43.6592]]]}},{"type":"Feature","properties":{"MI_PRINX":3674714.0,"CARTE":264,"CODE":1014,"CODE_LEG":206,"NOTATION":"c6SC","DESCR":"Formations calcaires de Cruzy (Maastrichtien)","C_FOND":10,"M_FOND":0,"J_FOND":50,"N_FOND":0,"NOM_SYMB":"S01_002","C_SYMB":100,"M_SYMB":100,"J_SYMB":0,"N_SYMB":0,"ROT_SYMB":90,"score_potentiel":85,"niveau_potentiel":"Très élevé 🌟","pente_degres":14.9,"type_affleurement":"Affleurement Moyen (Escarpement) 🟠","score_relieffiltered":93.3},"geometry":{"type":"Polygon","coordinates":[[[3.0669,43.4567],[3.0671,43.4568],[3.0675,43.4568],[3.0675,43.4567],[3.0675,43.4566],[3.0673,43.4565],[3.0672,43.4565],[3.067,43.4566],[3.0669,43.4567]]]}},{"type":"Feature","properties":{"MI_PRINX":3674726.0,"CARTE":264,"CODE":1014,"CODE_LEG":206,"NOTATION":"c6SC","DESCR":"Formations calcaires de Cruzy (Maastrichtien)","C_FOND":10,"M_FOND":0,"J_FOND":50,"N_FOND":0,"NOM_SYMB":"S01_002","C_SYMB":100,"M_SYMB":100,"J_SYMB":0,"N_SYMB":0,"ROT_SYMB":90,"score_potentiel":85,"niveau_potentiel":"Très élevé 🌟","pente_degres":16.1,"type_affleurement":"Affleurement Moyen (Escarpement) 🟠","score_relieffiltered":95.4},"geometry":{"type":"Polygon","coordinates":[[[3.0659,43.456],[3.066,43.4561],[3.0662,43.4564],[3.0664,43.4565],[3.0664,43.4564],[3.0665,43.4562],[3.0664,43.4561],[3.0662,43.456],[3.0659,43.456]]]}},{"type":"Feature","properties":{"MI_PRINX":3658744.0,"CARTE":264,"CODE":50,"CODE_LEG":50,"NOTATION":"Fy","DESCR":"Blocs, galets et graviers de calcaires siliceux, de grès, de quartz, de lydiennes, de porphyrites et de débris basaltiques (Terrasses glaciaires Würm)","C_FOND":10,"M_FOND":0,"J_FOND":10,"N_FOND":0,"NOM_SYMB":null,"C_SYMB":-1,"M_SYMB":-1,"J_SYMB":-1,"N_SYMB":-1,"ROT_SYMB":0,"score_potentiel":70,"niveau_potentiel":"Très élevé 🌟","pente_degres":18.9,"type_affleurement":"Affleurement Moyen (Escarpement) 🟠","score_relieffiltered":82.5},"geometry":{"type":"Polygon","coordinates":[[[3.7107,43.9446],[3.7105,43.9439],[3.7103,43.9431],[3.7103,43.9427],[3.7102,43.9424],[3.7101,43.942],[3.7102,43.9417],[3.7101,43.9408],[3.71,43.9405],[3.7099,43.9404],[3.7095,43.9399],[3.709,43.9393],[3.7084,43.9386],[3.7081,43.9381],[3.7081,43.9375],[3.7077,43.9379],[3.7074,43.9387],[3.7074,43.9394],[3.7075,43.9402],[3.7079,43.9413],[3.7085,43.9418],[3.709,43.9425],[3.7097,43.9433],[3.7102,43.944],[3.7107,43.9446]]]}},{"type":"Feature","properties":{"MI_PRINX":3658736.0,"CARTE":264,"CODE":50,"CODE_LEG":50,"NOTATION":"Fy","DESCR":"Blocs, galets et graviers de calcaires siliceux, de grès, de quartz, de lydiennes, de porphyrites et de débris basaltiques (Terrasses glaciaires Würm)","C_FOND":10,"M_FOND":0,"J_FOND":10,"N_FOND":0,"NOM_SYMB":null,"C_SYMB":-1,"M_SYMB":-1,"J_SYMB":-1,"N_SYMB":-1,"ROT_SYMB":0,"score_potentiel":70,"niveau_potentiel":"Très élevé 🌟","pente_degres":19.5,"type_affleurement":"Affleurement Moyen (Escarpement) 🟠","score_relieffiltered":83.3},"geometry":{"type":"Polygon","coordinates":[[[3.7129,43.9437],[3.7127,43.9435],[3.7125,43.9427],[3.7124,43.9419],[3.7125,43.9405],[3.7126,43.9401],[3.7129,43.9398],[3.7134,43.9396],[3.714,43.9395],[3.7141,43.9393],[3.7142,43.9389],[3.7139,43.9384],[3.7136,43.938],[3.7136,43.9376],[3.7136,43.9371],[3.7137,43.9368],[3.7142,43.9366],[3.7144,43.9364],[3.7145,43.9361],[3.7141,43.9364],[3.7134,43.9366],[3.7127,43.9368],[3.7121,43.9369],[3.7115,43.9369],[3.7111,43.9369],[3.7107,43.9371],[3.7102,43.9373],[3.7098,43.9378],[3.7097,43.9383],[3.7097,43.9386],[3.7099,43.9391],[3.7101,43.9395],[3.7105,43.9398],[3.7109,43.94],[3.7111,43.9402],[3.7113,43.9405],[3.7114,43.9407],[3.7114,43.9408],[3.7112,43.9413],[3.7109,43.9419],[3.7109,43.9423],[3.7111,43.9427],[3.7114,43.9442],[3.7118,43.9451],[3.7121,43.9445],[3.7125,43.944],[3.7129,43.9437]]]}},{"type":"Feature","properties":{"MI_PRINX":3658778.0,"CARTE":264,"CODE":50,"CODE_LEG":50,"NOTATION":"Fy","DESCR":"Blocs, galets et graviers de calcaires siliceux, de grès, de quartz, de lydiennes, de porphyrites et de débris basaltiques (Terrasses glaciaires Würm)","C_FOND":10,"M_FOND":0,"J_FOND":10,"N_FOND":0,"NOM_SYMB":null,"C_SYMB":-1,"M_SYMB":-1,"J_SYMB":-1,"N_SYMB":-1,"ROT_SYMB":0,"score_potentiel":70,"niveau_potentiel":"Très élevé 🌟","pente_degres":31.6,"type_affleurement":"Affleurement Fort (Falaise / Ravine) 🔴","score_relieffiltered":100.0},"geometry":{"type":"Polygon","coordinates":[[[3.7037,43.9306],[3.7038,43.9311],[3.7039,43.9314],[3.7041,43.9312],[3.7046,43.9307],[3.705,43.9302],[3.7052,43.93],[3.7057,43.9297],[3.7063,43.9296],[3.7067,43.9295],[3.7071,43.9296],[3.7075,43.9297],[3.7079,43.9299],[3.708,43.9302],[3.7082,43.9306],[3.7084,43.9309],[3.7089,43.9312],[3.7092,43.9315],[3.7096,43.9321],[3.7098,43.9325],[3.71,43.9326],[3.7105,43.9328],[3.7111,43.933],[3.7113,43.9331],[3.7116,43.9333],[3.7119,43.9336],[3.712,43.9341],[3.7121,43.9349],[3.7121,43.9357],[3.712,43.9362],[3.7122,43.9361],[3.7129,43.9359],[3.7133,43.9356],[3.7136,43.9354],[3.7137,43.9347],[3.7137,43.9343],[3.7137,43.934],[3.7135,43.9337],[3.7133,43.9333],[3.713,43.933],[3.7124,43.9326],[3.7119,43.932],[3.7112,43.9317],[3.7105,43.9313],[3.71,43.9311],[3.7096,43.9309],[3.7089,43.9303],[3.7083,43.9297],[3.7082,43.9294],[3.7081,43.9291],[3.7079,43.9288],[3.7078,43.9284],[3.7078,43.928],[3.7075,43.9279],[3.7072,43.9279],[3.7067,43.9281],[3.7062,43.9283],[3.7055,43.9288],[3.7049,43.9294],[3.7047,43.9297],[3.7045,43.9299],[3.7041,43.9303],[3.7037,43.9306]]]}},{"type":"Feature","properties":{"MI_PRINX":3658793.0,"CARTE":264,"CODE":50,"CODE_LEG":50,"NOTATION":"Fy","DESCR":"Blocs, galets et graviers de calcaires siliceux, de grès, de quartz, de lydiennes, de porphyrites et de débris basaltiques (Terrasses glaciaires Würm)","C_FOND":10,"M_FOND":0,"J_FOND":10,"N_FOND":0,"NOM_SYMB":null,"C_SYMB":-1,"M_SYMB":-1,"J_SYMB":-1,"N_SYMB":-1,"ROT_SYMB":0,"score_potentiel":70,"niveau_potentiel":"Très élevé 🌟","pente_degres":18.6,"type_affleurement":"Affleurement Moyen (Escarpement) 🟠","score_relieffiltered":82.0},"geometry":{"type":"Polygon","coordinates":[[[3.6999,43.9326],[3.6998,43.9328],[3.6996,43.9333],[3.6992,43.9337],[3.6998,43.9336],[3.7001,43.9335],[3.7005,43.9332],[3.7008,43.933],[3.7013,43.9327],[3.7016,43.9326],[3.7019,43.9321],[3.7022,43.9315],[3.7024,43.9312],[3.7021,43.9313],[3.7015,43.9315],[3.7009,43.9318],[3.7005,43.932],[3.7002,43.9323],[3.7001,43.9325],[3.6999,43.9326]]]}},{"type":"Feature","properties":{"MI_PRINX":3658796.0,"CARTE":264,"CODE":50,"CODE_LEG":50,"NOTATION":"Fy","DESCR":"Blocs, galets et graviers de calcaires siliceux, de grès, de quartz, de lydiennes, de porphyrites et de débris basaltiques (Terrasses glaciaires Würm)","C_FOND":10,"M_FOND":0,"J_FOND":10,"N_FOND":0,"NOM_SYMB":null,"C_SYMB":-1,"M_SYMB":-1,"J_SYMB":-1,"N_SYMB":-1,"ROT_SYMB":0,"score_potentiel":70,"niveau_potentiel":"Très élevé 🌟","pente_degres":20.8,"type_affleurement":"Affleurement Moyen (Escarpement) 🟠","score_relieffiltered":85.1},"geometry":{"type":"Polygon","coordinates":[[[3.7167,43.9321],[3.7165,43.9322],[3.7162,43.9321],[3.716,43.9319],[3.7159,43.9316],[3.7159,43.9313],[3.7162,43.9309],[3.7168,43.9305],[3.7181,43.9302],[3.7188,43.9299],[3.7195,43.9295],[3.7203,43.929],[3.7206,43.9287],[3.7209,43.9282],[3.721,43.9277],[3.7211,43.9273],[3.7212,43.9271],[3.7214,43.9269],[3.7218,43.9269],[3.7225,43.9269],[3.7231,43.9267],[3.7235,43.9266],[3.7244,43.9266],[3.7251,43.9268],[3.7255,43.9268],[3.7259,43.9266],[3.7264,43.9262],[3.7269,43.926],[3.7276,43.9259],[3.7284,43.926],[3.7293,43.9262],[3.7301,43.9265],[3.7306,43.9267],[3.7308,43.9266],[3.7309,43.9265],[3.7309,43.9259],[3.731,43.9256],[3.7314,43.9255],[3.7316,43.9253],[3.7316,43.9251],[3.7316,43.9248],[3.7314,43.9246],[3.7311,43.9245],[3.7307,43.9244],[3.7302,43.9244],[3.7296,43.924],[3.7304,43.9239],[3.7303,43.9239],[3.7279,43.9229],[3.7274,43.9227],[3.7252,43.9218],[3.7249,43.922],[3.7244,43.9221],[3.7237,43.9222],[3.7232,43.9223],[3.723,43.9225],[3.723,43.9229],[3.7228,43.9234],[3.7226,43.9235],[3.7223,43.9237],[3.7215,43.9241],[3.721,43.9243],[3.7205,43.9244],[3.7183,43.9249],[3.7172,43.9251],[3.7162,43.9253],[3.7155,43.9253],[3.7148,43.9253],[3.7143,43.9254],[3.7134,43.9255],[3.7128,43.9256],[3.7123,43.926],[3.7116,43.9263],[3.71,43.9271],[3.7094,43.9275],[3.7091,43.9282],[3.7089,43.9285],[3.7089,43.929],[3.709,43.9293],[3.7096,43.9298],[3.7105,43.9302],[3.7115,43.9306],[3.7122,43.9311],[3.7129,43.9316],[3.7129,43.9317],[3.7135,43.9319],[3.7137,43.9321],[3.7142,43.932],[3.7145,43.932],[3.7148,43.9321],[3.7154,43.9324],[3.7159,43.9328],[3.7163,43.9331],[3.7165,43.9331],[3.7168,43.9331],[3.7168,43.9326],[3.7167,43.9323],[3.7167,43.9321]],[[3.7237,43.9225],[3.7238,43.9226],[3.7241,43.9229],[3.7245,43.9232],[3.7251,43.9234],[3.7262,43.9235],[3.7271,43.9237],[3.7256,43.9237],[3.7246,43.9238],[3.7242,43.9236],[3.7237,43.9234],[3.7235,43.9231],[3.7236,43.9228],[3.7237,43.9225]]]}},{"type":"Feature","properties":{"MI_PRINX":3658815.0,"CARTE":264,"CODE":50,"CODE_LEG":50,"NOTATION":"Fy","DESCR":"Blocs, galets et graviers de calcaires siliceux, de grès, de quartz, de lydiennes, de porphyrites et de débris basaltiques (Terrasses glaciaires Würm)","C_FOND":10,"M_FOND":0,"J_FOND":10,"N_FOND":0,"NOM_SYMB":null,"C_SYMB":-1,"M_SYMB":-1,"J_SYMB":-1,"N_SYMB":-1,"ROT_SYMB":0,"score_potentiel":70,"niveau_potentiel":"Très élevé 🌟","pente_degres":19.0,"type_affleurement":"Affleurement Moyen (Escarpement) 🟠","score_relieffiltered":82.6},"geometry":{"type":"Polygon","coordinates":[[[3.7042,43.9285],[3.7045,43.9281],[3.7056,43.9276],[3.7065,43.9271],[3.7074,43.9266],[3.7084,43.9262],[3.7092,43.9257],[3.7098,43.9254],[3.7107,43.9251],[3.7118,43.925],[3.7133,43.9247],[3.7153,43.9243],[3.7173,43.9239],[3.7186,43.9236],[3.7201,43.9232],[3.7209,43.923],[3.7212,43.9229],[3.7215,43.9226],[3.7217,43.9223],[3.7219,43.9219],[3.7222,43.9213],[3.7226,43.9212],[3.7219,43.921],[3.7199,43.9206],[3.7187,43.9203],[3.7176,43.92],[3.7156,43.9192],[3.7153,43.9191],[3.7146,43.919],[3.7137,43.9188],[3.7128,43.9186],[3.7119,43.9184],[3.7109,43.9182],[3.71,43.9179],[3.7092,43.9176],[3.7084,43.9174],[3.7077,43.9171],[3.7081,43.9177],[3.7085,43.9184],[3.7086,43.9188],[3.7087,43.9192],[3.7086,43.9196],[3.7084,43.92],[3.7081,43.9204],[3.7079,43.921],[3.7078,43.9216],[3.7079,43.9226],[3.7078,43.9233],[3.7076,43.9235],[3.7073,43.924],[3.7068,43.9244],[3.7058,43.925],[3.7051,43.9256],[3.7047,43.9263],[3.7045,43.927],[3.7045,43.9274],[3.7043,43.9278],[3.7042,43.9285]]]}},{"type":"Feature","properties":{"MI_PRINX":3668972.0,"CARTE":264,"CODE":3316,"CODE_LEG":424,"NOTATION":"h1MF","DESCR":"Calcaires et lydiennes à nodules phosphatés du Pic de Vissou et de la Serre - Nappes des Monts de Faugères (Tournaisien)","C_FOND":20,"M_FOND":40,"J_FOND":70,"N_FOND":0,"NOM_SYMB":null,"C_SYMB":-1,"M_SYMB":-1,"J_SYMB":-1,"N_SYMB":-1,"ROT_SYMB":0,"score_potentiel":70,"niveau_potentiel":"Très élevé 🌟","pente_degres":33.2,"type_affleurement":"Affleurement Fort (Falaise / Ravine) 🔴","score_relieffiltered":100.0},"geometry":{"type":"Polygon","coordinates":[[[3.3071,43.584],[3.3072,43.5845],[3.308,43.5845],[3.309,43.5845],[3.3094,43.5845],[3.3103,43.5844],[3.3113,43.5843],[3.312,43.5844],[3.3125,43.5845],[3.3134,43.5845],[3.3136,43.5844],[3.3149,43.5842],[3.3163,43.584],[3.317,43.584],[3.3177,43.5841],[3.3183,43.584],[3.319,43.5832],[3.3192,43.5828],[3.3192,43.5827],[3.3192,43.5826],[3.3197,43.5821],[3.3202,43.5815],[3.3203,43.5809],[3.3205,43.5805],[3.3209,43.5803],[3.3215,43.5803],[3.3216,43.5803],[3.3218,43.5803],[3.3223,43.5803],[3.3231,43.5801],[3.3239,43.5797],[3.324,43.5797],[3.324,43.5796],[3.324,43.5795],[3.3237,43.5795],[3.3229,43.5797],[3.3224,43.5798],[3.3216,43.5799],[3.3215,43.5799],[3.3208,43.5801],[3.3206,43.5801],[3.3205,43.5801],[3.3197,43.5806],[3.3193,43.5811],[3.3192,43.5814],[3.3192,43.5815],[3.3191,43.5818],[3.3189,43.5822],[3.3187,43.5827],[3.3185,43.583],[3.3179,43.5834],[3.3168,43.5837],[3.3167,43.5837],[3.3163,43.5837],[3.3161,43.5837],[3.3152,43.5839],[3.3137,43.5841],[3.3131,43.5842],[3.3127,43.5842],[3.312,43.5841],[3.3115,43.584],[3.3107,43.584],[3.3101,43.5841],[3.3092,43.5842],[3.3084,43.5841],[3.3071,43.584]]]}},{"type":"Feature","properties":{"MI_PRINX":3669084.0,"CARTE":264,"CODE":50,"CODE_LEG":50,"NOTATION":"Fy","DESCR":"Blocs, galets et graviers de calcaires siliceux, de grès, de quartz, de lydiennes, de porphyrites et de débris basaltiques (Terrasses glaciaires Würm)","C_FOND":10,"M_FOND":0,"J_FOND":10,"N_FOND":0,"NOM_SYMB":null,"C_SYMB":-1,"M_SYMB":-1,"J_SYMB":-1,"N_SYMB":-1,"ROT_SYMB":0,"score_potentiel":70,"niveau_potentiel":"Très élevé 🌟","pente_degres":32.8,"type_affleurement":"Affleurement Fort (Falaise / Ravine) 🔴","score_relieffiltered":100.0},"geometry":{"type":"Polygon","coordinates":[[[3.0836,43.5846],[3.0843,43.5848],[3.0847,43.5847],[3.0857,43.5845],[3.0864,43.5844],[3.0871,43.5842],[3.0878,43.5841],[3.0887,43.5839],[3.0896,43.5838],[3.0896,43.5839],[3.0906,43.5839],[3.0908,43.5839],[3.0912,43.5839],[3.0919,43.5839],[3.0924,43.5838],[3.0931,43.5838],[3.0937,43.5837],[3.0944,43.5835],[3.0948,43.5834],[3.0956,43.5832],[3.0965,43.583],[3.0968,43.5829],[3.0975,43.583],[3.098,43.583],[3.0989,43.583],[3.0995,43.5829],[3.1006,43.5826],[3.1009,43.5826],[3.1021,43.5826],[3.1029,43.5827],[3.103,43.5827],[3.1038,43.5827],[3.1047,43.5829],[3.1048,43.5829],[3.1053,43.583],[3.1059,43.5835],[3.1068,43.5843],[3.1075,43.5845],[3.1076,43.5845],[3.1092,43.5849],[3.1093,43.5849],[3.1103,43.585],[3.111,43.585],[3.1123,43.5847],[3.1127,43.5847],[3.1133,43.5847],[3.1135,43.5847],[3.1137,43.5842],[3.1143,43.5837],[3.1153,43.5833],[3.1162,43.5831],[3.1162,43.583],[3.1154,43.5827],[3.1153,43.5826],[3.1155,43.5823],[3.1155,43.5821],[3.1155,43.5816],[3.1154,43.5813],[3.1151,43.5811],[3.1148,43.5814],[3.1144,43.5822],[3.1135,43.582],[3.1129,43.5819],[3.1129,43.5825],[3.1129,43.583],[3.1127,43.5832],[3.1126,43.583],[3.1123,43.5827],[3.1123,43.5824],[3.1123,43.5822],[3.1123,43.5818],[3.1123,43.5817],[3.1126,43.5811],[3.1126,43.581],[3.1127,43.5809],[3.1121,43.5805],[3.1117,43.58],[3.1117,43.5793],[3.1119,43.5789],[3.1119,43.5787],[3.112,43.5781],[3.1122,43.5774],[3.112,43.5773],[3.1109,43.5778],[3.1105,43.5778],[3.1104,43.5778],[3.1097,43.5778],[3.1091,43.578],[3.1084,43.5788],[3.1083,43.5789],[3.1083,43.5789],[3.1076,43.5795],[3.1077,43.5796],[3.1076,43.5798],[3.1066,43.5808],[3.1064,43.5812],[3.1064,43.5816],[3.1064,43.582],[3.1064,43.5821],[3.1063,43.5822],[3.106,43.5822],[3.1059,43.5821],[3.1058,43.5819],[3.1059,43.5816],[3.1059,43.581],[3.1059,43.5808],[3.1057,43.5804],[3.1057,43.5803],[3.1056,43.5801],[3.105,43.5801],[3.1045,43.58],[3.1037,43.5798],[3.1029,43.5795],[3.1025,43.5791],[3.1026,43.579],[3.1025,43.5788],[3.1024,43.5788],[3.1024,43.5787],[3.102,43.5782],[3.1017,43.5782],[3.1017,43.5786],[3.1016,43.5789],[3.1015,43.5795],[3.1012,43.58],[3.1006,43.5805],[3.0998,43.5808],[3.0986,43.5811],[3.0976,43.5812],[3.097,43.5812],[3.0966,43.5811],[3.0959,43.5809],[3.0953,43.5806],[3.0951,43.5808],[3.0952,43.581],[3.0951,43.5811],[3.095,43.5814],[3.0948,43.5815],[3.0948,43.5817],[3.0949,43.5818],[3.095,43.582],[3.0951,43.5822],[3.095,43.5825],[3.0946,43.5829],[3.0939,43.5832],[3.0933,43.5832],[3.0926,43.5831],[3.0924,43.5832],[3.0922,43.5832],[3.0919,43.5832],[3.0912,43.5832],[3.0907,43.5829],[3.0904,43.5825],[3.09,43.582],[3.0901,43.5819],[3.0905,43.5817],[3.0907,43.5815],[3.0903,43.5813],[3.0902,43.5813],[3.0899,43.5813],[3.0897,43.581],[3.0894,43.5807],[3.0892,43.5807],[3.0892,43.5809],[3.0891,43.5812],[3.0887,43.5814],[3.0885,43.5815],[3.0886,43.5816],[3.0885,43.5817],[3.0889,43.5818],[3.0895,43.5819],[3.0896,43.5821],[3.0895,43.5821],[3.0895,43.5821],[3.0893,43.5823],[3.0895,43.5826],[3.0893,43.5828],[3.0886,43.583],[3.0879,43.583],[3.0876,43.583],[3.0869,43.5829],[3.0861,43.5829],[3.0856,43.583],[3.085,43.5833],[3.0843,43.5841],[3.0836,43.5846]],[[3.1134,43.5828],[3.1136,43.5829],[3.1138,43.583],[3.1138,43.5831],[3.1135,43.5832],[3.1132,43.5831],[3.1131,43.5829],[3.1134,43.5828]],[[3.1147,43.5827],[3.1149,43.5828],[3.1147,43.583],[3.1144,43.5829],[3.1147,43.5827]],[[3.1104,43.5802],[3.1107,43.5805],[3.1108,43.5807],[3.1103,43.5817],[3.1102,43.5819],[3.1102,43.5823],[3.1102,43.5823],[3.1103,43.5824],[3.1101,43.5826],[3.1098,43.5823],[3.1097,43.5823],[3.1097,43.5821],[3.1098,43.5817],[3.1098,43.5816],[3.1103,43.5809],[3.1102,43.5806],[3.1102,43.5803],[3.1104,43.5802]]]}},{"type":"Feature","properties":{"MI_PRINX":3677693.0,"CARTE":264,"CODE":3315,"CODE_LEG":423,"NOTATION":"h1-2M©","DESCR":"Lydiennes à nodules phosphatés, calcaires noduleux et jaspes clairs du vallon Fontaine-de-Santé - Nappes du Minervois (Tournaisien - Viséen inférieur)","C_FOND":50,"M_FOND":75,"J_FOND":100,"N_FOND":0,"NOM_SYMB":null,"C_SYMB":-1,"M_SYMB":-1,"J_SYMB":-1,"N_SYMB":-1,"ROT_SYMB":0,"score_potentiel":70,"niveau_potentiel":"Très élevé 🌟","pente_degres":14.5,"type_affleurement":"Affleurement Moyen (Escarpement) 🟠","score_relieffiltered":76.3},"geometry":{"type":"Polygon","coordinates":[[[2.5526,43.339],[2.5525,43.339],[2.5525,43.3391],[2.5527,43.3393],[2.5528,43.3394],[2.5529,43.3393],[2.5529,43.3391],[2.5528,43.339],[2.5526,43.339]]]}},{"type":"Feature","properties":{"MI_PRINX":3677704.0,"CARTE":264,"CODE":3315,"CODE_LEG":423,"NOTATION":"h1-2M©","DESCR":"Lydiennes à nodules phosphatés, calcaires noduleux et jaspes clairs du vallon Fontaine-de-Santé - Nappes du Minervois (Tournaisien - Viséen inférieur)","C_FOND":50,"M_FOND":75,"J_FOND":100,"N_FOND":0,"NOM_SYMB":null,"C_SYMB":-1,"M_SYMB":-1,"J_SYMB":-1,"N_SYMB":-1,"ROT_SYMB":0,"score_potentiel":70,"niveau_potentiel":"Très élevé 🌟","pente_degres":20.2,"type_affleurement":"Affleurement Moyen (Escarpement) 🟠","score_relieffiltered":84.3},"geometry":{"type":"Polygon","coordinates":[[[2.5499,43.3374],[2.5501,43.3377],[2.5503,43.338],[2.5505,43.3383],[2.5506,43.3384],[2.5509,43.3386],[2.5511,43.3387],[2.5514,43.3388],[2.5518,43.3388],[2.5519,43.3388],[2.5518,43.3386],[2.5516,43.3385],[2.5515,43.3384],[2.5513,43.3384],[2.551,43.3383],[2.5508,43.3382],[2.5505,43.3378],[2.5501,43.3374],[2.5499,43.3374]]]}},{"type":"Feature","properties":{"MI_PRINX":3669217.0,"CARTE":264,"CODE":3316,"CODE_LEG":424,"NOTATION":"h1MF","DESCR":"Calcaires et lydiennes à nodules phosphatés du Pic de Vissou et de la Serre - Nappes des Monts de Faugères (Tournaisien)","C_FOND":20,"M_FOND":40,"J_FOND":70,"N_FOND":0,"NOM_SYMB":null,"C_SYMB":-1,"M_SYMB":-1,"J_SYMB":-1,"N_SYMB":-1,"ROT_SYMB":0,"score_potentiel":70,"niveau_potentiel":"Très élevé 🌟","pente_degres":17.0,"type_affleurement":"Affleurement Moyen (Escarpement) 🟠","score_relieffiltered":79.8},"geometry":{"type":"Polygon","coordinates":[[[3.3283,43.5818],[3.328,43.5815],[3.3277,43.5815],[3.3272,43.5815],[3.3271,43.5815],[3.3271,43.5815],[3.327,43.5816],[3.3273,43.5817],[3.3278,43.582],[3.3279,43.582],[3.3283,43.5818]]]}},{"type":"Feature","properties":{"MI_PRINX":3677688.0,"CARTE":264,"CODE":3315,"CODE_LEG":423,"NOTATION":"h1-2M©","DESCR":"Lydiennes à nodules phosphatés, calcaires noduleux et jaspes clairs du vallon Fontaine-de-Santé - Nappes du Minervois (Tournaisien - Viséen inférieur)","C_FOND":50,"M_FOND":75,"J_FOND":100,"N_FOND":0,"NOM_SYMB":null,"C_SYMB":-1,"M_SYMB":-1,"J_SYMB":-1,"N_SYMB":-1,"ROT_SYMB":0,"score_potentiel":70,"niveau_potentiel":"Très élevé 🌟","pente_degres":19.4,"type_affleurement":"Affleurement Moyen (Escarpement) 🟠","score_relieffiltered":83.2},"geometry":{"type":"Polygon","coordinates":[[[2.5517,43.339],[2.5517,43.3392],[2.5516,43.3392],[2.5512,43.3391],[2.5511,43.3391],[2.5511,43.3393],[2.5511,43.3394],[2.5509,43.3393],[2.5507,43.3393],[2.5505,43.3393],[2.5505,43.3394],[2.5506,43.3395],[2.5508,43.3396],[2.5512,43.3398],[2.5516,43.3399],[2.5514,43.3397],[2.5516,43.3395],[2.5519,43.3395],[2.5521,43.3395],[2.5524,43.3396],[2.5525,43.3394],[2.5523,43.3393],[2.5522,43.3392],[2.5517,43.339]]]}},{"type":"Feature","properties":{"MI_PRINX":3669381.0,"CARTE":264,"CODE":3312,"CODE_LEG":420,"NOTATION":"h2EC©","DESCR":"Calcaires noduleux et lydiennes vertes du Pic de Vissou - Ecailles de Cabrières (Viséen)","C_FOND":60,"M_FOND":40,"J_FOND":70,"N_FOND":0,"NOM_SYMB":null,"C_SYMB":-1,"M_SYMB":-1,"J_SYMB":-1,"N_SYMB":-1,"ROT_SYMB":0,"score_potentiel":70,"niveau_potentiel":"Très élevé 🌟","pente_degres":19.6,"type_affleurement":"Affleurement Moyen (Escarpement) 🟠","score_relieffiltered":83.4},"geometry":{"type":"Polygon","coordinates":[[[3.3828,43.5799],[3.3826,43.5797],[3.382,43.5797],[3.3816,43.5797],[3.3813,43.5797],[3.3815,43.5799],[3.3824,43.5799],[3.3828,43.5799]]]}},{"type":"Feature","properties":{"MI_PRINX":3669356.0,"CARTE":264,"CODE":3312,"CODE_LEG":420,"NOTATION":"h2EC©","DESCR":"Calcaires noduleux et lydiennes vertes du Pic de Vissou - Ecailles de Cabrières (Viséen)","C_FOND":60,"M_FOND":40,"J_FOND":70,"N_FOND":0,"NOM_SYMB":null,"C_SYMB":-1,"M_SYMB":-1,"J_SYMB":-1,"N_SYMB":-1,"ROT_SYMB":0,"score_potentiel":70,"niveau_potentiel":"Très élevé 🌟","pente_degres":32.4,"type_affleurement":"Affleurement Fort (Falaise / Ravine) 🔴","score_relieffiltered":100.0},"geometry":{"type":"Polygon","coordinates":[[[3.3851,43.5801],[3.386,43.5797],[3.3877,43.579],[3.3883,43.5787],[3.3894,43.5782],[3.3901,43.578],[3.3901,43.5777],[3.3893,43.5779],[3.388,43.5783],[3.3878,43.5785],[3.3871,43.5788],[3.3858,43.5794],[3.3848,43.5797],[3.3846,43.5797],[3.3845,43.5798],[3.3842,43.5797],[3.3839,43.5797],[3.3835,43.5798],[3.3829,43.5798],[3.3828,43.5799],[3.383,43.5802],[3.3839,43.5801],[3.3842,43.58],[3.3846,43.5799],[3.3851,43.5801]]]}},{"type":"Feature","properties":{"MI_PRINX":3669485.0,"CARTE":264,"CODE":3316,"CODE_LEG":424,"NOTATION":"h1MF","DESCR":"Calcaires et lydiennes à nodules phosphatés du Pic de Vissou et de la Serre - Nappes des Monts de Faugères (Tournaisien)","C_FOND":20,"M_FOND":40,"J_FOND":70,"N_FOND":0,"NOM_SYMB":null,"C_SYMB":-1,"M_SYMB":-1,"J_SYMB":-1,"N_SYMB":-1,"ROT_SYMB":0,"score_potentiel":70,"niveau_potentiel":"Très élevé 🌟","pente_degres":20.4,"type_affleurement":"Affleurement Moyen (Escarpement) 🟠","score_relieffiltered":84.6},"geometry":{"type":"Polygon","coordinates":[[[3.3442,43.5785],[3.3439,43.5784],[3.3433,43.5784],[3.3429,43.5784],[3.3428,43.5784],[3.3427,43.5784],[3.3422,43.5783],[3.3419,43.578],[3.3416,43.5771],[3.3413,43.5768],[3.3409,43.5772],[3.341,43.5773],[3.3412,43.5777],[3.3412,43.578],[3.3404,43.5786],[3.3405,43.5787],[3.3408,43.5789],[3.3411,43.5789],[3.3412,43.5789],[3.3416,43.5788],[3.3426,43.5788],[3.3431,43.5788],[3.3432,43.5788],[3.3434,43.5788],[3.3437,43.5787],[3.3439,43.5788],[3.3442,43.5785]]]}},{"type":"Feature","properties":{"MI_PRINX":3669535.0,"CARTE":264,"CODE":50,"CODE_LEG":50,"NOTATION":"Fy","DESCR":"Blocs, galets et graviers de calcaires siliceux, de grès, de quartz, de lydiennes, de porphyrites et de débris basaltiques (Terrasses glaciaires Würm)","C_FOND":10,"M_FOND":0,"J_FOND":10,"N_FOND":0,"NOM_SYMB":null,"C_SYMB":-1,"M_SYMB":-1,"J_SYMB":-1,"N_SYMB":-1,"ROT_SYMB":0,"score_potentiel":70,"niveau_potentiel":"Très élevé 🌟","pente_degres":19.0,"type_affleurement":"Affleurement Moyen (Escarpement) 🟠","score_relieffiltered":82.6},"geometry":{"type":"Polygon","coordinates":[[[3.0558,43.5801],[3.0561,43.5796],[3.0562,43.5791],[3.0562,43.5786],[3.0564,43.5784],[3.0561,43.5783],[3.056,43.5783],[3.0559,43.5783],[3.0553,43.5782],[3.0552,43.5782],[3.0544,43.578],[3.053,43.5776],[3.0527,43.5775],[3.0514,43.5767],[3.0509,43.5767],[3.0505,43.5768],[3.0501,43.5771],[3.0496,43.5777],[3.0497,43.5779],[3.0498,43.578],[3.05,43.578],[3.0509,43.5778],[3.0516,43.5779],[3.0524,43.5783],[3.0532,43.579],[3.0537,43.5796],[3.0542,43.5803],[3.0543,43.5804],[3.0551,43.5803],[3.0554,43.5803],[3.0557,43.5802],[3.0558,43.5801]]]}},{"type":"Feature","properties":{"MI_PRINX":3677680.0,"CARTE":264,"CODE":3315,"CODE_LEG":423,"NOTATION":"h1-2M©","DESCR":"Lydiennes à nodules phosphatés, calcaires noduleux et jaspes clairs du vallon Fontaine-de-Santé - Nappes du Minervois (Tournaisien - Viséen inférieur)","C_FOND":50,"M_FOND":75,"J_FOND":100,"N_FOND":0,"NOM_SYMB":null,"C_SYMB":-1,"M_SYMB":-1,"J_SYMB":-1,"N_SYMB":-1,"ROT_SYMB":0,"score_potentiel":70,"niveau_potentiel":"Très élevé 🌟","pente_degres":18.0,"type_affleurement":"Affleurement Moyen (Escarpement) 🟠","score_relieffiltered":81.2},"geometry":{"type":"Polygon","coordinates":[[[2.5516,43.3399],[2.5516,43.34],[2.5519,43.3404],[2.5522,43.3405],[2.5527,43.3404],[2.5526,43.3404],[2.5524,43.3402],[2.5519,43.34],[2.5516,43.3399],[2.5516,43.3399]]]}},{"type":"Feature","properties":{"MI_PRINX":3667643.0,"CARTE":264,"CODE":50,"CODE_LEG":50,"NOTATION":"Fy","DESCR":"Blocs, galets et graviers de calcaires siliceux, de grès, de quartz, de lydiennes, de porphyrites et de débris basaltiques (Terrasses glaciaires Würm)","C_FOND":10,"M_FOND":0,"J_FOND":10,"N_FOND":0,"NOM_SYMB":null,"C_SYMB":-1,"M_SYMB":-1,"J_SYMB":-1,"N_SYMB":-1,"ROT_SYMB":0,"score_potentiel":70,"niveau_potentiel":"Très élevé 🌟","pente_degres":17.4,"type_affleurement":"Affleurement Moyen (Escarpement) 🟠","score_relieffiltered":80.4},"geometry":{"type":"Polygon","coordinates":[[[3.1244,43.5995],[3.1269,43.5977],[3.1276,43.5973],[3.1282,43.5971],[3.1289,43.5971],[3.1298,43.5971],[3.1305,43.5972],[3.1307,43.5972],[3.1318,43.5974],[3.132,43.5974],[3.1317,43.597],[3.1309,43.596],[3.1296,43.5943],[3.129,43.5939],[3.1287,43.5937],[3.1278,43.5934],[3.1276,43.5933],[3.1272,43.5933],[3.1271,43.5933],[3.1266,43.5935],[3.1262,43.594],[3.1258,43.595],[3.1255,43.5958],[3.1245,43.5971],[3.1243,43.5978],[3.1243,43.5992],[3.1244,43.5995]]]}},{"type":"Feature","properties":{"MI_PRINX":3667650.0,"CARTE":264,"CODE":3312,"CODE_LEG":420,"NOTATION":"h2EC©","DESCR":"Calcaires noduleux et lydiennes vertes du Pic de Vissou - Ecailles de Cabrières (Viséen)","C_FOND":60,"M_FOND":40,"J_FOND":70,"N_FOND":0,"NOM_SYMB":null,"C_SYMB":-1,"M_SYMB":-1,"J_SYMB":-1,"N_SYMB":-1,"ROT_SYMB":0,"score_potentiel":70,"niveau_potentiel":"Très élevé 🌟","pente_degres":20.5,"type_affleurement":"Affleurement Moyen (Escarpement) 🟠","score_relieffiltered":84.7},"geometry":{"type":"Polygon","coordinates":[[[3.3329,43.597],[3.3336,43.5965],[3.3349,43.5957],[3.3352,43.5955],[3.3358,43.5951],[3.3354,43.5949],[3.3353,43.5948],[3.3352,43.595],[3.335,43.5951],[3.3348,43.5949],[3.3346,43.5942],[3.3347,43.5939],[3.3347,43.5938],[3.3349,43.5937],[3.335,43.5937],[3.335,43.5938],[3.335,43.594],[3.3351,43.5943],[3.3352,43.5944],[3.3353,43.5944],[3.3355,43.594],[3.3355,43.5938],[3.3357,43.5935],[3.3357,43.5934],[3.336,43.5929],[3.3355,43.5927],[3.3341,43.594],[3.3328,43.5953],[3.3325,43.5953],[3.3321,43.5959],[3.3319,43.5964],[3.3319,43.5966],[3.3318,43.5972],[3.3315,43.5976],[3.3316,43.5977],[3.3329,43.597]]]}},{"type":"Feature","properties":{"MI_PRINX":3668135.0,"CARTE":264,"CODE":3316,"CODE_LEG":424,"NOTATION":"h1MF","DESCR":"Calcaires et lydiennes à nodules phosphatés du Pic de Vissou et de la Serre - Nappes des Monts de Faugères (Tournaisien)","C_FOND":20,"M_FOND":40,"J_FOND":70,"N_FOND":0,"NOM_SYMB":null,"C_SYMB":-1,"M_SYMB":-1,"J_SYMB":-1,"N_SYMB":-1,"ROT_SYMB":0,"score_potentiel":70,"niveau_potentiel":"Très élevé 🌟","pente_degres":33.4,"type_affleurement":"Affleurement Fort (Falaise / Ravine) 🔴","score_relieffiltered":100.0},"geometry":{"type":"Polygon","coordinates":[[[3.2073,43.5929],[3.2069,43.5927],[3.2061,43.5925],[3.2055,43.5924],[3.2052,43.5924],[3.2055,43.592],[3.2055,43.5919],[3.205,43.592],[3.2033,43.5922],[3.2022,43.5923],[3.2018,43.5923],[3.201,43.5924],[3.1986,43.5924],[3.1979,43.5924],[3.1976,43.5924],[3.197,43.5923],[3.1957,43.592],[3.1948,43.5919],[3.1944,43.5919],[3.1934,43.5917],[3.1918,43.5914],[3.1916,43.5914],[3.1913,43.5914],[3.1909,43.5913],[3.1905,43.5913],[3.1894,43.5913],[3.1892,43.5913],[3.1887,43.5911],[3.1884,43.591],[3.1878,43.5908],[3.1853,43.5908],[3.185,43.5908],[3.184,43.5907],[3.1834,43.5907],[3.1833,43.5906],[3.1833,43.5906],[3.1823,43.5906],[3.1811,43.5908],[3.1807,43.5909],[3.1806,43.5909],[3.1792,43.5911],[3.178,43.5912],[3.1772,43.591],[3.1762,43.591],[3.1753,43.5912],[3.1744,43.5913],[3.1742,43.5914],[3.1746,43.5915],[3.1774,43.5918],[3.1779,43.5919],[3.1787,43.5918],[3.1789,43.5918],[3.1803,43.5915],[3.1811,43.5914],[3.1813,43.5914],[3.1819,43.5914],[3.1825,43.5913],[3.1837,43.5913],[3.1856,43.5916],[3.1859,43.5916],[3.187,43.5916],[3.1877,43.5915],[3.1883,43.5915],[3.1898,43.5919],[3.1909,43.5922],[3.1915,43.5923],[3.1926,43.5922],[3.1932,43.5921],[3.1939,43.5922],[3.1945,43.5924],[3.1956,43.5927],[3.1967,43.5929],[3.1971,43.5929],[3.1978,43.5929],[3.2015,43.5929],[3.2022,43.5928],[3.2035,43.5928],[3.2037,43.5926],[3.2042,43.5925],[3.2052,43.5924],[3.205,43.5928],[3.205,43.5931],[3.2055,43.5932],[3.2056,43.5932],[3.2057,43.5932],[3.2066,43.5934],[3.2067,43.5935],[3.2073,43.5929]]]}},{"type":"Feature","properties":{"MI_PRINX":3668141.0,"CARTE":264,"CODE":50,"CODE_LEG":50,"NOTATION":"Fy","DESCR":"Blocs, galets et graviers de calcaires siliceux, de grès, de quartz, de lydiennes, de porphyrites et de débris basaltiques (Terrasses glaciaires Würm)","C_FOND":10,"M_FOND":0,"J_FOND":10,"N_FOND":0,"NOM_SYMB":null,"C_SYMB":-1,"M_SYMB":-1,"J_SYMB":-1,"N_SYMB":-1,"ROT_SYMB":0,"score_potentiel":70,"niveau_potentiel":"Très élevé 🌟","pente_degres":32.0,"type_affleurement":"Affleurement Fort (Falaise / Ravine) 🔴","score_relieffiltered":100.0},"geometry":{"type":"Polygon","coordinates":[[[3.1027,43.5937],[3.1029,43.5938],[3.1042,43.5941],[3.105,43.5942],[3.1058,43.5942],[3.1069,43.594],[3.108,43.5939],[3.1085,43.5938],[3.1084,43.5937],[3.1084,43.5933],[3.1086,43.5922],[3.1084,43.592],[3.1081,43.592],[3.1074,43.5924],[3.1068,43.5927],[3.1064,43.5927],[3.1048,43.5923],[3.1029,43.5919],[3.1029,43.592],[3.1024,43.592],[3.1021,43.5918],[3.1017,43.5917],[3.1014,43.5915],[3.1014,43.591],[3.1011,43.5905],[3.1002,43.5901],[3.1002,43.5901],[3.1001,43.5901],[3.0991,43.5901],[3.0986,43.5901],[3.0984,43.5902],[3.0982,43.5904],[3.0982,43.5908],[3.0986,43.5912],[3.0989,43.5914],[3.1002,43.5917],[3.1008,43.5921],[3.1011,43.5924],[3.1019,43.5929],[3.1027,43.5937]],[[3.1042,43.5927],[3.1046,43.5927],[3.1057,43.5929],[3.1061,43.5929],[3.1063,43.593],[3.1064,43.5931],[3.1062,43.5932],[3.1057,43.5931],[3.1047,43.5929],[3.1041,43.5928],[3.1042,43.5927]],[[3.1015,43.5921],[3.1023,43.5923],[3.1029,43.5924],[3.103,43.5924],[3.1031,43.5925],[3.103,43.5926],[3.1028,43.5926],[3.1026,43.5926],[3.1025,43.5926],[3.1018,43.5924],[3.1017,43.5924],[3.1017,43.5924],[3.1013,43.5922],[3.1015,43.5921]]]}},{"type":"Feature","properties":{"MI_PRINX":3668295.0,"CARTE":264,"CODE":3316,"CODE_LEG":424,"NOTATION":"h1MF","DESCR":"Calcaires et lydiennes à nodules phosphatés du Pic de Vissou et de la Serre - Nappes des Monts de Faugères (Tournaisien)","C_FOND":20,"M_FOND":40,"J_FOND":70,"N_FOND":0,"NOM_SYMB":null,"C_SYMB":-1,"M_SYMB":-1,"J_SYMB":-1,"N_SYMB":-1,"ROT_SYMB":0,"score_potentiel":70,"niveau_potentiel":"Très élevé 🌟","pente_degres":32.2,"type_affleurement":"Affleurement Fort (Falaise / Ravine) 🔴","score_relieffiltered":100.0},"geometry":{"type":"Polygon","coordinates":[[[3.1567,43.5903],[3.1553,43.5898],[3.1547,43.5897],[3.1542,43.5898],[3.1538,43.5899],[3.1536,43.5899],[3.1535,43.5901],[3.1536,43.5903],[3.1537,43.5906],[3.1544,43.5913],[3.1555,43.5922],[3.1558,43.5919],[3.1558,43.5919],[3.1546,43.5911],[3.1541,43.5906],[3.1539,43.5902],[3.1542,43.59],[3.1547,43.59],[3.1556,43.5902],[3.1566,43.5907],[3.1567,43.5903]]]}},{"type":"Feature","properties":{"MI_PRINX":3676535.0,"CARTE":264,"CODE":1014,"CODE_LEG":206,"NOTATION":"c6SC","DESCR":"Formations calcaires de Cruzy (Maastrichtien)","C_FOND":10,"M_FOND":0,"J_FOND":50,"N_FOND":0,"NOM_SYMB":"S01_002","C_SYMB":100,"M_SYMB":100,"J_SYMB":0,"N_SYMB":0,"ROT_SYMB":90,"score_potentiel":85,"niveau_potentiel":"Très élevé 🌟","pente_degres":20.8,"type_affleurement":"Affleurement Moyen (Escarpement) 🟠","score_relieffiltered":100.0},"geometry":{"type":"Polygon","coordinates":[[[2.9134,43.3859],[2.9131,43.3857],[2.9129,43.3856],[2.9127,43.3854],[2.9125,43.3852],[2.9123,43.385],[2.9121,43.3849],[2.9119,43.3847],[2.9116,43.3846],[2.9113,43.3844],[2.9109,43.3842],[2.9105,43.384],[2.91,43.3838],[2.9096,43.3836],[2.9097,43.3838],[2.91,43.3839],[2.9103,43.3841],[2.9106,43.3845],[2.9109,43.3849],[2.9111,43.3851],[2.9114,43.3853],[2.9118,43.3854],[2.9121,43.3854],[2.9123,43.3856],[2.9125,43.3858],[2.9127,43.386],[2.9128,43.3862],[2.913,43.3863],[2.9132,43.3864],[2.9134,43.386],[2.9134,43.3859]]]}},{"type":"Feature","properties":{"MI_PRINX":3676520.0,"CARTE":264,"CODE":1014,"CODE_LEG":206,"NOTATION":"c6SC","DESCR":"Formations calcaires de Cruzy (Maastrichtien)","C_FOND":10,"M_FOND":0,"J_FOND":50,"N_FOND":0,"NOM_SYMB":"S01_002","C_SYMB":100,"M_SYMB":100,"J_SYMB":0,"N_SYMB":0,"ROT_SYMB":90,"score_potentiel":85,"niveau_potentiel":"Très élevé 🌟","pente_degres":31.5,"type_affleurement":"Affleurement Fort (Falaise / Ravine) 🔴","score_relieffiltered":100.0},"geometry":{"type":"Polygon","coordinates":[[[2.9129,43.387],[2.9128,43.387],[2.9127,43.3869],[2.9125,43.3867],[2.9124,43.3865],[2.9121,43.3864],[2.9119,43.3862],[2.9116,43.386],[2.9113,43.3858],[2.9111,43.3855],[2.9109,43.3852],[2.9105,43.385],[2.9099,43.3846],[2.91,43.3848],[2.9102,43.3851],[2.9103,43.3852],[2.9105,43.3854],[2.9107,43.3856],[2.9111,43.3859],[2.9114,43.3862],[2.9118,43.3865],[2.9121,43.3867],[2.9123,43.3868],[2.9125,43.387],[2.9128,43.3872],[2.9128,43.3872],[2.9129,43.387]]]}},{"type":"Feature","properties":{"MI_PRINX":3676523.0,"CARTE":264,"CODE":1015,"CODE_LEG":207,"NOTATION":"c6SCm","DESCR":"Formations gréso-limoneuses de Cruzy (Maastrichtien)","C_FOND":10,"M_FOND":0,"J_FOND":50,"N_FOND":0,"NOM_SYMB":"S01_002","C_SYMB":100,"M_SYMB":100,"J_SYMB":0,"N_SYMB":0,"ROT_SYMB":0,"score_potentiel":55,"niveau_potentiel":"Élevé 🟢","pente_degres":20.7,"type_affleurement":"Affleurement Moyen (Escarpement) 🟠","score_relieffiltered":66.8},"geometry":{"type":"Polygon","coordinates":[[[2.9132,43.3864],[2.913,43.3863],[2.9128,43.3862],[2.9127,43.386],[2.9125,43.3858],[2.9123,43.3856],[2.9121,43.3854],[2.9118,43.3854],[2.9114,43.3853],[2.9111,43.3851],[2.9109,43.3849],[2.9106,43.3845],[2.9103,43.3841],[2.91,43.3839],[2.9097,43.3838],[2.9098,43.3841],[2.9099,43.3845],[2.9099,43.3846],[2.9105,43.385],[2.9109,43.3852],[2.9111,43.3855],[2.9113,43.3858],[2.9116,43.386],[2.9119,43.3862],[2.9121,43.3864],[2.9124,43.3865],[2.9125,43.3867],[2.9127,43.3869],[2.9128,43.387],[2.9129,43.387],[2.9132,43.3864]]]}},{"type":"Feature","properties":{"MI_PRINX":3676728.0,"CARTE":264,"CODE":1015,"CODE_LEG":207,"NOTATION":"c6SCm","DESCR":"Formations gréso-limoneuses de Cruzy (Maastrichtien)","C_FOND":10,"M_FOND":0,"J_FOND":50,"N_FOND":0,"NOM_SYMB":"S01_002","C_SYMB":100,"M_SYMB":100,"J_SYMB":0,"N_SYMB":0,"ROT_SYMB":0,"score_potentiel":55,"niveau_potentiel":"Élevé 🟢","pente_degres":32.3,"type_affleurement":"Affleurement Fort (Falaise / Ravine) 🔴","score_relieffiltered":79.5},"geometry":{"type":"Polygon","coordinates":[[[3.024,43.3776],[3.0243,43.3775],[3.0247,43.3775],[3.0252,43.3776],[3.0257,43.3777],[3.0261,43.3778],[3.0264,43.3778],[3.0268,43.3779],[3.0265,43.3777],[3.0262,43.3776],[3.0259,43.3775],[3.0257,43.3774],[3.0254,43.3774],[3.0252,43.3774],[3.025,43.3773],[3.0248,43.3773],[3.0244,43.3773],[3.0241,43.3773],[3.0238,43.3772],[3.0235,43.3772],[3.0232,43.3772],[3.0229,43.3771],[3.0226,43.3771],[3.0228,43.3772],[3.023,43.3773],[3.024,43.3776]]]}},{"type":"Feature","properties":{"MI_PRINX":3668760.0,"CARTE":264,"CODE":50,"CODE_LEG":50,"NOTATION":"Fy","DESCR":"Blocs, galets et graviers de calcaires siliceux, de grès, de quartz, de lydiennes, de porphyrites et de débris basaltiques (Terrasses glaciaires Würm)","C_FOND":10,"M_FOND":0,"J_FOND":10,"N_FOND":0,"NOM_SYMB":null,"C_SYMB":-1,"M_SYMB":-1,"J_SYMB":-1,"N_SYMB":-1,"ROT_SYMB":0,"score_potentiel":70,"niveau_potentiel":"Très élevé 🌟","pente_degres":31.7,"type_affleurement":"Affleurement Fort (Falaise / Ravine) 🔴","score_relieffiltered":100.0},"geometry":{"type":"Polygon","coordinates":[[[3.0776,43.5882],[3.078,43.588],[3.0786,43.5878],[3.0785,43.5878],[3.0782,43.5878],[3.0777,43.5877],[3.077,43.5876],[3.0764,43.5876],[3.076,43.5874],[3.0742,43.5864],[3.0734,43.5861],[3.0724,43.5856],[3.0714,43.585],[3.0708,43.5843],[3.0701,43.5832],[3.0696,43.5827],[3.0688,43.582],[3.0686,43.5814],[3.0681,43.5806],[3.0675,43.5801],[3.0673,43.58],[3.067,43.5798],[3.0665,43.5796],[3.0663,43.5795],[3.0649,43.5791],[3.0641,43.5789],[3.0638,43.5788],[3.0627,43.5786],[3.0622,43.5786],[3.0617,43.5785],[3.0611,43.5784],[3.0604,43.5784],[3.0602,43.5785],[3.061,43.5788],[3.0614,43.5791],[3.0618,43.5794],[3.062,43.5796],[3.0626,43.5801],[3.0627,43.5802],[3.0632,43.5805],[3.0636,43.581],[3.0648,43.5818],[3.0675,43.5837],[3.0688,43.5844],[3.0706,43.5851],[3.072,43.586],[3.0728,43.5864],[3.0736,43.5871],[3.0736,43.5872],[3.0746,43.5878],[3.0749,43.5879],[3.0752,43.5881],[3.0756,43.5882],[3.0758,43.5882],[3.0761,43.5882],[3.0771,43.5882],[3.0776,43.5882]]]}},{"type":"Feature","properties":{"MI_PRINX":3669061.0,"CARTE":264,"CODE":3316,"CODE_LEG":424,"NOTATION":"h1MF","DESCR":"Calcaires et lydiennes à nodules phosphatés du Pic de Vissou et de la Serre - Nappes des Monts de Faugères (Tournaisien)","C_FOND":20,"M_FOND":40,"J_FOND":70,"N_FOND":0,"NOM_SYMB":null,"C_SYMB":-1,"M_SYMB":-1,"J_SYMB":-1,"N_SYMB":-1,"ROT_SYMB":0,"score_potentiel":70,"niveau_potentiel":"Très élevé 🌟","pente_degres":32.3,"type_affleurement":"Affleurement Fort (Falaise / Ravine) 🔴","score_relieffiltered":100.0},"geometry":{"type":"Polygon","coordinates":[[[3.3459,43.5833],[3.346,43.5833],[3.3462,43.5833],[3.3471,43.5832],[3.3478,43.583],[3.3479,43.583],[3.3484,43.5827],[3.3483,43.5825],[3.3477,43.582],[3.3471,43.5813],[3.3465,43.581],[3.3444,43.5801],[3.3438,43.5797],[3.3433,43.5793],[3.343,43.5796],[3.3431,43.5797],[3.3443,43.5804],[3.3459,43.5811],[3.3465,43.5815],[3.3466,43.5815],[3.3469,43.5819],[3.3477,43.5826],[3.3475,43.5827],[3.3474,43.5827],[3.3469,43.5828],[3.3469,43.5829],[3.3459,43.5833],[3.3459,43.5833]]]}},{"type":"Feature","properties":{"MI_PRINX":3676925.0,"CARTE":264,"CODE":1014,"CODE_LEG":206,"NOTATION":"c6SC","DESCR":"Formations calcaires de Cruzy (Maastrichtien)","C_FOND":10,"M_FOND":0,"J_FOND":50,"N_FOND":0,"NOM_SYMB":"S01_002","C_SYMB":100,"M_SYMB":100,"J_SYMB":0,"N_SYMB":0,"ROT_SYMB":90,"score_potentiel":85,"niveau_potentiel":"Très élevé 🌟","pente_degres":14.1,"type_affleurement":"Affleurement Moyen (Escarpement) 🟠","score_relieffiltered":92.0},"geometry":{"type":"Polygon","coordinates":[[[3.0847,43.3698],[3.0845,43.3698],[3.0844,43.3699],[3.0843,43.37],[3.0844,43.3701],[3.0846,43.3702],[3.0849,43.3703],[3.085,43.3702],[3.0851,43.3702],[3.0851,43.37],[3.0851,43.37],[3.085,43.3699],[3.0847,43.3698]]]}},{"type":"Feature","properties":{"MI_PRINX":3676999.0,"CARTE":264,"CODE":1014,"CODE_LEG":206,"NOTATION":"c6SC","DESCR":"Formations calcaires de Cruzy (Maastrichtien)","C_FOND":10,"M_FOND":0,"J_FOND":50,"N_FOND":0,"NOM_SYMB":"S01_002","C_SYMB":100,"M_SYMB":100,"J_SYMB":0,"N_SYMB":0,"ROT_SYMB":90,"score_potentiel":85,"niveau_potentiel":"Très élevé 🌟","pente_degres":16.8,"type_affleurement":"Affleurement Moyen (Escarpement) 🟠","score_relieffiltered":96.6},"geometry":{"type":"Polygon","coordinates":[[[2.9377,43.3672],[2.9378,43.3673],[2.9383,43.3677],[2.9387,43.368],[2.9391,43.3683],[2.9391,43.368],[2.9391,43.3677],[2.9392,43.3675],[2.9392,43.3674],[2.9392,43.3673],[2.9391,43.3672],[2.939,43.3671],[2.939,43.3671],[2.9389,43.3671],[2.9388,43.3671],[2.9386,43.3671],[2.9385,43.3671],[2.9383,43.3671],[2.9381,43.3672],[2.9379,43.3672],[2.9377,43.3672]]]}},{"type":"Feature","properties":{"MI_PRINX":3669002.0,"CARTE":264,"CODE":3316,"CODE_LEG":424,"NOTATION":"h1MF","DESCR":"Calcaires et lydiennes à nodules phosphatés du Pic de Vissou et de la Serre - Nappes des Monts de Faugères (Tournaisien)","C_FOND":20,"M_FOND":40,"J_FOND":70,"N_FOND":0,"NOM_SYMB":null,"C_SYMB":-1,"M_SYMB":-1,"J_SYMB":-1,"N_SYMB":-1,"ROT_SYMB":0,"score_potentiel":70,"niveau_potentiel":"Très élevé 🌟","pente_degres":32.9,"type_affleurement":"Affleurement Fort (Falaise / Ravine) 🔴","score_relieffiltered":100.0},"geometry":{"type":"Polygon","coordinates":[[[3.2693,43.5846],[3.2678,43.5837],[3.2668,43.5827],[3.2657,43.5817],[3.2652,43.5813],[3.2643,43.5811],[3.2629,43.5808],[3.2621,43.5805],[3.2601,43.5795],[3.2592,43.5792],[3.259,43.5792],[3.2588,43.5792],[3.2585,43.5791],[3.2582,43.5791],[3.2573,43.5791],[3.258,43.5793],[3.2589,43.5795],[3.2594,43.5797],[3.2609,43.5805],[3.2621,43.5811],[3.2627,43.5812],[3.2637,43.5814],[3.2648,43.5817],[3.2656,43.5821],[3.2674,43.5839],[3.2685,43.5845],[3.2693,43.5846]]]}},{"type":"Feature","properties":{"MI_PRINX":3677076.0,"CARTE":264,"CODE":1015,"CODE_LEG":207,"NOTATION":"c6SCm","DESCR":"Formations gréso-limoneuses de Cruzy (Maastrichtien)","C_FOND":10,"M_FOND":0,"J_FOND":50,"N_FOND":0,"NOM_SYMB":"S01_002","C_SYMB":100,"M_SYMB":100,"J_SYMB":0,"N_SYMB":0,"ROT_SYMB":0,"score_potentiel":55,"niveau_potentiel":"Élevé 🟢","pente_degres":17.4,"type_affleurement":"Affleurement Moyen (Escarpement) 🟠","score_relieffiltered":63.1},"geometry":{"type":"Polygon","coordinates":[[[2.9348,43.3651],[2.935,43.3652],[2.9351,43.365],[2.9355,43.3648],[2.9358,43.3647],[2.9359,43.3646],[2.936,43.3643],[2.9363,43.3639],[2.9364,43.3637],[2.9362,43.3636],[2.936,43.3634],[2.9358,43.3633],[2.9357,43.3635],[2.9355,43.3637],[2.9352,43.3638],[2.9349,43.3638],[2.9344,43.3638],[2.9341,43.3638],[2.9338,43.3637],[2.9338,43.3639],[2.9341,43.3641],[2.9343,43.3643],[2.9343,43.3645],[2.9342,43.3648],[2.9344,43.3649],[2.9345,43.365],[2.9347,43.3651],[2.9348,43.3651]]]}},{"type":"Feature","properties":{"MI_PRINX":3677083.0,"CARTE":264,"CODE":1015,"CODE_LEG":207,"NOTATION":"c6SCm","DESCR":"Formations gréso-limoneuses de Cruzy (Maastrichtien)","C_FOND":10,"M_FOND":0,"J_FOND":50,"N_FOND":0,"NOM_SYMB":"S01_002","C_SYMB":100,"M_SYMB":100,"J_SYMB":0,"N_SYMB":0,"ROT_SYMB":0,"score_potentiel":55,"niveau_potentiel":"Élevé 🟢","pente_degres":14.6,"type_affleurement":"Affleurement Moyen (Escarpement) 🟠","score_relieffiltered":60.1},"geometry":{"type":"Polygon","coordinates":[[[2.9325,43.365],[2.9328,43.3647],[2.9329,43.3645],[2.9329,43.3643],[2.9328,43.3642],[2.9327,43.3641],[2.9324,43.3642],[2.9323,43.3646],[2.9324,43.3648],[2.9325,43.365]]]}},{"type":"Feature","properties":{"MI_PRINX":3677086.0,"CARTE":264,"CODE":1015,"CODE_LEG":207,"NOTATION":"c6SCm","DESCR":"Formations gréso-limoneuses de Cruzy (Maastrichtien)","C_FOND":10,"M_FOND":0,"J_FOND":50,"N_FOND":0,"NOM_SYMB":"S01_002","C_SYMB":100,"M_SYMB":100,"J_SYMB":0,"N_SYMB":0,"ROT_SYMB":0,"score_potentiel":55,"niveau_potentiel":"Élevé 🟢","pente_degres":14.2,"type_affleurement":"Affleurement Moyen (Escarpement) 🟠","score_relieffiltered":59.6},"geometry":{"type":"Polygon","coordinates":[[[2.9387,43.3649],[2.9386,43.3648],[2.9385,43.3646],[2.9385,43.3645],[2.9383,43.3646],[2.9382,43.3647],[2.9382,43.3648],[2.9384,43.3649],[2.9385,43.3649],[2.9387,43.3649]]]}},{"type":"Feature","properties":{"MI_PRINX":3677285.0,"CARTE":264,"CODE":3315,"CODE_LEG":423,"NOTATION":"h1-2M©","DESCR":"Lydiennes à nodules phosphatés, calcaires noduleux et jaspes clairs du vallon Fontaine-de-Santé - Nappes du Minervois (Tournaisien - Viséen inférieur)","C_FOND":50,"M_FOND":75,"J_FOND":100,"N_FOND":0,"NOM_SYMB":null,"C_SYMB":-1,"M_SYMB":-1,"J_SYMB":-1,"N_SYMB":-1,"ROT_SYMB":0,"score_potentiel":70,"niveau_potentiel":"Très élevé 🌟","pente_degres":32.0,"type_affleurement":"Affleurement Fort (Falaise / Ravine) 🔴","score_relieffiltered":100.0},"geometry":{"type":"Polygon","coordinates":[[[2.5829,43.3581],[2.5833,43.358],[2.5836,43.3578],[2.5837,43.3578],[2.5844,43.3578],[2.5845,43.3578],[2.5844,43.3576],[2.5842,43.3575],[2.5838,43.3574],[2.5837,43.3575],[2.5834,43.3577],[2.5832,43.3577],[2.5827,43.3579],[2.5827,43.3578],[2.5822,43.3574],[2.582,43.3574],[2.5815,43.3572],[2.581,43.3572],[2.5808,43.3572],[2.5804,43.3569],[2.5802,43.3568],[2.58,43.3565],[2.5797,43.3564],[2.5793,43.3562],[2.5789,43.3562],[2.5787,43.3562],[2.5784,43.3561],[2.5783,43.356],[2.5781,43.3557],[2.5779,43.3553],[2.5778,43.355],[2.5778,43.3544],[2.5777,43.3541],[2.5776,43.3537],[2.5776,43.3536],[2.5777,43.3534],[2.5777,43.3533],[2.5775,43.3533],[2.5771,43.3533],[2.577,43.3533],[2.5768,43.3532],[2.5766,43.353],[2.5764,43.3527],[2.5762,43.3524],[2.5759,43.3523],[2.5757,43.3522],[2.5755,43.352],[2.5754,43.3518],[2.5754,43.3512],[2.5754,43.351],[2.575,43.3507],[2.5746,43.3503],[2.5745,43.35],[2.5743,43.3498],[2.5742,43.3499],[2.5739,43.35],[2.5737,43.35],[2.5735,43.3499],[2.5732,43.3498],[2.5728,43.3498],[2.5726,43.3498],[2.5726,43.3496],[2.5725,43.3494],[2.5727,43.3491],[2.5729,43.3489],[2.5729,43.3487],[2.5726,43.3486],[2.5724,43.3483],[2.5722,43.3482],[2.5721,43.3484],[2.5721,43.3485],[2.5717,43.3485],[2.5717,43.3485],[2.5719,43.3487],[2.5719,43.3489],[2.5718,43.349],[2.5716,43.3491],[2.5713,43.3493],[2.5711,43.3493],[2.5707,43.3493],[2.57,43.3493],[2.5699,43.3493],[2.5698,43.3493],[2.5699,43.3494],[2.57,43.3495],[2.5703,43.3496],[2.5707,43.3497],[2.571,43.3498],[2.5712,43.35],[2.5713,43.3501],[2.5715,43.3503],[2.5716,43.3505],[2.5717,43.3506],[2.5719,43.3506],[2.5722,43.3507],[2.5726,43.3507],[2.5728,43.3507],[2.573,43.3508],[2.5733,43.3512],[2.5735,43.3513],[2.5738,43.3514],[2.5741,43.3515],[2.5741,43.3517],[2.5742,43.3519],[2.5742,43.3521],[2.5743,43.3521],[2.5744,43.3522],[2.5744,43.3525],[2.5744,43.3527],[2.5741,43.3535],[2.574,43.3539],[2.574,43.3543],[2.5741,43.3547],[2.5742,43.355],[2.5742,43.355],[2.5744,43.3551],[2.5748,43.3554],[2.5752,43.3556],[2.5756,43.3559],[2.5759,43.3562],[2.5761,43.3563],[2.5764,43.3564],[2.5766,43.3564],[2.5768,43.3565],[2.577,43.3568],[2.5772,43.3569],[2.5776,43.357],[2.5782,43.357],[2.5787,43.3572],[2.579,43.3573],[2.5792,43.3573],[2.5793,43.3573],[2.5794,43.3573],[2.5797,43.3573],[2.5799,43.3573],[2.5804,43.3577],[2.5806,43.3578],[2.5812,43.3578],[2.5816,43.3578],[2.582,43.358],[2.5825,43.3582],[2.5828,43.3584],[2.5832,43.3585],[2.5829,43.3581]]]}},{"type":"Feature","properties":{"MI_PRINX":3677289.0,"CARTE":264,"CODE":3315,"CODE_LEG":423,"NOTATION":"h1-2M©","DESCR":"Lydiennes à nodules phosphatés, calcaires noduleux et jaspes clairs du vallon Fontaine-de-Santé - Nappes du Minervois (Tournaisien - Viséen inférieur)","C_FOND":50,"M_FOND":75,"J_FOND":100,"N_FOND":0,"NOM_SYMB":null,"C_SYMB":-1,"M_SYMB":-1,"J_SYMB":-1,"N_SYMB":-1,"ROT_SYMB":0,"score_potentiel":70,"niveau_potentiel":"Très élevé 🌟","pente_degres":14.1,"type_affleurement":"Affleurement Moyen (Escarpement) 🟠","score_relieffiltered":75.7},"geometry":{"type":"Polygon","coordinates":[[[2.5835,43.3581],[2.5834,43.3581],[2.5833,43.3582],[2.5834,43.3583],[2.5836,43.3583],[2.5836,43.3582],[2.5836,43.3581],[2.5835,43.3581]]]}},{"type":"Feature","properties":{"MI_PRINX":3677305.0,"CARTE":264,"CODE":3315,"CODE_LEG":423,"NOTATION":"h1-2M©","DESCR":"Lydiennes à nodules phosphatés, calcaires noduleux et jaspes clairs du vallon Fontaine-de-Santé - Nappes du Minervois (Tournaisien - Viséen inférieur)","C_FOND":50,"M_FOND":75,"J_FOND":100,"N_FOND":0,"NOM_SYMB":null,"C_SYMB":-1,"M_SYMB":-1,"J_SYMB":-1,"N_SYMB":-1,"ROT_SYMB":0,"score_potentiel":70,"niveau_potentiel":"Très élevé 🌟","pente_degres":14.5,"type_affleurement":"Affleurement Moyen (Escarpement) 🟠","score_relieffiltered":76.3},"geometry":{"type":"Polygon","coordinates":[[[2.5828,43.3574],[2.5827,43.3574],[2.5826,43.3574],[2.5827,43.3575],[2.5827,43.3576],[2.5828,43.3576],[2.5829,43.3576],[2.583,43.3576],[2.5829,43.3574],[2.5828,43.3574]]]}},{"type":"Feature","properties":{"MI_PRINX":3669559.0,"CARTE":264,"CODE":50,"CODE_LEG":50,"NOTATION":"Fy","DESCR":"Blocs, galets et graviers de calcaires siliceux, de grès, de quartz, de lydiennes, de porphyrites et de débris basaltiques (Terrasses glaciaires Würm)","C_FOND":10,"M_FOND":0,"J_FOND":10,"N_FOND":0,"NOM_SYMB":null,"C_SYMB":-1,"M_SYMB":-1,"J_SYMB":-1,"N_SYMB":-1,"ROT_SYMB":0,"score_potentiel":70,"niveau_potentiel":"Très élevé 🌟","pente_degres":19.6,"type_affleurement":"Affleurement Moyen (Escarpement) 🟠","score_relieffiltered":83.4},"geometry":{"type":"Polygon","coordinates":[[[3.0467,43.58],[3.0468,43.58],[3.0475,43.5801],[3.0476,43.5801],[3.0476,43.58],[3.0475,43.5798],[3.0472,43.5793],[3.0474,43.579],[3.048,43.5785],[3.0482,43.5782],[3.0482,43.5775],[3.0486,43.577],[3.0493,43.5766],[3.0497,43.5763],[3.0498,43.5759],[3.0497,43.5758],[3.0493,43.5755],[3.0485,43.5755],[3.0478,43.5757],[3.0476,43.5758],[3.0466,43.5761],[3.0456,43.5765],[3.0442,43.5775],[3.0429,43.5782],[3.0413,43.5787],[3.0409,43.5789],[3.0411,43.5791],[3.0413,43.5792],[3.0422,43.5792],[3.0424,43.5792],[3.0427,43.5791],[3.0435,43.5787],[3.0441,43.5785],[3.0446,43.5785],[3.0452,43.5787],[3.0458,43.5791],[3.0467,43.5799],[3.0467,43.58]]]}},{"type":"Feature","properties":{"MI_PRINX":3677381.0,"CARTE":264,"CODE":50,"CODE_LEG":50,"NOTATION":"Fy","DESCR":"Blocs, galets et graviers de calcaires siliceux, de grès, de quartz, de lydiennes, de porphyrites et de débris basaltiques (Terrasses glaciaires Würm)","C_FOND":10,"M_FOND":0,"J_FOND":10,"N_FOND":0,"NOM_SYMB":null,"C_SYMB":-1,"M_SYMB":-1,"J_SYMB":-1,"N_SYMB":-1,"ROT_SYMB":0,"score_potentiel":70,"niveau_potentiel":"Très élevé 🌟","pente_degres":20.2,"type_affleurement":"Affleurement Moyen (Escarpement) 🟠","score_relieffiltered":84.3},"geometry":{"type":"Polygon","coordinates":[[[2.7409,43.3537],[2.7407,43.3535],[2.7406,43.3532],[2.7405,43.3529],[2.7406,43.3528],[2.7411,43.3524],[2.7414,43.3522],[2.7414,43.3521],[2.7413,43.3519],[2.7411,43.3519],[2.741,43.3519],[2.741,43.3522],[2.7409,43.3523],[2.7405,43.3524],[2.7401,43.3526],[2.7401,43.353],[2.7399,43.3534],[2.7405,43.3537],[2.7409,43.3537]]]}},{"type":"Feature","properties":{"MI_PRINX":3677391.0,"CARTE":264,"CODE":50,"CODE_LEG":50,"NOTATION":"Fy","DESCR":"Blocs, galets et graviers de calcaires siliceux, de grès, de quartz, de lydiennes, de porphyrites et de débris basaltiques (Terrasses glaciaires Würm)","C_FOND":10,"M_FOND":0,"J_FOND":10,"N_FOND":0,"NOM_SYMB":null,"C_SYMB":-1,"M_SYMB":-1,"J_SYMB":-1,"N_SYMB":-1,"ROT_SYMB":0,"score_potentiel":70,"niveau_potentiel":"Très élevé 🌟","pente_degres":19.6,"type_affleurement":"Affleurement Moyen (Escarpement) 🟠","score_relieffiltered":83.4},"geometry":{"type":"Polygon","coordinates":[[[2.7399,43.3518],[2.7395,43.3519],[2.7391,43.352],[2.7386,43.3522],[2.7383,43.3524],[2.7382,43.3526],[2.7382,43.3527],[2.7383,43.3528],[2.7386,43.3527],[2.7389,43.3524],[2.7396,43.3522],[2.7401,43.3521],[2.7403,43.352],[2.7404,43.3519],[2.7403,43.3518],[2.7399,43.3518]]]}},{"type":"Feature","properties":{"MI_PRINX":3669554.0,"CARTE":264,"CODE":3316,"CODE_LEG":424,"NOTATION":"h1MF","DESCR":"Calcaires et lydiennes à nodules phosphatés du Pic de Vissou et de la Serre - Nappes des Monts de Faugères (Tournaisien)","C_FOND":20,"M_FOND":40,"J_FOND":70,"N_FOND":0,"NOM_SYMB":null,"C_SYMB":-1,"M_SYMB":-1,"J_SYMB":-1,"N_SYMB":-1,"ROT_SYMB":0,"score_potentiel":70,"niveau_potentiel":"Très élevé 🌟","pente_degres":20.5,"type_affleurement":"Affleurement Moyen (Escarpement) 🟠","score_relieffiltered":84.7},"geometry":{"type":"Polygon","coordinates":[[[3.337,43.5772],[3.3362,43.5779],[3.3366,43.5779],[3.3375,43.5778],[3.3381,43.5777],[3.3389,43.5774],[3.3398,43.577],[3.3392,43.5769],[3.3383,43.5772],[3.3378,43.5773],[3.3375,43.5773],[3.3374,43.5773],[3.3373,43.5773],[3.3371,43.5773],[3.337,43.5772]]]}},{"type":"Feature","properties":{"MI_PRINX":3667721.0,"CARTE":264,"CODE":50,"CODE_LEG":50,"NOTATION":"Fy","DESCR":"Blocs, galets et graviers de calcaires siliceux, de grès, de quartz, de lydiennes, de porphyrites et de débris basaltiques (Terrasses glaciaires Würm)","C_FOND":10,"M_FOND":0,"J_FOND":10,"N_FOND":0,"NOM_SYMB":null,"C_SYMB":-1,"M_SYMB":-1,"J_SYMB":-1,"N_SYMB":-1,"ROT_SYMB":0,"score_potentiel":70,"niveau_potentiel":"Très élevé 🌟","pente_degres":18.0,"type_affleurement":"Affleurement Moyen (Escarpement) 🟠","score_relieffiltered":81.2},"geometry":{"type":"Polygon","coordinates":[[[2.7838,43.5991],[2.7813,43.5989],[2.7807,43.5989],[2.7804,43.599],[2.7802,43.5991],[2.7802,43.5993],[2.7803,43.5996],[2.7804,43.6],[2.7804,43.6002],[2.7802,43.6004],[2.7801,43.6006],[2.7809,43.6005],[2.7817,43.6003],[2.7825,43.5998],[2.783,43.5995],[2.7838,43.5991]]]}},{"type":"Feature","properties":{"MI_PRINX":3667838.0,"CARTE":264,"CODE":50,"CODE_LEG":50,"NOTATION":"Fy","DESCR":"Blocs, galets et graviers de calcaires siliceux, de grès, de quartz, de lydiennes, de porphyrites et de débris basaltiques (Terrasses glaciaires Würm)","C_FOND":10,"M_FOND":0,"J_FOND":10,"N_FOND":0,"NOM_SYMB":null,"C_SYMB":-1,"M_SYMB":-1,"J_SYMB":-1,"N_SYMB":-1,"ROT_SYMB":0,"score_potentiel":70,"niveau_potentiel":"Très élevé 🌟","pente_degres":18.7,"type_affleurement":"Affleurement Moyen (Escarpement) 🟠","score_relieffiltered":82.2},"geometry":{"type":"Polygon","coordinates":[[[3.1086,43.5975],[3.1089,43.5973],[3.1098,43.5961],[3.1108,43.5953],[3.1116,43.595],[3.112,43.5949],[3.1123,43.5949],[3.1129,43.5949],[3.1135,43.595],[3.115,43.5955],[3.1153,43.5955],[3.1154,43.5956],[3.1163,43.5952],[3.1175,43.5948],[3.1183,43.5942],[3.1188,43.5935],[3.1188,43.5934],[3.1189,43.5929],[3.1189,43.5925],[3.1188,43.5919],[3.1186,43.5913],[3.1177,43.5905],[3.117,43.5901],[3.1165,43.5901],[3.1157,43.5902],[3.115,43.5904],[3.1138,43.5909],[3.1127,43.5916],[3.1119,43.5924],[3.1093,43.5959],[3.1086,43.5973],[3.1086,43.5975]],[[3.1174,43.5927],[3.1177,43.5928],[3.1179,43.5931],[3.118,43.5932],[3.1177,43.5934],[3.1174,43.5934],[3.117,43.5932],[3.1172,43.5929],[3.1174,43.5927]]]}},{"type":"Feature","properties":{"MI_PRINX":3667712.0,"CARTE":264,"CODE":3312,"CODE_LEG":420,"NOTATION":"h2EC©","DESCR":"Calcaires noduleux et lydiennes vertes du Pic de Vissou - Ecailles de Cabrières (Viséen)","C_FOND":60,"M_FOND":40,"J_FOND":70,"N_FOND":0,"NOM_SYMB":null,"C_SYMB":-1,"M_SYMB":-1,"J_SYMB":-1,"N_SYMB":-1,"ROT_SYMB":0,"score_potentiel":70,"niveau_potentiel":"Très élevé 🌟","pente_degres":32.8,"type_affleurement":"Affleurement Fort (Falaise / Ravine) 🔴","score_relieffiltered":100.0},"geometry":{"type":"Polygon","coordinates":[[[3.3544,43.5961],[3.3533,43.5963],[3.3529,43.5963],[3.3521,43.5963],[3.3519,43.5963],[3.3518,43.5963],[3.3515,43.5962],[3.3503,43.596],[3.3504,43.5958],[3.3499,43.5956],[3.3491,43.5955],[3.3487,43.5954],[3.3483,43.5951],[3.3479,43.5946],[3.3475,43.5944],[3.3471,43.5943],[3.3459,43.5943],[3.3453,43.594],[3.3451,43.5938],[3.344,43.5932],[3.3433,43.593],[3.3426,43.5929],[3.344,43.5935],[3.3441,43.5936],[3.3448,43.5941],[3.3461,43.5948],[3.3464,43.5949],[3.3469,43.595],[3.3477,43.5952],[3.3486,43.5957],[3.3495,43.5962],[3.3499,43.5964],[3.3511,43.5965],[3.3515,43.5966],[3.3516,43.5966],[3.3523,43.5968],[3.3531,43.5968],[3.3534,43.5967],[3.3547,43.5964],[3.3544,43.5961]]]}},{"type":"Feature","properties":{"MI_PRINX":3677628.0,"CARTE":264,"CODE":3315,"CODE_LEG":423,"NOTATION":"h1-2M©","DESCR":"Lydiennes à nodules phosphatés, calcaires noduleux et jaspes clairs du vallon Fontaine-de-Santé - Nappes du Minervois (Tournaisien - Viséen inférieur)","C_FOND":50,"M_FOND":75,"J_FOND":100,"N_FOND":0,"NOM_SYMB":null,"C_SYMB":-1,"M_SYMB":-1,"J_SYMB":-1,"N_SYMB":-1,"ROT_SYMB":0,"score_potentiel":70,"niveau_potentiel":"Très élevé 🌟","pente_degres":18.6,"type_affleurement":"Affleurement Moyen (Escarpement) 🟠","score_relieffiltered":82.0},"geometry":{"type":"Polygon","coordinates":[[[2.5551,43.3419],[2.5555,43.3421],[2.5558,43.3423],[2.5559,43.3424],[2.5559,43.3423],[2.5559,43.3422],[2.556,43.3421],[2.5561,43.3422],[2.5564,43.3428],[2.5565,43.3428],[2.5566,43.3428],[2.5567,43.3427],[2.5567,43.3426],[2.5567,43.3425],[2.5568,43.3424],[2.5567,43.3421],[2.5564,43.3419],[2.5561,43.3418],[2.5558,43.3417],[2.5551,43.3415],[2.5551,43.3416],[2.5551,43.3419]]]}},{"type":"Feature","properties":{"MI_PRINX":3677629.0,"CARTE":264,"CODE":3315,"CODE_LEG":423,"NOTATION":"h1-2M©","DESCR":"Lydiennes à nodules phosphatés, calcaires noduleux et jaspes clairs du vallon Fontaine-de-Santé - Nappes du Minervois (Tournaisien - Viséen inférieur)","C_FOND":50,"M_FOND":75,"J_FOND":100,"N_FOND":0,"NOM_SYMB":null,"C_SYMB":-1,"M_SYMB":-1,"J_SYMB":-1,"N_SYMB":-1,"ROT_SYMB":0,"score_potentiel":70,"niveau_potentiel":"Très élevé 🌟","pente_degres":19.6,"type_affleurement":"Affleurement Moyen (Escarpement) 🟠","score_relieffiltered":83.4},"geometry":{"type":"Polygon","coordinates":[[[2.5575,43.3427],[2.558,43.3428],[2.5583,43.3428],[2.5581,43.3427],[2.5578,43.3426],[2.5575,43.3427]]]}},{"type":"Feature","properties":{"MI_PRINX":3669522.0,"CARTE":264,"CODE":50,"CODE_LEG":50,"NOTATION":"Fy","DESCR":"Blocs, galets et graviers de calcaires siliceux, de grès, de quartz, de lydiennes, de porphyrites et de débris basaltiques (Terrasses glaciaires Würm)","C_FOND":10,"M_FOND":0,"J_FOND":10,"N_FOND":0,"NOM_SYMB":null,"C_SYMB":-1,"M_SYMB":-1,"J_SYMB":-1,"N_SYMB":-1,"ROT_SYMB":0,"score_potentiel":70,"niveau_potentiel":"Très élevé 🌟","pente_degres":32.3,"type_affleurement":"Affleurement Fort (Falaise / Ravine) 🔴","score_relieffiltered":100.0},"geometry":{"type":"Polygon","coordinates":[[[2.9974,43.5759],[2.998,43.5762],[2.9982,43.5763],[2.9985,43.5758],[2.999,43.5756],[3.0,43.5756],[3.0006,43.5757],[3.0011,43.5757],[3.0012,43.5757],[3.002,43.5756],[3.0039,43.5753],[3.0054,43.5751],[3.0065,43.5751],[3.0074,43.5752],[3.0079,43.5754],[3.0085,43.5757],[3.0088,43.576],[3.0091,43.5763],[3.0093,43.5768],[3.0093,43.5769],[3.0092,43.5773],[3.0082,43.5781],[3.0082,43.5781],[3.0082,43.5783],[3.0086,43.5787],[3.009,43.5789],[3.01,43.5792],[3.011,43.5797],[3.012,43.5804],[3.0124,43.581],[3.0125,43.581],[3.0127,43.5805],[3.0127,43.5804],[3.0125,43.5799],[3.0121,43.5794],[3.0119,43.5792],[3.0111,43.5786],[3.0109,43.5785],[3.0107,43.5783],[3.0106,43.5781],[3.0109,43.5777],[3.0116,43.5772],[3.0117,43.5769],[3.0109,43.576],[3.0104,43.5753],[3.0103,43.5749],[3.0106,43.5745],[3.0111,43.5742],[3.0115,43.5741],[3.0116,43.5741],[3.0117,43.574],[3.0116,43.5739],[3.0113,43.5738],[3.0108,43.5737],[3.0105,43.5735],[3.0095,43.5741],[3.0093,43.5745],[3.0095,43.5751],[3.0093,43.5752],[3.0092,43.5752],[3.0089,43.5745],[3.0083,43.5738],[3.0077,43.5733],[3.0072,43.5731],[3.0061,43.5731],[3.0053,43.5732],[3.0051,43.5732],[3.0049,43.5733],[3.0033,43.5736],[3.0032,43.5736],[3.0019,43.5739],[2.9992,43.5746],[2.9988,43.5747],[2.9983,43.5743],[2.9979,43.5737],[2.9977,43.573],[2.9977,43.5728],[2.9976,43.5727],[2.9976,43.5726],[2.9975,43.5725],[2.9973,43.572],[2.9966,43.5715],[2.9961,43.5713],[2.9956,43.5713],[2.9951,43.5715],[2.9943,43.5716],[2.9937,43.5727],[2.9937,43.5728],[2.9937,43.5729],[2.994,43.5728],[2.9946,43.573],[2.9953,43.5734],[2.9957,43.5738],[2.9958,43.574],[2.9964,43.5735],[2.9968,43.5735],[2.9974,43.5739],[2.9975,43.5742],[2.9973,43.5747],[2.9972,43.5752],[2.9972,43.5756],[2.9974,43.5759]]]}},{"type":"Feature","properties":{"MI_PRINX":3667947.0,"CARTE":264,"CODE":50,"CODE_LEG":50,"NOTATION":"Fy","DESCR":"Blocs, galets et graviers de calcaires siliceux, de grès, de quartz, de lydiennes, de porphyrites et de débris basaltiques (Terrasses glaciaires Würm)","C_FOND":10,"M_FOND":0,"J_FOND":10,"N_FOND":0,"NOM_SYMB":null,"C_SYMB":-1,"M_SYMB":-1,"J_SYMB":-1,"N_SYMB":-1,"ROT_SYMB":0,"score_potentiel":70,"niveau_potentiel":"Très élevé 🌟","pente_degres":19.3,"type_affleurement":"Affleurement Moyen (Escarpement) 🟠","score_relieffiltered":83.0},"geometry":{"type":"Polygon","coordinates":[[[2.781,43.5965],[2.7813,43.5966],[2.7814,43.5967],[2.7815,43.5968],[2.7814,43.5973],[2.7814,43.5977],[2.7816,43.5979],[2.7819,43.598],[2.7832,43.5978],[2.7842,43.5975],[2.7846,43.5975],[2.7857,43.5976],[2.7864,43.5978],[2.787,43.598],[2.7872,43.5981],[2.7878,43.598],[2.788,43.598],[2.7881,43.5977],[2.7881,43.5975],[2.7881,43.5967],[2.7876,43.5965],[2.7863,43.5964],[2.7855,43.5963],[2.7851,43.5964],[2.784,43.5965],[2.783,43.5965],[2.782,43.5965],[2.781,43.5965]]]}},{"type":"Feature","properties":{"MI_PRINX":3676294.0,"CARTE":264,"CODE":50,"CODE_LEG":50,"NOTATION":"Fy","DESCR":"Blocs, galets et graviers de calcaires siliceux, de grès, de quartz, de lydiennes, de porphyrites et de débris basaltiques (Terrasses glaciaires Würm)","C_FOND":10,"M_FOND":0,"J_FOND":10,"N_FOND":0,"NOM_SYMB":null,"C_SYMB":-1,"M_SYMB":-1,"J_SYMB":-1,"N_SYMB":-1,"ROT_SYMB":0,"score_potentiel":70,"niveau_potentiel":"Très élevé 🌟","pente_degres":31.4,"type_affleurement":"Affleurement Fort (Falaise / Ravine) 🔴","score_relieffiltered":100.0},"geometry":{"type":"Polygon","coordinates":[[[3.3763,43.3957],[3.3767,43.3956],[3.3781,43.3956],[3.379,43.3956],[3.3794,43.3956],[3.3797,43.3955],[3.38,43.3955],[3.3803,43.3954],[3.3806,43.3953],[3.3808,43.395],[3.381,43.3948],[3.3811,43.3945],[3.3811,43.3942],[3.3811,43.3939],[3.3811,43.3938],[3.3812,43.3938],[3.3812,43.3938],[3.3813,43.3939],[3.3814,43.394],[3.3817,43.3941],[3.382,43.3943],[3.3822,43.3944],[3.3825,43.3945],[3.3828,43.3946],[3.3831,43.3947],[3.3835,43.3947],[3.3838,43.3946],[3.3841,43.3946],[3.3844,43.3944],[3.3847,43.3943],[3.385,43.3941],[3.3854,43.394],[3.3856,43.394],[3.3859,43.394],[3.3862,43.394],[3.3866,43.3941],[3.3869,43.394],[3.3872,43.394],[3.3874,43.3939],[3.3876,43.3938],[3.3877,43.3937],[3.3879,43.3935],[3.3881,43.3934],[3.3883,43.3933],[3.3885,43.3932],[3.3888,43.3932],[3.3892,43.3932],[3.3895,43.3932],[3.3898,43.3931],[3.3901,43.3929],[3.3905,43.3928],[3.3908,43.3926],[3.3912,43.3926],[3.3915,43.3925],[3.3918,43.3925],[3.3921,43.3925],[3.3924,43.3925],[3.3928,43.3926],[3.3932,43.3926],[3.3936,43.3927],[3.394,43.3928],[3.3946,43.3928],[3.3953,43.3928],[3.3959,43.3927],[3.3964,43.3925],[3.3969,43.3924],[3.3972,43.3923],[3.3974,43.3921],[3.3977,43.3919],[3.398,43.3917],[3.3982,43.3915],[3.3984,43.3914],[3.3987,43.3913],[3.399,43.3913],[3.3993,43.3913],[3.3995,43.3913],[3.3998,43.3913],[3.4003,43.3915],[3.4009,43.3917],[3.4013,43.3918],[3.4017,43.3919],[3.4025,43.3919],[3.4035,43.3918],[3.4044,43.3917],[3.4051,43.3916],[3.4054,43.3915],[3.4056,43.3914],[3.4057,43.3912],[3.4059,43.391],[3.406,43.3908],[3.406,43.3905],[3.406,43.3903],[3.4059,43.3901],[3.4059,43.3899],[3.4058,43.3898],[3.4057,43.3897],[3.4057,43.3897],[3.4059,43.3897],[3.4061,43.3897],[3.4063,43.3897],[3.4066,43.3897],[3.4069,43.3898],[3.4072,43.3899],[3.4075,43.39],[3.4078,43.3903],[3.4081,43.3905],[3.4083,43.3907],[3.4087,43.3911],[3.4094,43.3919],[3.4098,43.3923],[3.4101,43.3925],[3.4103,43.3926],[3.4106,43.3927],[3.4109,43.3927],[3.4112,43.3928],[3.4115,43.3928],[3.4117,43.3927],[3.4119,43.3927],[3.4121,43.3926],[3.4122,43.3925],[3.4123,43.3924],[3.4125,43.3923],[3.4125,43.3922],[3.4127,43.3922],[3.4131,43.3921],[3.4135,43.392],[3.4137,43.3919],[3.4138,43.3918],[3.4139,43.3917],[3.4141,43.3916],[3.4143,43.3916],[3.4144,43.3915],[3.4146,43.3916],[3.4144,43.3915],[3.414,43.3914],[3.4135,43.3914],[3.4131,43.3914],[3.4129,43.3916],[3.4127,43.3917],[3.4122,43.3917],[3.4116,43.3916],[3.4114,43.3917],[3.411,43.3919],[3.4108,43.3919],[3.4106,43.3917],[3.4105,43.3913],[3.4104,43.3911],[3.41,43.3909],[3.4098,43.3907],[3.4098,43.3905],[3.4099,43.3902],[3.41,43.3899],[3.4101,43.3898],[3.4105,43.3896],[3.4106,43.3895],[3.4105,43.3891],[3.4104,43.3888],[3.4106,43.3887],[3.4107,43.3885],[3.4106,43.3883],[3.4106,43.3881],[3.4107,43.3879],[3.411,43.3878],[3.4113,43.3878],[3.4115,43.3876],[3.412,43.3875],[3.4124,43.3875],[3.413,43.3874],[3.4135,43.3874],[3.4137,43.3873],[3.4139,43.3872],[3.414,43.387],[3.4139,43.3869],[3.4139,43.3867],[3.4139,43.3864],[3.4139,43.3863],[3.4134,43.3861],[3.4131,43.3859],[3.4129,43.3857],[3.4127,43.3856],[3.4126,43.3856],[3.4123,43.3855],[3.412,43.3853],[3.4119,43.3851],[3.4119,43.3849],[3.4119,43.3847],[3.4117,43.3845],[3.4115,43.3845],[3.4112,43.3846],[3.4109,43.3848],[3.4107,43.3849],[3.4103,43.385],[3.4099,43.385],[3.4096,43.3851],[3.4094,43.3852],[3.4092,43.3852],[3.4089,43.3851],[3.4086,43.385],[3.4082,43.385],[3.4075,43.385],[3.4065,43.3849],[3.4058,43.3847],[3.4054,43.3844],[3.405,43.3842],[3.4047,43.3841],[3.4046,43.3841],[3.4046,43.3842],[3.4046,43.3843],[3.4045,43.3845],[3.4044,43.3847],[3.4042,43.3847],[3.4039,43.3847],[3.4037,43.3846],[3.4035,43.3845],[3.4033,43.3846],[3.403,43.3848],[3.4027,43.3851],[3.4024,43.3853],[3.4022,43.3853],[3.4018,43.3852],[3.4015,43.385],[3.4013,43.3848],[3.4012,43.3847],[3.4009,43.3844],[3.4008,43.3841],[3.4008,43.3837],[3.4008,43.3832],[3.4006,43.3829],[3.4003,43.3827],[3.4001,43.3826],[3.3999,43.3825],[3.3995,43.3824],[3.3992,43.3824],[3.399,43.3824],[3.3987,43.3824],[3.3983,43.3824],[3.3979,43.3825],[3.3976,43.3826],[3.3974,43.3827],[3.3972,43.3829],[3.397,43.383],[3.3968,43.3833],[3.3963,43.384],[3.3958,43.3846],[3.3956,43.3849],[3.3955,43.385],[3.3952,43.3852],[3.395,43.3854],[3.3947,43.3855],[3.3945,43.3856],[3.3942,43.3856],[3.3939,43.3856],[3.3935,43.3856],[3.3932,43.3856],[3.3929,43.3856],[3.3925,43.3857],[3.3922,43.3858],[3.3919,43.3859],[3.3916,43.386],[3.3913,43.3862],[3.391,43.3864],[3.3907,43.3867],[3.3905,43.3869],[3.3903,43.3871],[3.3901,43.3874],[3.39,43.3876],[3.3899,43.3878],[3.3899,43.3879],[3.39,43.3879],[3.3901,43.3882],[3.3903,43.3883],[3.3904,43.3884],[3.3904,43.3886],[3.3905,43.3887],[3.3906,43.3889],[3.3906,43.3891],[3.3905,43.3892],[3.3904,43.3894],[3.3903,43.3896],[3.3902,43.3898],[3.39,43.3899],[3.3898,43.39],[3.3896,43.3902],[3.3893,43.3903],[3.3888,43.3905],[3.3884,43.3906],[3.388,43.3907],[3.3875,43.3908],[3.3871,43.3909],[3.3867,43.391],[3.3863,43.391],[3.3858,43.391],[3.3853,43.391],[3.385,43.3909],[3.3847,43.3909],[3.3845,43.3908],[3.3842,43.3907],[3.3838,43.3905],[3.3834,43.3904],[3.3831,43.3903],[3.3829,43.3903],[3.3827,43.3903],[3.3825,43.3904],[3.3822,43.3904],[3.3821,43.3905],[3.3819,43.3906],[3.3819,43.3907],[3.3818,43.3909],[3.3816,43.3911],[3.3815,43.3913],[3.3813,43.3915],[3.3812,43.3915],[3.3811,43.3916],[3.3809,43.3917],[3.3807,43.3917],[3.3804,43.3918],[3.38,43.3918],[3.3795,43.3919],[3.3791,43.3919],[3.3788,43.392],[3.3785,43.3921],[3.3783,43.3922],[3.378,43.3924],[3.3779,43.3927],[3.3777,43.393],[3.3777,43.3933],[3.3777,43.3935],[3.3778,43.3938],[3.3778,43.3941],[3.3779,43.3944],[3.3778,43.3946],[3.3777,43.3948],[3.3776,43.395],[3.3774,43.3951],[3.3772,43.3953],[3.3768,43.3955],[3.3763,43.3957]]]}},{"type":"Feature","properties":{"MI_PRINX":3667949.0,"CARTE":264,"CODE":3316,"CODE_LEG":424,"NOTATION":"h1MF","DESCR":"Calcaires et lydiennes à nodules phosphatés du Pic de Vissou et de la Serre - Nappes des Monts de Faugères (Tournaisien)","C_FOND":20,"M_FOND":40,"J_FOND":70,"N_FOND":0,"NOM_SYMB":null,"C_SYMB":-1,"M_SYMB":-1,"J_SYMB":-1,"N_SYMB":-1,"ROT_SYMB":0,"score_potentiel":70,"niveau_potentiel":"Très élevé 🌟","pente_degres":33.3,"type_affleurement":"Affleurement Fort (Falaise / Ravine) 🔴","score_relieffiltered":100.0},"geometry":{"type":"Polygon","coordinates":[[[3.1845,43.5954],[3.1847,43.5952],[3.1839,43.595],[3.182,43.595],[3.1816,43.5951],[3.1797,43.5954],[3.1788,43.5954],[3.1786,43.5954],[3.1783,43.5953],[3.1777,43.595],[3.1773,43.5949],[3.1762,43.5946],[3.1761,43.5946],[3.176,43.5945],[3.1759,43.5945],[3.1754,43.5945],[3.1748,43.5942],[3.1745,43.5941],[3.1733,43.5935],[3.1724,43.5932],[3.1713,43.5932],[3.171,43.5933],[3.1708,43.5932],[3.1705,43.5934],[3.1704,43.5936],[3.1708,43.5936],[3.1713,43.5935],[3.1723,43.5935],[3.1731,43.5937],[3.1733,43.5938],[3.1739,43.5941],[3.1747,43.5945],[3.1753,43.5947],[3.1755,43.5947],[3.1756,43.5947],[3.176,43.5948],[3.1761,43.5948],[3.1769,43.595],[3.178,43.5956],[3.1786,43.5957],[3.1789,43.5957],[3.1794,43.5957],[3.1801,43.5956],[3.181,43.5954],[3.1811,43.5954],[3.1818,43.5953],[3.1821,43.5953],[3.1826,43.5953],[3.1833,43.5953],[3.1843,43.5954],[3.1845,43.5954]]]}},{"type":"Feature","properties":{"MI_PRINX":3668091.0,"CARTE":264,"CODE":3316,"CODE_LEG":424,"NOTATION":"h1MF","DESCR":"Calcaires et lydiennes à nodules phosphatés du Pic de Vissou et de la Serre - Nappes des Monts de Faugères (Tournaisien)","C_FOND":20,"M_FOND":40,"J_FOND":70,"N_FOND":0,"NOM_SYMB":null,"C_SYMB":-1,"M_SYMB":-1,"J_SYMB":-1,"N_SYMB":-1,"ROT_SYMB":0,"score_potentiel":70,"niveau_potentiel":"Très élevé 🌟","pente_degres":32.1,"type_affleurement":"Affleurement Fort (Falaise / Ravine) 🔴","score_relieffiltered":100.0},"geometry":{"type":"Polygon","coordinates":[[[3.2185,43.5928],[3.2183,43.5934],[3.2191,43.5938],[3.2193,43.5939],[3.2199,43.5938],[3.2213,43.5933],[3.2218,43.5932],[3.2219,43.5932],[3.222,43.5932],[3.2221,43.5932],[3.2231,43.593],[3.2237,43.5928],[3.2248,43.5926],[3.2255,43.5925],[3.2256,43.5925],[3.2266,43.5925],[3.2275,43.5926],[3.2279,43.5926],[3.2282,43.5926],[3.2273,43.5917],[3.2255,43.5918],[3.2251,43.5918],[3.2244,43.5921],[3.2235,43.5922],[3.2229,43.5924],[3.2225,43.5925],[3.2218,43.5924],[3.2211,43.5926],[3.221,43.5925],[3.2209,43.5925],[3.2205,43.5924],[3.22,43.5924],[3.2197,43.5922],[3.2192,43.592],[3.219,43.592],[3.2188,43.5922],[3.2193,43.5923],[3.2196,43.5925],[3.2201,43.5926],[3.2201,43.5927],[3.2201,43.5928],[3.2193,43.5931],[3.2185,43.5928]]]}},{"type":"Feature","properties":{"MI_PRINX":3668111.0,"CARTE":264,"CODE":3316,"CODE_LEG":424,"NOTATION":"h1MF","DESCR":"Calcaires et lydiennes à nodules phosphatés du Pic de Vissou et de la Serre - Nappes des Monts de Faugères (Tournaisien)","C_FOND":20,"M_FOND":40,"J_FOND":70,"N_FOND":0,"NOM_SYMB":null,"C_SYMB":-1,"M_SYMB":-1,"J_SYMB":-1,"N_SYMB":-1,"ROT_SYMB":0,"score_potentiel":70,"niveau_potentiel":"Très élevé 🌟","pente_degres":32.6,"type_affleurement":"Affleurement Fort (Falaise / Ravine) 🔴","score_relieffiltered":100.0},"geometry":{"type":"Polygon","coordinates":[[[3.1699,43.5939],[3.1695,43.5938],[3.1674,43.5929],[3.1659,43.5924],[3.1652,43.5924],[3.1646,43.5925],[3.1639,43.5923],[3.1637,43.5923],[3.1634,43.5923],[3.1632,43.5925],[3.1634,43.5926],[3.1638,43.5926],[3.1644,43.5927],[3.165,43.5927],[3.1657,43.5927],[3.1661,43.5928],[3.1671,43.5931],[3.1694,43.594],[3.1696,43.5941],[3.1699,43.5939]]]}},{"type":"Feature","properties":{"MI_PRINX":3668254.0,"CARTE":264,"CODE":3316,"CODE_LEG":424,"NOTATION":"h1MF","DESCR":"Calcaires et lydiennes à nodules phosphatés du Pic de Vissou et de la Serre - Nappes des Monts de Faugères (Tournaisien)","C_FOND":20,"M_FOND":40,"J_FOND":70,"N_FOND":0,"NOM_SYMB":null,"C_SYMB":-1,"M_SYMB":-1,"J_SYMB":-1,"N_SYMB":-1,"ROT_SYMB":0,"score_potentiel":70,"niveau_potentiel":"Très élevé 🌟","pente_degres":33.5,"type_affleurement":"Affleurement Fort (Falaise / Ravine) 🔴","score_relieffiltered":100.0},"geometry":{"type":"Polygon","coordinates":[[[3.214,43.5907],[3.2147,43.5908],[3.216,43.5908],[3.2168,43.5908],[3.2187,43.5908],[3.2213,43.591],[3.2227,43.591],[3.2232,43.5909],[3.2235,43.5909],[3.2241,43.5909],[3.2258,43.5908],[3.2268,43.5908],[3.2273,43.5908],[3.2288,43.5908],[3.2292,43.5907],[3.2304,43.5907],[3.2314,43.5909],[3.2345,43.5917],[3.2358,43.5919],[3.2366,43.592],[3.2369,43.592],[3.2375,43.592],[3.238,43.5919],[3.2385,43.5917],[3.2388,43.5916],[3.2381,43.5917],[3.2376,43.5916],[3.2366,43.5914],[3.2356,43.5913],[3.2354,43.5912],[3.2353,43.5912],[3.2348,43.5911],[3.2347,43.5911],[3.2339,43.5909],[3.2317,43.5901],[3.231,43.5899],[3.2308,43.5899],[3.2306,43.5899],[3.2301,43.5899],[3.2285,43.5898],[3.2269,43.59],[3.2265,43.59],[3.2256,43.5901],[3.2252,43.5901],[3.2243,43.5901],[3.2229,43.5901],[3.2201,43.5902],[3.2188,43.5902],[3.2186,43.5902],[3.2181,43.5903],[3.2171,43.5904],[3.2164,43.5905],[3.2161,43.5903],[3.2163,43.5901],[3.2174,43.5898],[3.2182,43.5896],[3.2181,43.5895],[3.2171,43.5893],[3.2148,43.5893],[3.2144,43.5893],[3.2138,43.5894],[3.2136,43.5894],[3.2132,43.5895],[3.2122,43.5896],[3.2114,43.5896],[3.211,43.5896],[3.2108,43.5896],[3.2104,43.5895],[3.2091,43.5891],[3.2081,43.5889],[3.2079,43.5889],[3.2073,43.5889],[3.2067,43.5889],[3.2064,43.5889],[3.2061,43.589],[3.2054,43.5891],[3.2035,43.5897],[3.2019,43.5903],[3.2005,43.5905],[3.2002,43.5906],[3.1992,43.5906],[3.1981,43.5905],[3.1978,43.5904],[3.196,43.59],[3.1956,43.5899],[3.195,43.5899],[3.1927,43.5898],[3.1922,43.5899],[3.1919,43.5898],[3.1916,43.5898],[3.1911,43.5896],[3.1906,43.5903],[3.1907,43.5903],[3.1912,43.5905],[3.1917,43.5906],[3.192,43.5906],[3.1922,43.5906],[3.1925,43.5906],[3.193,43.5907],[3.1943,43.5907],[3.1955,43.5907],[3.1959,43.5907],[3.1968,43.5909],[3.1981,43.5911],[3.1987,43.5912],[3.199,43.5912],[3.1996,43.5912],[3.2006,43.5912],[3.2012,43.5912],[3.2026,43.5909],[3.2042,43.5905],[3.2065,43.5897],[3.2073,43.5897],[3.2082,43.5898],[3.2092,43.5902],[3.2099,43.5904],[3.2106,43.5905],[3.2126,43.5904],[3.2141,43.5902],[3.2145,43.5902],[3.2145,43.5902],[3.214,43.5907]]]}},{"type":"Feature","properties":{"MI_PRINX":3676389.0,"CARTE":264,"CODE":1014,"CODE_LEG":206,"NOTATION":"c6SC","DESCR":"Formations calcaires de Cruzy (Maastrichtien)","C_FOND":10,"M_FOND":0,"J_FOND":50,"N_FOND":0,"NOM_SYMB":"S01_002","C_SYMB":100,"M_SYMB":100,"J_SYMB":0,"N_SYMB":0,"ROT_SYMB":90,"score_potentiel":85,"niveau_potentiel":"Très élevé 🌟","pente_degres":32.0,"type_affleurement":"Affleurement Fort (Falaise / Ravine) 🔴","score_relieffiltered":100.0},"geometry":{"type":"Polygon","coordinates":[[[2.9201,43.3949],[2.9204,43.3949],[2.9208,43.3948],[2.9207,43.3948],[2.9206,43.3947],[2.9205,43.3947],[2.9202,43.3945],[2.92,43.3943],[2.9198,43.394],[2.9197,43.3936],[2.9197,43.3932],[2.9197,43.3928],[2.9197,43.3925],[2.9193,43.3921],[2.9189,43.3919],[2.9185,43.3918],[2.9181,43.3917],[2.9179,43.3915],[2.9177,43.3914],[2.9176,43.3913],[2.9174,43.3911],[2.9173,43.3908],[2.9172,43.3906],[2.917,43.3903],[2.9167,43.3901],[2.9164,43.3899],[2.9161,43.3899],[2.9158,43.3898],[2.9156,43.3898],[2.9153,43.3897],[2.915,43.3895],[2.9146,43.3891],[2.9142,43.3888],[2.9141,43.3887],[2.9141,43.3885],[2.9138,43.3883],[2.9136,43.3881],[2.9134,43.3879],[2.9132,43.3876],[2.913,43.3874],[2.9128,43.3872],[2.9127,43.3876],[2.9126,43.3877],[2.9124,43.3884],[2.9128,43.3886],[2.9132,43.3889],[2.9136,43.3892],[2.9141,43.3896],[2.9143,43.3899],[2.9145,43.3901],[2.9149,43.3905],[2.9152,43.3908],[2.9154,43.3909],[2.9156,43.3911],[2.9159,43.3912],[2.9161,43.3912],[2.9163,43.3913],[2.9167,43.3914],[2.917,43.3915],[2.9174,43.3916],[2.9177,43.3917],[2.918,43.3918],[2.9182,43.392],[2.9184,43.3922],[2.9186,43.3924],[2.9188,43.3925],[2.9189,43.3927],[2.9191,43.3928],[2.9192,43.393],[2.9193,43.3932],[2.9194,43.3934],[2.9194,43.3936],[2.9193,43.3939],[2.9193,43.3941],[2.9193,43.3943],[2.9193,43.3944],[2.9194,43.3945],[2.9196,43.3946],[2.9198,43.3947],[2.9201,43.3949]]]}},{"type":"Feature","properties":{"MI_PRINX":3667774.0,"CARTE":264,"CODE":50,"CODE_LEG":50,"NOTATION":"Fy","DESCR":"Blocs, galets et graviers de calcaires siliceux, de grès, de quartz, de lydiennes, de porphyrites et de débris basaltiques (Terrasses glaciaires Würm)","C_FOND":10,"M_FOND":0,"J_FOND":10,"N_FOND":0,"NOM_SYMB":null,"C_SYMB":-1,"M_SYMB":-1,"J_SYMB":-1,"N_SYMB":-1,"ROT_SYMB":0,"score_potentiel":70,"niveau_potentiel":"Très élevé 🌟","pente_degres":17.0,"type_affleurement":"Affleurement Moyen (Escarpement) 🟠","score_relieffiltered":79.8},"geometry":{"type":"Polygon","coordinates":[[[2.7883,43.6],[2.7885,43.6],[2.7887,43.6],[2.789,43.5998],[2.7892,43.5995],[2.7896,43.5993],[2.791,43.5987],[2.7914,43.5984],[2.7916,43.5982],[2.7917,43.5981],[2.7916,43.5977],[2.7916,43.5975],[2.7916,43.5973],[2.7914,43.5971],[2.7911,43.5966],[2.7909,43.5962],[2.791,43.5959],[2.7911,43.5956],[2.7912,43.5955],[2.7913,43.5952],[2.7911,43.5952],[2.7904,43.5957],[2.79,43.5959],[2.7893,43.5965],[2.789,43.5968],[2.7886,43.5971],[2.7886,43.5973],[2.7886,43.598],[2.7887,43.5983],[2.7887,43.5987],[2.7887,43.5989],[2.7887,43.5994],[2.7886,43.5997],[2.7883,43.6]]]}},{"type":"Feature","properties":{"MI_PRINX":3676364.0,"CARTE":264,"CODE":50,"CODE_LEG":50,"NOTATION":"Fy","DESCR":"Blocs, galets et graviers de calcaires siliceux, de grès, de quartz, de lydiennes, de porphyrites et de débris basaltiques (Terrasses glaciaires Würm)","C_FOND":10,"M_FOND":0,"J_FOND":10,"N_FOND":0,"NOM_SYMB":null,"C_SYMB":-1,"M_SYMB":-1,"J_SYMB":-1,"N_SYMB":-1,"ROT_SYMB":0,"score_potentiel":70,"niveau_potentiel":"Très élevé 🌟","pente_degres":32.2,"type_affleurement":"Affleurement Fort (Falaise / Ravine) 🔴","score_relieffiltered":100.0},"geometry":{"type":"Polygon","coordinates":[[[3.3002,43.3849],[3.3,43.3851],[3.2998,43.3853],[3.2996,43.3854],[3.2994,43.3856],[3.2992,43.3857],[3.2989,43.3857],[3.2987,43.3858],[3.2985,43.3859],[3.2984,43.386],[3.2982,43.3861],[3.2981,43.3863],[3.2978,43.3864],[3.2973,43.3866],[3.2968,43.3868],[3.2962,43.3871],[3.2957,43.3873],[3.2953,43.3875],[3.295,43.3878],[3.2947,43.388],[3.2945,43.388],[3.2941,43.388],[3.2936,43.388],[3.2932,43.3881],[3.2929,43.3882],[3.2925,43.3883],[3.2921,43.3885],[3.2918,43.3887],[3.2916,43.3889],[3.2911,43.3894],[3.2905,43.39],[3.2903,43.3903],[3.2901,43.3905],[3.2895,43.3907],[3.2889,43.391],[3.2885,43.3911],[3.2883,43.3913],[3.2882,43.3916],[3.2881,43.3918],[3.2881,43.392],[3.288,43.3921],[3.2879,43.3923],[3.288,43.3923],[3.2881,43.3923],[3.2883,43.3923],[3.2886,43.3922],[3.2889,43.3921],[3.2894,43.3918],[3.2899,43.3915],[3.2902,43.3914],[3.2904,43.3914],[3.2906,43.3914],[3.2908,43.3913],[3.291,43.3911],[3.2912,43.3908],[3.2915,43.3906],[3.2917,43.3905],[3.2919,43.3904],[3.2921,43.3903],[3.2923,43.3901],[3.2925,43.39],[3.2926,43.3899],[3.2928,43.3899],[3.2931,43.3899],[3.2934,43.3898],[3.2937,43.3897],[3.2939,43.3895],[3.2941,43.3894],[3.2944,43.3893],[3.2949,43.3892],[3.2955,43.3891],[3.2959,43.389],[3.296,43.389],[3.2964,43.3886],[3.2969,43.3882],[3.2971,43.388],[3.2976,43.3879],[3.2982,43.3877],[3.2986,43.3876],[3.2988,43.3875],[3.299,43.3873],[3.2994,43.3871],[3.2997,43.3869],[3.3001,43.3868],[3.3004,43.3867],[3.3006,43.3866],[3.3007,43.3865],[3.3008,43.3865],[3.3008,43.3866],[3.3009,43.3866],[3.3009,43.3867],[3.3006,43.3869],[3.3003,43.3871],[3.3,43.3872],[3.2999,43.3875],[3.2997,43.3878],[3.2996,43.3881],[3.2996,43.3884],[3.2995,43.3887],[3.2995,43.3888],[3.2993,43.3889],[3.2991,43.3891],[3.299,43.3893],[3.299,43.3896],[3.2988,43.3897],[3.2986,43.3899],[3.2983,43.3901],[3.2982,43.3903],[3.2981,43.3906],[3.2981,43.3909],[3.298,43.3912],[3.2979,43.3915],[3.2977,43.3919],[3.2974,43.3922],[3.2972,43.3925],[3.297,43.3927],[3.2967,43.3929],[3.2965,43.3931],[3.2963,43.3933],[3.2963,43.3935],[3.2963,43.3936],[3.2963,43.3936],[3.2964,43.3936],[3.2966,43.3936],[3.297,43.3935],[3.2973,43.3934],[3.2976,43.3933],[3.2979,43.3931],[3.2981,43.3928],[3.2982,43.3926],[3.2982,43.3923],[3.2983,43.3921],[3.2983,43.3918],[3.2985,43.3917],[3.2988,43.3916],[3.299,43.3917],[3.2993,43.3917],[3.2995,43.3918],[3.2998,43.3918],[3.3,43.3917],[3.3002,43.3915],[3.3004,43.3911],[3.3006,43.3907],[3.3006,43.3904],[3.3007,43.3901],[3.3009,43.3898],[3.3012,43.3896],[3.3015,43.3894],[3.3017,43.3892],[3.3017,43.3891],[3.3016,43.3889],[3.3015,43.3886],[3.3014,43.3885],[3.3015,43.3882],[3.3017,43.3879],[3.302,43.3877],[3.3023,43.3875],[3.3027,43.3874],[3.3035,43.3871],[3.3041,43.3869],[3.3045,43.3867],[3.305,43.3865],[3.3053,43.3862],[3.3055,43.386],[3.3057,43.3858],[3.3058,43.3853],[3.3059,43.3847],[3.306,43.3843],[3.306,43.384],[3.3061,43.3838],[3.3062,43.3836],[3.3064,43.3834],[3.3066,43.3833],[3.3071,43.3831],[3.3074,43.3829],[3.3077,43.3828],[3.3078,43.3827],[3.3079,43.3826],[3.3079,43.3825],[3.3079,43.3819],[3.3078,43.3815],[3.3079,43.3813],[3.3079,43.3812],[3.308,43.381],[3.308,43.3809],[3.3081,43.3807],[3.3082,43.3806],[3.3084,43.3804],[3.3086,43.3802],[3.309,43.3796],[3.3093,43.379],[3.3092,43.3789],[3.3089,43.3788],[3.3086,43.3789],[3.308,43.3793],[3.3074,43.3797],[3.3073,43.3798],[3.307,43.38],[3.3067,43.3801],[3.3063,43.3801],[3.3061,43.3802],[3.3058,43.3802],[3.3052,43.3802],[3.3048,43.3803],[3.3045,43.3804],[3.3044,43.3805],[3.3043,43.3806],[3.3043,43.3808],[3.3043,43.381],[3.3043,43.3812],[3.3043,43.3815],[3.304,43.3818],[3.3037,43.382],[3.3034,43.3822],[3.303,43.3824],[3.3028,43.3826],[3.3028,43.3828],[3.3027,43.3831],[3.3026,43.3835],[3.3024,43.3838],[3.3022,43.3841],[3.3019,43.3844],[3.3016,43.3845],[3.3012,43.3847],[3.3008,43.3848],[3.3002,43.3849]]]}},{"type":"Feature","properties":{"MI_PRINX":3668062.0,"CARTE":264,"CODE":50,"CODE_LEG":50,"NOTATION":"Fy","DESCR":"Blocs, galets et graviers de calcaires siliceux, de grès, de quartz, de lydiennes, de porphyrites et de débris basaltiques (Terrasses glaciaires Würm)","C_FOND":10,"M_FOND":0,"J_FOND":10,"N_FOND":0,"NOM_SYMB":null,"C_SYMB":-1,"M_SYMB":-1,"J_SYMB":-1,"N_SYMB":-1,"ROT_SYMB":0,"score_potentiel":70,"niveau_potentiel":"Très élevé 🌟","pente_degres":20.5,"type_affleurement":"Affleurement Moyen (Escarpement) 🟠","score_relieffiltered":84.7},"geometry":{"type":"Polygon","coordinates":[[[3.429,43.592],[3.4296,43.5923],[3.4302,43.5923],[3.431,43.592],[3.4314,43.592],[3.4318,43.5921],[3.4323,43.5921],[3.4331,43.5918],[3.4339,43.5916],[3.4343,43.5916],[3.4347,43.5915],[3.4349,43.5915],[3.4354,43.5912],[3.4362,43.5904],[3.4355,43.5904],[3.4349,43.5905],[3.4342,43.5906],[3.4331,43.5909],[3.4318,43.5912],[3.4316,43.5913],[3.4298,43.5917],[3.429,43.592]]]}},{"type":"Feature","properties":{"MI_PRINX":3668201.0,"CARTE":264,"CODE":3316,"CODE_LEG":424,"NOTATION":"h1MF","DESCR":"Calcaires et lydiennes à nodules phosphatés du Pic de Vissou et de la Serre - Nappes des Monts de Faugères (Tournaisien)","C_FOND":20,"M_FOND":40,"J_FOND":70,"N_FOND":0,"NOM_SYMB":null,"C_SYMB":-1,"M_SYMB":-1,"J_SYMB":-1,"N_SYMB":-1,"ROT_SYMB":0,"score_potentiel":70,"niveau_potentiel":"Très élevé 🌟","pente_degres":32.4,"type_affleurement":"Affleurement Fort (Falaise / Ravine) 🔴","score_relieffiltered":100.0},"geometry":{"type":"Polygon","coordinates":[[[3.1579,43.5924],[3.1579,43.5923],[3.1578,43.5922],[3.1574,43.5923],[3.1569,43.5923],[3.1565,43.592],[3.1562,43.5915],[3.1559,43.5918],[3.1561,43.592],[3.1564,43.5924],[3.1569,43.5926],[3.1571,43.5926],[3.1574,43.5926],[3.1576,43.5926],[3.1576,43.5927],[3.1582,43.5931],[3.1589,43.5932],[3.1608,43.5932],[3.1615,43.5932],[3.1615,43.5932],[3.1621,43.593],[3.1622,43.593],[3.1622,43.5929],[3.1619,43.5929],[3.1602,43.593],[3.1598,43.5929],[3.1591,43.5929],[3.1586,43.5928],[3.1579,43.5924]]]}},{"type":"Feature","properties":{"MI_PRINX":3668202.0,"CARTE":264,"CODE":3316,"CODE_LEG":424,"NOTATION":"h1MF","DESCR":"Calcaires et lydiennes à nodules phosphatés du Pic de Vissou et de la Serre - Nappes des Monts de Faugères (Tournaisien)","C_FOND":20,"M_FOND":40,"J_FOND":70,"N_FOND":0,"NOM_SYMB":null,"C_SYMB":-1,"M_SYMB":-1,"J_SYMB":-1,"N_SYMB":-1,"ROT_SYMB":0,"score_potentiel":70,"niveau_potentiel":"Très élevé 🌟","pente_degres":32.4,"type_affleurement":"Affleurement Fort (Falaise / Ravine) 🔴","score_relieffiltered":100.0},"geometry":{"type":"Polygon","coordinates":[[[3.2188,43.5922],[3.2177,43.5918],[3.2178,43.5918],[3.218,43.5917],[3.2179,43.5916],[3.2179,43.5916],[3.2175,43.5916],[3.216,43.5913],[3.2155,43.5912],[3.2136,43.5912],[3.213,43.5912],[3.2117,43.5913],[3.2113,43.5913],[3.2098,43.5914],[3.2088,43.5913],[3.2086,43.5912],[3.2083,43.5916],[3.2081,43.5919],[3.2081,43.5919],[3.2085,43.592],[3.2091,43.592],[3.2099,43.5918],[3.2102,43.5918],[3.211,43.5918],[3.2126,43.5917],[3.2136,43.5917],[3.2147,43.5917],[3.2155,43.5918],[3.2156,43.5918],[3.2157,43.5918],[3.2157,43.5918],[3.217,43.5921],[3.2179,43.5924],[3.2185,43.5928],[3.2188,43.5922]]]}},{"type":"Feature","properties":{"MI_PRINX":3668221.0,"CARTE":264,"CODE":3316,"CODE_LEG":424,"NOTATION":"h1MF","DESCR":"Calcaires et lydiennes à nodules phosphatés du Pic de Vissou et de la Serre - Nappes des Monts de Faugères (Tournaisien)","C_FOND":20,"M_FOND":40,"J_FOND":70,"N_FOND":0,"NOM_SYMB":null,"C_SYMB":-1,"M_SYMB":-1,"J_SYMB":-1,"N_SYMB":-1,"ROT_SYMB":0,"score_potentiel":70,"niveau_potentiel":"Très élevé 🌟","pente_degres":33.1,"type_affleurement":"Affleurement Fort (Falaise / Ravine) 🔴","score_relieffiltered":100.0},"geometry":{"type":"Polygon","coordinates":[[[3.1714,43.5927],[3.1711,43.5925],[3.1698,43.5919],[3.1691,43.5918],[3.1685,43.5917],[3.1667,43.5914],[3.166,43.5911],[3.1651,43.5911],[3.1648,43.5912],[3.1642,43.5912],[3.1631,43.5912],[3.1623,43.5911],[3.1616,43.5909],[3.1608,43.5904],[3.1603,43.5901],[3.1598,43.5901],[3.1594,43.5901],[3.1585,43.5904],[3.1583,43.5904],[3.1579,43.5903],[3.1571,43.5896],[3.1568,43.59],[3.1571,43.5902],[3.1575,43.5906],[3.1581,43.5908],[3.1586,43.5907],[3.1592,43.5906],[3.1592,43.5906],[3.1597,43.5904],[3.1601,43.5904],[3.1613,43.5912],[3.1618,43.5915],[3.1627,43.5916],[3.1636,43.5916],[3.1641,43.5915],[3.1643,43.5915],[3.1648,43.5915],[3.1649,43.5915],[3.1654,43.5914],[3.1656,43.5914],[3.1659,43.5914],[3.1671,43.5918],[3.1685,43.5921],[3.1694,43.5922],[3.1701,43.5925],[3.1711,43.5929],[3.1713,43.5928],[3.1714,43.5927]]]}},{"type":"Feature","properties":{"MI_PRINX":3668223.0,"CARTE":264,"CODE":50,"CODE_LEG":50,"NOTATION":"Fy","DESCR":"Blocs, galets et graviers de calcaires siliceux, de grès, de quartz, de lydiennes, de porphyrites et de débris basaltiques (Terrasses glaciaires Würm)","C_FOND":10,"M_FOND":0,"J_FOND":10,"N_FOND":0,"NOM_SYMB":null,"C_SYMB":-1,"M_SYMB":-1,"J_SYMB":-1,"N_SYMB":-1,"ROT_SYMB":0,"score_potentiel":70,"niveau_potentiel":"Très élevé 🌟","pente_degres":19.5,"type_affleurement":"Affleurement Moyen (Escarpement) 🟠","score_relieffiltered":83.3},"geometry":{"type":"Polygon","coordinates":[[[3.0792,43.592],[3.0787,43.5918],[3.0787,43.592],[3.0795,43.5929],[3.0802,43.5933],[3.081,43.5935],[3.0814,43.5935],[3.0815,43.5935],[3.0816,43.5936],[3.0818,43.5935],[3.0814,43.5932],[3.0792,43.592]]]}},{"type":"Feature","properties":{"MI_PRINX":3668511.0,"CARTE":264,"CODE":3316,"CODE_LEG":424,"NOTATION":"h1MF","DESCR":"Calcaires et lydiennes à nodules phosphatés du Pic de Vissou et de la Serre - Nappes des Monts de Faugères (Tournaisien)","C_FOND":20,"M_FOND":40,"J_FOND":70,"N_FOND":0,"NOM_SYMB":null,"C_SYMB":-1,"M_SYMB":-1,"J_SYMB":-1,"N_SYMB":-1,"ROT_SYMB":0,"score_potentiel":70,"niveau_potentiel":"Très élevé 🌟","pente_degres":33.3,"type_affleurement":"Affleurement Fort (Falaise / Ravine) 🔴","score_relieffiltered":100.0},"geometry":{"type":"Polygon","coordinates":[[[3.191,43.5896],[3.1913,43.5891],[3.1913,43.5891],[3.19,43.5888],[3.1895,43.5887],[3.1893,43.5887],[3.188,43.5885],[3.1873,43.5884],[3.187,43.5885],[3.1866,43.5884],[3.1865,43.5884],[3.1859,43.5883],[3.1858,43.5883],[3.1842,43.5882],[3.1836,43.5882],[3.1825,43.5882],[3.1822,43.5881],[3.1821,43.5881],[3.1813,43.5877],[3.1804,43.5874],[3.1798,43.5872],[3.1791,43.5871],[3.1779,43.5871],[3.1776,43.587],[3.1774,43.5871],[3.1766,43.5869],[3.1755,43.5867],[3.1747,43.5864],[3.1732,43.586],[3.1697,43.5852],[3.1686,43.5849],[3.168,43.5847],[3.1679,43.5848],[3.1658,43.5842],[3.1647,43.584],[3.1657,43.5845],[3.1667,43.5848],[3.1678,43.5851],[3.169,43.5854],[3.1704,43.5858],[3.172,43.5864],[3.1733,43.5868],[3.174,43.587],[3.1743,43.5871],[3.1749,43.5872],[3.1754,43.5873],[3.1764,43.5875],[3.177,43.5875],[3.1773,43.5876],[3.1778,43.5876],[3.1784,43.5876],[3.1795,43.5877],[3.1802,43.5879],[3.1811,43.5883],[3.182,43.5886],[3.1824,43.5887],[3.1825,43.5886],[3.1831,43.5888],[3.1832,43.5888],[3.1841,43.5888],[3.1843,43.5889],[3.1844,43.5889],[3.1853,43.5889],[3.1865,43.589],[3.1867,43.589],[3.1875,43.589],[3.1882,43.5891],[3.1886,43.5891],[3.1893,43.5892],[3.1899,43.5893],[3.1901,43.5893],[3.191,43.5896]]]}},{"type":"Feature","properties":{"MI_PRINX":3668042.0,"CARTE":264,"CODE":3316,"CODE_LEG":424,"NOTATION":"h1MF","DESCR":"Calcaires et lydiennes à nodules phosphatés du Pic de Vissou et de la Serre - Nappes des Monts de Faugères (Tournaisien)","C_FOND":20,"M_FOND":40,"J_FOND":70,"N_FOND":0,"NOM_SYMB":null,"C_SYMB":-1,"M_SYMB":-1,"J_SYMB":-1,"N_SYMB":-1,"ROT_SYMB":0,"score_potentiel":70,"niveau_potentiel":"Très élevé 🌟","pente_degres":32.6,"type_affleurement":"Affleurement Fort (Falaise / Ravine) 🔴","score_relieffiltered":100.0},"geometry":{"type":"Polygon","coordinates":[[[3.2379,43.5934],[3.2374,43.5934],[3.2372,43.5934],[3.2366,43.5934],[3.2364,43.5934],[3.2359,43.5934],[3.2349,43.5932],[3.2337,43.593],[3.2332,43.593],[3.2323,43.593],[3.2313,43.5931],[3.2304,43.5931],[3.2295,43.5928],[3.229,43.5928],[3.2286,43.5929],[3.2291,43.5933],[3.2292,43.5934],[3.2295,43.5934],[3.2302,43.5935],[3.2311,43.5936],[3.2315,43.5937],[3.2328,43.5937],[3.2334,43.5937],[3.2338,43.5937],[3.2343,43.5938],[3.2346,43.5938],[3.2352,43.5938],[3.2356,43.5938],[3.2366,43.5939],[3.2372,43.5939],[3.2381,43.5939],[3.2391,43.594],[3.2396,43.594],[3.2402,43.594],[3.2411,43.5942],[3.2415,43.5942],[3.2408,43.5939],[3.2394,43.5936],[3.2385,43.5935],[3.2379,43.5934]]]}},{"type":"Feature","properties":{"MI_PRINX":3668051.0,"CARTE":264,"CODE":3316,"CODE_LEG":424,"NOTATION":"h1MF","DESCR":"Calcaires et lydiennes à nodules phosphatés du Pic de Vissou et de la Serre - Nappes des Monts de Faugères (Tournaisien)","C_FOND":20,"M_FOND":40,"J_FOND":70,"N_FOND":0,"NOM_SYMB":null,"C_SYMB":-1,"M_SYMB":-1,"J_SYMB":-1,"N_SYMB":-1,"ROT_SYMB":0,"score_potentiel":70,"niveau_potentiel":"Très élevé 🌟","pente_degres":33.2,"type_affleurement":"Affleurement Fort (Falaise / Ravine) 🔴","score_relieffiltered":100.0},"geometry":{"type":"Polygon","coordinates":[[[3.1853,43.5942],[3.185,43.5941],[3.1843,43.594],[3.1843,43.5939],[3.1841,43.5939],[3.1837,43.5939],[3.1836,43.5939],[3.1828,43.5938],[3.1818,43.5938],[3.1812,43.5938],[3.1803,43.5939],[3.1802,43.5939],[3.1801,43.594],[3.1799,43.594],[3.1793,43.5942],[3.179,43.5943],[3.1783,43.5944],[3.1775,43.5939],[3.1766,43.5936],[3.1764,43.5936],[3.1759,43.5936],[3.1754,43.5935],[3.1756,43.5933],[3.1758,43.5933],[3.1761,43.5933],[3.1767,43.5932],[3.177,43.593],[3.177,43.593],[3.1764,43.5928],[3.1761,43.5928],[3.1758,43.5927],[3.175,43.5927],[3.1743,43.5927],[3.1737,43.5927],[3.1734,43.5927],[3.1733,43.5927],[3.1729,43.5926],[3.1721,43.5923],[3.1718,43.5925],[3.1724,43.5928],[3.1734,43.593],[3.174,43.5931],[3.1752,43.5931],[3.1754,43.5931],[3.1752,43.5932],[3.1749,43.5934],[3.175,43.5936],[3.1754,43.5938],[3.1762,43.5939],[3.1763,43.5939],[3.1764,43.5939],[3.1771,43.5941],[3.1784,43.5947],[3.179,43.5947],[3.1803,43.5942],[3.1808,43.5941],[3.181,43.5941],[3.1813,43.5941],[3.1825,43.5941],[3.184,43.5943],[3.185,43.5945],[3.1851,43.5945],[3.1853,43.5943],[3.1853,43.5942]]]}},{"type":"Feature","properties":{"MI_PRINX":3658915.0,"CARTE":264,"CODE":50,"CODE_LEG":50,"NOTATION":"Fy","DESCR":"Blocs, galets et graviers de calcaires siliceux, de grès, de quartz, de lydiennes, de porphyrites et de débris basaltiques (Terrasses glaciaires Würm)","C_FOND":10,"M_FOND":0,"J_FOND":10,"N_FOND":0,"NOM_SYMB":null,"C_SYMB":-1,"M_SYMB":-1,"J_SYMB":-1,"N_SYMB":-1,"ROT_SYMB":0,"score_potentiel":70,"niveau_potentiel":"Très élevé 🌟","pente_degres":18.3,"type_affleurement":"Affleurement Moyen (Escarpement) 🟠","score_relieffiltered":81.6},"geometry":{"type":"Polygon","coordinates":[[[3.7443,43.903],[3.7442,43.9027],[3.744,43.9024],[3.7438,43.9023],[3.7436,43.9021],[3.7433,43.9019],[3.743,43.9016],[3.7427,43.9014],[3.7423,43.9011],[3.742,43.9008],[3.7417,43.9005],[3.7415,43.9003],[3.7413,43.9001],[3.7412,43.8999],[3.741,43.8996],[3.7409,43.8993],[3.7408,43.8991],[3.7407,43.8989],[3.7406,43.8986],[3.7406,43.8983],[3.7405,43.8979],[3.7406,43.8976],[3.7406,43.8973],[3.7407,43.897],[3.7408,43.8968],[3.741,43.8965],[3.7411,43.8962],[3.7413,43.896],[3.7414,43.8958],[3.7415,43.8955],[3.7417,43.8953],[3.7418,43.895],[3.7419,43.8948],[3.7419,43.8945],[3.7419,43.8944],[3.7419,43.8941],[3.7419,43.8939],[3.7418,43.8936],[3.7418,43.8933],[3.7417,43.893],[3.7417,43.8928],[3.7417,43.8926],[3.7418,43.8924],[3.742,43.8923],[3.7422,43.8922],[3.7418,43.8919],[3.7415,43.8917],[3.7413,43.8916],[3.7409,43.8916],[3.7404,43.8916],[3.7402,43.8914],[3.7399,43.8912],[3.7397,43.8909],[3.7396,43.8907],[3.7395,43.8906],[3.7392,43.8903],[3.7388,43.89],[3.7386,43.8898],[3.7384,43.8897],[3.738,43.8895],[3.7375,43.8892],[3.737,43.8891],[3.7366,43.8889],[3.7363,43.8888],[3.736,43.8885],[3.7357,43.8883],[3.7355,43.888],[3.7353,43.8878],[3.7352,43.8876],[3.7351,43.8873],[3.7351,43.887],[3.735,43.8867],[3.7349,43.8865],[3.7347,43.8862],[3.7345,43.886],[3.7342,43.8858],[3.734,43.8858],[3.7338,43.8858],[3.7337,43.886],[3.7337,43.886],[3.7336,43.8861],[3.7336,43.8864],[3.7335,43.8867],[3.7334,43.887],[3.7332,43.8875],[3.7332,43.8875],[3.7332,43.8878],[3.7332,43.8882],[3.7332,43.8886],[3.7332,43.889],[3.7331,43.8893],[3.7329,43.8895],[3.7328,43.8898],[3.7326,43.8901],[3.7325,43.8905],[3.7324,43.8909],[3.7324,43.8912],[3.7324,43.8915],[3.7326,43.8919],[3.7327,43.8923],[3.7329,43.8928],[3.7331,43.8933],[3.7333,43.8937],[3.7334,43.8942],[3.7337,43.8947],[3.734,43.8952],[3.7343,43.8958],[3.7344,43.896],[3.7345,43.8961],[3.7348,43.8963],[3.735,43.8966],[3.7352,43.8967],[3.7354,43.897],[3.7356,43.8972],[3.7357,43.8975],[3.7358,43.8977],[3.7358,43.8979],[3.7359,43.8981],[3.736,43.8983],[3.7362,43.8985],[3.7364,43.8989],[3.7366,43.8992],[3.7367,43.8996],[3.7367,43.9001],[3.7367,43.9005],[3.7367,43.9009],[3.7366,43.9012],[3.7366,43.9014],[3.7366,43.9016],[3.7366,43.9018],[3.7366,43.902],[3.7367,43.9022],[3.737,43.9026],[3.7372,43.9029],[3.7373,43.9032],[3.7373,43.9035],[3.7373,43.9038],[3.7374,43.9041],[3.7375,43.904],[3.7377,43.904],[3.7379,43.904],[3.7381,43.9041],[3.7382,43.9042],[3.7383,43.9041],[3.7384,43.904],[3.7387,43.9038],[3.7389,43.9037],[3.7393,43.9035],[3.7397,43.9034],[3.74,43.9034],[3.7404,43.9034],[3.7409,43.9035],[3.7413,43.9036],[3.7415,43.9035],[3.7417,43.9034],[3.742,43.9032],[3.7424,43.9031],[3.7427,43.903],[3.743,43.903],[3.7434,43.9029],[3.7439,43.9029],[3.7443,43.903]]]}},{"type":"Feature","properties":{"MI_PRINX":3658921.0,"CARTE":264,"CODE":50,"CODE_LEG":50,"NOTATION":"Fy","DESCR":"Blocs, galets et graviers de calcaires siliceux, de grès, de quartz, de lydiennes, de porphyrites et de débris basaltiques (Terrasses glaciaires Würm)","C_FOND":10,"M_FOND":0,"J_FOND":10,"N_FOND":0,"NOM_SYMB":null,"C_SYMB":-1,"M_SYMB":-1,"J_SYMB":-1,"N_SYMB":-1,"ROT_SYMB":0,"score_potentiel":70,"niveau_potentiel":"Très élevé 🌟","pente_degres":19.3,"type_affleurement":"Affleurement Moyen (Escarpement) 🟠","score_relieffiltered":83.0},"geometry":{"type":"Polygon","coordinates":[[[3.734,43.9032],[3.7339,43.9031],[3.7337,43.9028],[3.7334,43.9025],[3.733,43.9021],[3.7325,43.9017],[3.7321,43.9013],[3.7318,43.9011],[3.7316,43.901],[3.7313,43.9008],[3.7311,43.9006],[3.7309,43.9004],[3.7307,43.9003],[3.7307,43.9001],[3.7306,43.9],[3.7307,43.8999],[3.7305,43.8999],[3.7303,43.9001],[3.7302,43.9002],[3.73,43.9002],[3.7299,43.9001],[3.7298,43.9],[3.7299,43.8999],[3.7299,43.8998],[3.7301,43.8997],[3.7303,43.8996],[3.7305,43.8996],[3.7307,43.8996],[3.7308,43.8997],[3.7309,43.8996],[3.731,43.8994],[3.7312,43.8991],[3.7314,43.8988],[3.7314,43.8986],[3.7314,43.8984],[3.7314,43.8982],[3.7312,43.8978],[3.7311,43.8975],[3.7309,43.8972],[3.7307,43.8969],[3.7306,43.8967],[3.7303,43.8965],[3.7301,43.8961],[3.7298,43.8958],[3.7297,43.8957],[3.7296,43.8955],[3.7296,43.8953],[3.7296,43.8951],[3.7294,43.8952],[3.7292,43.8953],[3.729,43.8953],[3.7287,43.8953],[3.7283,43.8954],[3.7279,43.8955],[3.7276,43.8956],[3.7273,43.8958],[3.727,43.896],[3.7267,43.8962],[3.7265,43.8965],[3.7263,43.8967],[3.7262,43.8971],[3.7261,43.8975],[3.726,43.8978],[3.7259,43.898],[3.7258,43.8981],[3.7256,43.8982],[3.7253,43.8984],[3.7254,43.8985],[3.7257,43.8986],[3.726,43.8988],[3.7262,43.899],[3.7265,43.8993],[3.7267,43.8996],[3.7269,43.8999],[3.727,43.9002],[3.727,43.9005],[3.7269,43.9007],[3.7268,43.9011],[3.7267,43.9014],[3.7265,43.9017],[3.7263,43.902],[3.7262,43.9022],[3.7263,43.9022],[3.7264,43.9021],[3.7266,43.9019],[3.7269,43.9018],[3.7272,43.9017],[3.7274,43.9016],[3.7277,43.9016],[3.7281,43.9016],[3.7285,43.9017],[3.7289,43.9017],[3.7295,43.9018],[3.7301,43.9018],[3.7305,43.9019],[3.7308,43.902],[3.7312,43.9021],[3.7316,43.9023],[3.7321,43.9025],[3.7325,43.9027],[3.7329,43.9029],[3.7332,43.903],[3.7334,43.903],[3.7337,43.9031],[3.734,43.9032]]]}},{"type":"Feature","properties":{"MI_PRINX":3658986.0,"CARTE":264,"CODE":50,"CODE_LEG":50,"NOTATION":"Fy","DESCR":"Blocs, galets et graviers de calcaires siliceux, de grès, de quartz, de lydiennes, de porphyrites et de débris basaltiques (Terrasses glaciaires Würm)","C_FOND":10,"M_FOND":0,"J_FOND":10,"N_FOND":0,"NOM_SYMB":null,"C_SYMB":-1,"M_SYMB":-1,"J_SYMB":-1,"N_SYMB":-1,"ROT_SYMB":0,"score_potentiel":70,"niveau_potentiel":"Très élevé 🌟","pente_degres":18.1,"type_affleurement":"Affleurement Moyen (Escarpement) 🟠","score_relieffiltered":81.3},"geometry":{"type":"Polygon","coordinates":[[[3.7467,43.891],[3.7464,43.8908],[3.746,43.8905],[3.7454,43.8901],[3.7447,43.8895],[3.7441,43.889],[3.7436,43.8886],[3.7432,43.8883],[3.7429,43.8881],[3.7427,43.888],[3.7425,43.8879],[3.7422,43.8878],[3.7419,43.8877],[3.7417,43.8877],[3.7414,43.8877],[3.7413,43.8877],[3.7411,43.8877],[3.7409,43.8877],[3.7405,43.8877],[3.7406,43.8878],[3.7406,43.888],[3.7407,43.8882],[3.7408,43.8885],[3.741,43.8887],[3.7412,43.8889],[3.7416,43.889],[3.7419,43.8892],[3.7422,43.8894],[3.7424,43.8896],[3.7425,43.8897],[3.7426,43.8899],[3.7427,43.8902],[3.7428,43.8904],[3.743,43.8906],[3.7433,43.8908],[3.7436,43.8909],[3.7439,43.891],[3.7443,43.8911],[3.7447,43.8911],[3.7451,43.8911],[3.7456,43.8911],[3.7461,43.8911],[3.7467,43.891]]]}},{"type":"Feature","properties":{"MI_PRINX":3658968.0,"CARTE":264,"CODE":50,"CODE_LEG":50,"NOTATION":"Fy","DESCR":"Blocs, galets et graviers de calcaires siliceux, de grès, de quartz, de lydiennes, de porphyrites et de débris basaltiques (Terrasses glaciaires Würm)","C_FOND":10,"M_FOND":0,"J_FOND":10,"N_FOND":0,"NOM_SYMB":null,"C_SYMB":-1,"M_SYMB":-1,"J_SYMB":-1,"N_SYMB":-1,"ROT_SYMB":0,"score_potentiel":70,"niveau_potentiel":"Très élevé 🌟","pente_degres":20.2,"type_affleurement":"Affleurement Moyen (Escarpement) 🟠","score_relieffiltered":84.3},"geometry":{"type":"Polygon","coordinates":[[[3.7307,43.8934],[3.7306,43.8933],[3.7306,43.8929],[3.7305,43.8926],[3.7305,43.8924],[3.7306,43.8922],[3.7306,43.8919],[3.7307,43.8916],[3.7308,43.8913],[3.731,43.8911],[3.7311,43.8909],[3.7311,43.8906],[3.7313,43.8904],[3.7313,43.8903],[3.7312,43.8901],[3.7311,43.8901],[3.731,43.89],[3.7309,43.8899],[3.7309,43.8897],[3.731,43.8896],[3.7311,43.8895],[3.7313,43.8896],[3.7313,43.8892],[3.7314,43.8889],[3.7315,43.8885],[3.7316,43.8881],[3.7317,43.8878],[3.7317,43.8875],[3.7317,43.8872],[3.7317,43.887],[3.7316,43.8867],[3.7315,43.8863],[3.7315,43.886],[3.7315,43.8857],[3.7315,43.8854],[3.7314,43.8851],[3.7314,43.8848],[3.7313,43.8846],[3.7312,43.8843],[3.7311,43.8841],[3.731,43.884],[3.7308,43.8838],[3.7306,43.8836],[3.7302,43.8835],[3.7298,43.8833],[3.7295,43.8831],[3.7291,43.883],[3.7287,43.8828],[3.7284,43.8827],[3.728,43.8826],[3.7276,43.8825],[3.7273,43.8824],[3.727,43.8823],[3.7269,43.8823],[3.7267,43.8823],[3.7266,43.8823],[3.7265,43.8824],[3.7265,43.8825],[3.7262,43.8825],[3.7258,43.8823],[3.7254,43.8821],[3.7249,43.882],[3.7245,43.8818],[3.7241,43.8816],[3.7237,43.8814],[3.7232,43.8813],[3.7228,43.8811],[3.7225,43.881],[3.7221,43.8808],[3.7218,43.8805],[3.7215,43.8804],[3.7213,43.8802],[3.7211,43.88],[3.721,43.8798],[3.7208,43.8796],[3.7206,43.8793],[3.7204,43.879],[3.7203,43.8787],[3.7202,43.8785],[3.7202,43.8783],[3.7202,43.8781],[3.7201,43.8779],[3.72,43.8777],[3.7198,43.8775],[3.7197,43.8773],[3.7195,43.8772],[3.7193,43.877],[3.7191,43.8767],[3.719,43.8765],[3.7188,43.8763],[3.7188,43.8762],[3.7187,43.8762],[3.7186,43.8763],[3.7185,43.8763],[3.7185,43.8765],[3.7185,43.8767],[3.7184,43.877],[3.7184,43.8773],[3.7183,43.8775],[3.7182,43.8777],[3.7182,43.8779],[3.7182,43.8781],[3.7183,43.8784],[3.7184,43.8786],[3.7184,43.8789],[3.7186,43.8791],[3.7188,43.8793],[3.719,43.8796],[3.7192,43.8797],[3.7195,43.8799],[3.7198,43.8802],[3.7201,43.8804],[3.7203,43.8806],[3.7205,43.8808],[3.7206,43.881],[3.7208,43.8813],[3.721,43.8816],[3.7211,43.8818],[3.7213,43.8821],[3.7214,43.8824],[3.7214,43.8827],[3.7215,43.883],[3.7215,43.8833],[3.7216,43.8836],[3.7216,43.8837],[3.7216,43.8838],[3.7218,43.884],[3.7219,43.8841],[3.7221,43.8843],[3.7223,43.8844],[3.7226,43.8845],[3.723,43.8846],[3.7233,43.8848],[3.7236,43.885],[3.7239,43.8851],[3.7243,43.8853],[3.7245,43.8855],[3.7248,43.8856],[3.725,43.8858],[3.7253,43.8861],[3.7256,43.8863],[3.7259,43.8862],[3.7261,43.8862],[3.7263,43.8863],[3.7264,43.8864],[3.7265,43.8865],[3.7265,43.8867],[3.7265,43.8869],[3.7266,43.8871],[3.7265,43.8874],[3.7264,43.8877],[3.7263,43.888],[3.7262,43.8883],[3.7261,43.8886],[3.7261,43.8888],[3.7261,43.8889],[3.7262,43.8891],[3.7264,43.8893],[3.7266,43.8894],[3.727,43.8894],[3.7274,43.8895],[3.7278,43.8895],[3.7281,43.8896],[3.7282,43.8897],[3.7284,43.8897],[3.7286,43.8899],[3.7288,43.89],[3.7289,43.8902],[3.7291,43.8904],[3.7291,43.8906],[3.7292,43.8908],[3.7292,43.891],[3.7292,43.8912],[3.7292,43.8914],[3.7291,43.8916],[3.729,43.8917],[3.729,43.8919],[3.729,43.892],[3.7291,43.8922],[3.7291,43.8923],[3.7293,43.8925],[3.7295,43.8926],[3.7298,43.8928],[3.73,43.8929],[3.7302,43.8931],[3.7304,43.8932],[3.7306,43.8934],[3.7307,43.8934]]]}}]}